latitude,longitude,altitude
degrees_north,degrees_east,m
-89.0,-179.0,2987
-89.0,-177.0,2978
-89.0,-175.0,2968
-89.0,-173.0,2959
-89.0,-171.0,2949
-89.0,-169.0,2938
-89.0,-167.0,2928
-89.0,-165.0,2917
-89.0,-163.0,2908
-89.0,-161.0,2899
-89.0,-159.0,2892
-89.0,-157.0,2887
-89.0,-155.0,2883
-89.0,-153.0,2880
-89.0,-151.0,2878
-89.0,-149.0,2876
-89.0,-147.0,2874
-89.0,-145.0,2872
-89.0,-143.0,2869
-89.0,-141.0,2866
-89.0,-139.0,2862
-89.0,-137.0,2856
-89.0,-135.0,2850
-89.0,-133.0,2842
-89.0,-131.0,2835
-89.0,-129.0,2827
-89.0,-127.0,2819
-89.0,-125.0,2812
-89.0,-123.0,2806
-89.0,-121.0,2800
-89.0,-119.0,2796
-89.0,-117.0,2791
-89.0,-115.0,2788
-89.0,-113.0,2783
-89.0,-111.0,2780
-89.0,-109.0,2777
-89.0,-107.0,2774
-89.0,-105.0,2770
-89.0,-103.0,2764
-89.0,-101.0,2757
-89.0,-99.0,2749
-89.0,-97.0,2739
-89.0,-95.0,2726
-89.0,-93.0,2714
-89.0,-91.0,2702
-89.0,-89.0,2692
-89.0,-87.0,2681
-89.0,-85.0,2673
-89.0,-83.0,2666
-89.0,-81.0,2661
-89.0,-79.0,2656
-89.0,-77.0,2652
-89.0,-75.0,2649
-89.0,-73.0,2645
-89.0,-71.0,2642
-89.0,-69.0,2639
-89.0,-67.0,2637
-89.0,-65.0,2634
-89.0,-63.0,2634
-89.0,-61.0,2632
-89.0,-59.0,2632
-89.0,-57.0,2631
-89.0,-55.0,2630
-89.0,-53.0,2630
-89.0,-51.0,2630
-89.0,-49.0,2630
-89.0,-47.0,2630
-89.0,-45.0,2630
-89.0,-43.0,2630
-89.0,-41.0,2629
-89.0,-39.0,2630
-89.0,-37.0,2631
-89.0,-35.0,2631
-89.0,-33.0,2632
-89.0,-31.0,2632
-89.0,-29.0,2634
-89.0,-27.0,2635
-89.0,-25.0,2636
-89.0,-23.0,2638
-89.0,-21.0,2640
-89.0,-19.0,2642
-89.0,-17.0,2644
-89.0,-15.0,2647
-89.0,-13.0,2650
-89.0,-11.0,2652
-89.0,-9.0,2655
-89.0,-7.0,2658
-89.0,-5.0,2662
-89.0,-3.0,2665
-89.0,-1.0,2670
-89.0,1.0,2674
-89.0,3.0,2680
-89.0,5.0,2685
-89.0,7.0,2691
-89.0,9.0,2698
-89.0,11.0,2704
-89.0,13.0,2711
-89.0,15.0,2717
-89.0,17.0,2724
-89.0,19.0,2731
-89.0,21.0,2738
-89.0,23.0,2746
-89.0,25.0,2754
-89.0,27.0,2763
-89.0,29.0,2770
-89.0,31.0,2780
-89.0,33.0,2789
-89.0,35.0,2800
-89.0,37.0,2812
-89.0,39.0,2827
-89.0,41.0,2845
-89.0,43.0,2867
-89.0,45.0,2889
-89.0,47.0,2913
-89.0,49.0,2936
-89.0,51.0,2958
-89.0,53.0,2974
-89.0,55.0,2988
-89.0,57.0,2998
-89.0,59.0,3007
-89.0,61.0,3013
-89.0,63.0,3018
-89.0,65.0,3020
-89.0,67.0,3020
-89.0,69.0,3019
-89.0,71.0,3016
-89.0,73.0,3012
-89.0,75.0,3006
-89.0,77.0,3002
-89.0,79.0,2996
-89.0,81.0,2992
-89.0,83.0,2987
-89.0,85.0,2983
-89.0,87.0,2980
-89.0,89.0,2976
-89.0,91.0,2973
-89.0,93.0,2970
-89.0,95.0,2968
-89.0,97.0,2968
-89.0,99.0,2966
-89.0,101.0,2966
-89.0,103.0,2965
-89.0,105.0,2966
-89.0,107.0,2967
-89.0,109.0,2968
-89.0,111.0,2969
-89.0,113.0,2970
-89.0,115.0,2972
-89.0,117.0,2972
-89.0,119.0,2971
-89.0,121.0,2969
-89.0,123.0,2966
-89.0,125.0,2964
-89.0,127.0,2961
-89.0,129.0,2958
-89.0,131.0,2956
-89.0,133.0,2954
-89.0,135.0,2952
-89.0,137.0,2951
-89.0,139.0,2951
-89.0,141.0,2952
-89.0,143.0,2955
-89.0,145.0,2958
-89.0,147.0,2963
-89.0,149.0,2968
-89.0,151.0,2973
-89.0,153.0,2980
-89.0,155.0,2986
-89.0,157.0,2992
-89.0,159.0,2998
-89.0,161.0,3002
-89.0,163.0,3007
-89.0,165.0,3012
-89.0,167.0,3014
-89.0,169.0,3015
-89.0,171.0,3014
-89.0,173.0,3011
-89.0,175.0,3007
-89.0,177.0,3001
-89.0,179.0,2994
-87.0,-179.0,2974
-87.0,-177.0,2946
-87.0,-175.0,2894
-87.0,-173.0,2822
-87.0,-171.0,2682
-87.0,-169.0,2586
-87.0,-167.0,2470
-87.0,-165.0,2368
-87.0,-163.0,2529
-87.0,-161.0,2612
-87.0,-159.0,2558
-87.0,-157.0,2521
-87.0,-155.0,2426
-87.0,-153.0,2177
-87.0,-151.0,2162
-87.0,-149.0,2172
-87.0,-147.0,2168
-87.0,-145.0,2361
-87.0,-143.0,2447
-87.0,-141.0,2560
-87.0,-139.0,2593
-87.0,-137.0,2539
-87.0,-135.0,2482
-87.0,-133.0,2458
-87.0,-131.0,2468
-87.0,-129.0,2481
-87.0,-127.0,2493
-87.0,-125.0,2497
-87.0,-123.0,2501
-87.0,-121.0,2510
-87.0,-119.0,2521
-87.0,-117.0,2532
-87.0,-115.0,2538
-87.0,-113.0,2540
-87.0,-111.0,2536
-87.0,-109.0,2528
-87.0,-107.0,2515
-87.0,-105.0,2492
-87.0,-103.0,2458
-87.0,-101.0,2417
-87.0,-99.0,2363
-87.0,-97.0,2292
-87.0,-95.0,2226
-87.0,-93.0,2181
-87.0,-91.0,2153
-87.0,-89.0,2148
-87.0,-87.0,2164
-87.0,-85.0,2187
-87.0,-83.0,2205
-87.0,-81.0,2216
-87.0,-79.0,2223
-87.0,-77.0,2229
-87.0,-75.0,2239
-87.0,-73.0,2252
-87.0,-71.0,2267
-87.0,-69.0,2274
-87.0,-67.0,2266
-87.0,-65.0,2255
-87.0,-63.0,2256
-87.0,-61.0,2262
-87.0,-59.0,2253
-87.0,-57.0,2235
-87.0,-55.0,2211
-87.0,-53.0,2197
-87.0,-51.0,2196
-87.0,-49.0,2197
-87.0,-47.0,2201
-87.0,-45.0,2205
-87.0,-43.0,2207
-87.0,-41.0,2213
-87.0,-39.0,2219
-87.0,-37.0,2224
-87.0,-35.0,2227
-87.0,-33.0,2233
-87.0,-31.0,2244
-87.0,-29.0,2263
-87.0,-27.0,2284
-87.0,-25.0,2304
-87.0,-23.0,2320
-87.0,-21.0,2338
-87.0,-19.0,2360
-87.0,-17.0,2388
-87.0,-15.0,2418
-87.0,-13.0,2447
-87.0,-11.0,2472
-87.0,-9.0,2494
-87.0,-7.0,2514
-87.0,-5.0,2530
-87.0,-3.0,2547
-87.0,-1.0,2564
-87.0,1.0,2580
-87.0,3.0,2600
-87.0,5.0,2622
-87.0,7.0,2643
-87.0,9.0,2663
-87.0,11.0,2678
-87.0,13.0,2690
-87.0,15.0,2701
-87.0,17.0,2714
-87.0,19.0,2726
-87.0,21.0,2737
-87.0,23.0,2751
-87.0,25.0,2768
-87.0,27.0,2785
-87.0,29.0,2806
-87.0,31.0,2828
-87.0,33.0,2850
-87.0,35.0,2875
-87.0,37.0,2903
-87.0,39.0,2934
-87.0,41.0,2964
-87.0,43.0,2992
-87.0,45.0,3016
-87.0,47.0,3036
-87.0,49.0,3051
-87.0,51.0,3062
-87.0,53.0,3070
-87.0,55.0,3074
-87.0,57.0,3074
-87.0,59.0,3075
-87.0,61.0,3076
-87.0,63.0,3075
-87.0,65.0,3075
-87.0,67.0,3075
-87.0,69.0,3074
-87.0,71.0,3073
-87.0,73.0,3072
-87.0,75.0,3070
-87.0,77.0,3069
-87.0,79.0,3067
-87.0,81.0,3066
-87.0,83.0,3066
-87.0,85.0,3066
-87.0,87.0,3068
-87.0,89.0,3069
-87.0,91.0,3070
-87.0,93.0,3073
-87.0,95.0,3076
-87.0,97.0,3077
-87.0,99.0,3078
-87.0,101.0,3077
-87.0,103.0,3078
-87.0,105.0,3078
-87.0,107.0,3076
-87.0,109.0,3075
-87.0,111.0,3072
-87.0,113.0,3067
-87.0,115.0,3060
-87.0,117.0,3050
-87.0,119.0,3040
-87.0,121.0,3030
-87.0,123.0,3019
-87.0,125.0,3009
-87.0,127.0,3000
-87.0,129.0,2991
-87.0,131.0,2982
-87.0,133.0,2975
-87.0,135.0,2968
-87.0,137.0,2961
-87.0,139.0,2953
-87.0,141.0,2945
-87.0,143.0,2936
-87.0,145.0,2930
-87.0,147.0,2926
-87.0,149.0,2922
-87.0,151.0,2922
-87.0,153.0,2922
-87.0,155.0,2924
-87.0,157.0,2929
-87.0,159.0,2936
-87.0,161.0,2945
-87.0,163.0,2954
-87.0,165.0,2963
-87.0,167.0,2966
-87.0,169.0,2966
-87.0,171.0,2968
-87.0,173.0,2970
-87.0,175.0,2974
-87.0,177.0,2977
-87.0,179.0,2979
-85.0,-179.0,1963
-85.0,-177.0,1010
-85.0,-175.0,1547
-85.0,-173.0,2381
-85.0,-171.0,2073
-85.0,-169.0,740
-85.0,-167.0,630
-85.0,-165.0,63
-85.0,-163.0,60
-85.0,-161.0,61
-85.0,-159.0,62
-85.0,-157.0,62
-85.0,-155.0,62
-85.0,-153.0,61
-85.0,-151.0,62
-85.0,-149.0,76
-85.0,-147.0,104
-85.0,-145.0,158
-85.0,-143.0,221
-85.0,-141.0,281
-85.0,-139.0,330
-85.0,-137.0,422
-85.0,-135.0,561
-85.0,-133.0,662
-85.0,-131.0,800
-85.0,-129.0,931
-85.0,-127.0,1031
-85.0,-125.0,1155
-85.0,-123.0,1259
-85.0,-121.0,1677
-85.0,-119.0,1757
-85.0,-117.0,1867
-85.0,-115.0,1958
-85.0,-113.0,2041
-85.0,-111.0,2074
-85.0,-109.0,2061
-85.0,-107.0,2120
-85.0,-105.0,2164
-85.0,-103.0,2227
-85.0,-101.0,2336
-85.0,-99.0,2210
-85.0,-97.0,2221
-85.0,-95.0,2233
-85.0,-93.0,2065
-85.0,-91.0,2010
-85.0,-89.0,1860
-85.0,-87.0,1765
-85.0,-85.0,1558
-85.0,-83.0,1373
-85.0,-81.0,1269
-85.0,-79.0,1190
-85.0,-77.0,1166
-85.0,-75.0,1170
-85.0,-73.0,1182
-85.0,-71.0,1211
-85.0,-69.0,1330
-85.0,-67.0,1427
-85.0,-65.0,1553
-85.0,-63.0,1549
-85.0,-61.0,1295
-85.0,-59.0,1294
-85.0,-57.0,1358
-85.0,-55.0,1442
-85.0,-53.0,1488
-85.0,-51.0,1512
-85.0,-49.0,1536
-85.0,-47.0,1571
-85.0,-45.0,1618
-85.0,-43.0,1681
-85.0,-41.0,1730
-85.0,-39.0,1771
-85.0,-37.0,1838
-85.0,-35.0,1913
-85.0,-33.0,1962
-85.0,-31.0,2010
-85.0,-29.0,2054
-85.0,-27.0,2086
-85.0,-25.0,2128
-85.0,-23.0,2173
-85.0,-21.0,2228
-85.0,-19.0,2280
-85.0,-17.0,2323
-85.0,-15.0,2358
-85.0,-13.0,2391
-85.0,-11.0,2421
-85.0,-9.0,2449
-85.0,-7.0,2482
-85.0,-5.0,2508
-85.0,-3.0,2530
-85.0,-1.0,2544
-85.0,1.0,2562
-85.0,3.0,2579
-85.0,5.0,2590
-85.0,7.0,2600
-85.0,9.0,2611
-85.0,11.0,2625
-85.0,13.0,2636
-85.0,15.0,2644
-85.0,17.0,2653
-85.0,19.0,2665
-85.0,21.0,2678
-85.0,23.0,2695
-85.0,25.0,2727
-85.0,27.0,2775
-85.0,29.0,2824
-85.0,31.0,2873
-85.0,33.0,2934
-85.0,35.0,2996
-85.0,37.0,3067
-85.0,39.0,3130
-85.0,41.0,3183
-85.0,43.0,3236
-85.0,45.0,3286
-85.0,47.0,3317
-85.0,49.0,3334
-85.0,51.0,3343
-85.0,53.0,3352
-85.0,55.0,3362
-85.0,57.0,3374
-85.0,59.0,3386
-85.0,61.0,3398
-85.0,63.0,3407
-85.0,65.0,3416
-85.0,67.0,3424
-85.0,69.0,3430
-85.0,71.0,3430
-85.0,73.0,3428
-85.0,75.0,3424
-85.0,77.0,3410
-85.0,79.0,3390
-85.0,81.0,3374
-85.0,83.0,3356
-85.0,85.0,3342
-85.0,87.0,3324
-85.0,89.0,3310
-85.0,91.0,3298
-85.0,93.0,3279
-85.0,95.0,3258
-85.0,97.0,3239
-85.0,99.0,3220
-85.0,101.0,3199
-85.0,103.0,3176
-85.0,105.0,3154
-85.0,107.0,3128
-85.0,109.0,3101
-85.0,111.0,3081
-85.0,113.0,3060
-85.0,115.0,3031
-85.0,117.0,3003
-85.0,119.0,2976
-85.0,121.0,2953
-85.0,123.0,2930
-85.0,125.0,2909
-85.0,127.0,2886
-85.0,129.0,2856
-85.0,131.0,2820
-85.0,133.0,2790
-85.0,135.0,2776
-85.0,137.0,2768
-85.0,139.0,2755
-85.0,141.0,2728
-85.0,143.0,2703
-85.0,145.0,2682
-85.0,147.0,2669
-85.0,149.0,2660
-85.0,151.0,2648
-85.0,153.0,2622
-85.0,155.0,2572
-85.0,157.0,2480
-85.0,159.0,2410
-85.0,161.0,2350
-85.0,163.0,2193
-85.0,165.0,1726
-85.0,167.0,1493
-85.0,169.0,1667
-85.0,171.0,1683
-85.0,173.0,3136
-85.0,175.0,2936
-85.0,177.0,3466
-85.0,179.0,2194
-83.0,-179.0,25
-83.0,-177.0,21
-83.0,-175.0,18
-83.0,-173.0,86
-83.0,-171.0,18
-83.0,-169.0,17
-83.0,-167.0,20
-83.0,-165.0,20
-83.0,-163.0,18
-83.0,-161.0,19
-83.0,-159.0,45
-83.0,-157.0,37
-83.0,-155.0,45
-83.0,-153.0,85
-83.0,-151.0,114
-83.0,-149.0,160
-83.0,-147.0,174
-83.0,-145.0,279
-83.0,-143.0,410
-83.0,-141.0,564
-83.0,-139.0,572
-83.0,-137.0,505
-83.0,-135.0,448
-83.0,-133.0,466
-83.0,-131.0,503
-83.0,-129.0,565
-83.0,-127.0,648
-83.0,-125.0,726
-83.0,-123.0,812
-83.0,-121.0,918
-83.0,-119.0,1069
-83.0,-117.0,1212
-83.0,-115.0,1303
-83.0,-113.0,1398
-83.0,-111.0,1585
-83.0,-109.0,1693
-83.0,-107.0,1865
-83.0,-105.0,2035
-83.0,-103.0,2085
-83.0,-101.0,2014
-83.0,-99.0,1948
-83.0,-97.0,1923
-83.0,-95.0,1904
-83.0,-93.0,1824
-83.0,-91.0,1683
-83.0,-89.0,1616
-83.0,-87.0,1450
-83.0,-85.0,1340
-83.0,-83.0,1213
-83.0,-81.0,1117
-83.0,-79.0,1017
-83.0,-77.0,838
-83.0,-75.0,707
-83.0,-73.0,577
-83.0,-71.0,519
-83.0,-69.0,472
-83.0,-67.0,408
-83.0,-65.0,311
-83.0,-63.0,156
-83.0,-61.0,98
-83.0,-59.0,102
-83.0,-57.0,426
-83.0,-55.0,836
-83.0,-53.0,1056
-83.0,-51.0,1269
-83.0,-49.0,1249
-83.0,-47.0,680
-83.0,-45.0,644
-83.0,-43.0,615
-83.0,-41.0,832
-83.0,-39.0,1396
-83.0,-37.0,1439
-83.0,-35.0,1491
-83.0,-33.0,1538
-83.0,-31.0,1587
-83.0,-29.0,1618
-83.0,-27.0,1632
-83.0,-25.0,1642
-83.0,-23.0,1666
-83.0,-21.0,1706
-83.0,-19.0,1774
-83.0,-17.0,1844
-83.0,-15.0,1921
-83.0,-13.0,1984
-83.0,-11.0,2026
-83.0,-9.0,2070
-83.0,-7.0,2113
-83.0,-5.0,2162
-83.0,-3.0,2222
-83.0,-1.0,2282
-83.0,1.0,2343
-83.0,3.0,2395
-83.0,5.0,2434
-83.0,7.0,2468
-83.0,9.0,2500
-83.0,11.0,2518
-83.0,13.0,2532
-83.0,15.0,2550
-83.0,17.0,2576
-83.0,19.0,2603
-83.0,21.0,2635
-83.0,23.0,2688
-83.0,25.0,2742
-83.0,27.0,2817
-83.0,29.0,2898
-83.0,31.0,2958
-83.0,33.0,3013
-83.0,35.0,3075
-83.0,37.0,3155
-83.0,39.0,3247
-83.0,41.0,3326
-83.0,43.0,3369
-83.0,45.0,3404
-83.0,47.0,3442
-83.0,49.0,3488
-83.0,51.0,3536
-83.0,53.0,3583
-83.0,55.0,3624
-83.0,57.0,3664
-83.0,59.0,3703
-83.0,61.0,3744
-83.0,63.0,3788
-83.0,65.0,3822
-83.0,67.0,3841
-83.0,69.0,3844
-83.0,71.0,3840
-83.0,73.0,3828
-83.0,75.0,3808
-83.0,77.0,3786
-83.0,79.0,3758
-83.0,81.0,3727
-83.0,83.0,3694
-83.0,85.0,3653
-83.0,87.0,3615
-83.0,89.0,3579
-83.0,91.0,3546
-83.0,93.0,3515
-83.0,95.0,3470
-83.0,97.0,3410
-83.0,99.0,3362
-83.0,101.0,3322
-83.0,103.0,3284
-83.0,105.0,3253
-83.0,107.0,3224
-83.0,109.0,3195
-83.0,111.0,3148
-83.0,113.0,3069
-83.0,115.0,3004
-83.0,117.0,2974
-83.0,119.0,2944
-83.0,121.0,2898
-83.0,123.0,2857
-83.0,125.0,2824
-83.0,127.0,2804
-83.0,129.0,2777
-83.0,131.0,2720
-83.0,133.0,2659
-83.0,135.0,2610
-83.0,137.0,2556
-83.0,139.0,2501
-83.0,141.0,2448
-83.0,143.0,2408
-83.0,145.0,2382
-83.0,147.0,2353
-83.0,149.0,2326
-83.0,151.0,2296
-83.0,153.0,2162
-83.0,155.0,1956
-83.0,157.0,1724
-83.0,159.0,1442
-83.0,161.0,2878
-83.0,163.0,1616
-83.0,165.0,731
-83.0,167.0,1135
-83.0,169.0,8
-83.0,171.0,10
-83.0,173.0,13
-83.0,175.0,12
-83.0,177.0,14
-83.0,179.0,23
-81.0,-179.0,5
-81.0,-177.0,3
-81.0,-175.0,1
-81.0,-173.0,3
-81.0,-171.0,4
-81.0,-169.0,1
-81.0,-167.0,4
-81.0,-165.0,6
-81.0,-163.0,12
-81.0,-161.0,18
-81.0,-159.0,22
-81.0,-157.0,24
-81.0,-155.0,29
-81.0,-153.0,35
-81.0,-151.0,37
-81.0,-149.0,48
-81.0,-147.0,183
-81.0,-145.0,204
-81.0,-143.0,251
-81.0,-141.0,276
-81.0,-139.0,326
-81.0,-137.0,450
-81.0,-135.0,590
-81.0,-133.0,682
-81.0,-131.0,743
-81.0,-129.0,808
-81.0,-127.0,940
-81.0,-125.0,1044
-81.0,-123.0,1154
-81.0,-121.0,1246
-81.0,-119.0,1335
-81.0,-117.0,1419
-81.0,-115.0,1518
-81.0,-113.0,1683
-81.0,-111.0,1799
-81.0,-109.0,1881
-81.0,-107.0,1946
-81.0,-105.0,2028
-81.0,-103.0,2095
-81.0,-101.0,2182
-81.0,-99.0,2269
-81.0,-97.0,2211
-81.0,-95.0,2110
-81.0,-93.0,2008
-81.0,-91.0,1872
-81.0,-89.0,1783
-81.0,-87.0,1668
-81.0,-85.0,1236
-81.0,-83.0,1054
-81.0,-81.0,886
-81.0,-79.0,625
-81.0,-77.0,323
-81.0,-75.0,154
-81.0,-73.0,134
-81.0,-71.0,100
-81.0,-69.0,97
-81.0,-67.0,97
-81.0,-65.0,92
-81.0,-63.0,88
-81.0,-61.0,78
-81.0,-59.0,92
-81.0,-57.0,96
-81.0,-55.0,98
-81.0,-53.0,85
-81.0,-51.0,92
-81.0,-49.0,91
-81.0,-47.0,94
-81.0,-45.0,94
-81.0,-43.0,96
-81.0,-41.0,90
-81.0,-39.0,83
-81.0,-37.0,153
-81.0,-35.0,513
-81.0,-33.0,806
-81.0,-31.0,916
-81.0,-29.0,929
-81.0,-27.0,1062
-81.0,-25.0,1085
-81.0,-23.0,1121
-81.0,-21.0,1241
-81.0,-19.0,1373
-81.0,-17.0,1629
-81.0,-15.0,1699
-81.0,-13.0,1739
-81.0,-11.0,1799
-81.0,-9.0,1849
-81.0,-7.0,1907
-81.0,-5.0,1994
-81.0,-3.0,2115
-81.0,-1.0,2194
-81.0,1.0,2311
-81.0,3.0,2415
-81.0,5.0,2493
-81.0,7.0,2533
-81.0,9.0,2559
-81.0,11.0,2626
-81.0,13.0,2688
-81.0,15.0,2747
-81.0,17.0,2815
-81.0,19.0,2866
-81.0,21.0,2940
-81.0,23.0,2988
-81.0,25.0,3078
-81.0,27.0,3131
-81.0,29.0,3193
-81.0,31.0,3282
-81.0,33.0,3324
-81.0,35.0,3402
-81.0,37.0,3456
-81.0,39.0,3503
-81.0,41.0,3552
-81.0,43.0,3594
-81.0,45.0,3641
-81.0,47.0,3678
-81.0,49.0,3727
-81.0,51.0,3756
-81.0,53.0,3783
-81.0,55.0,3804
-81.0,57.0,3817
-81.0,59.0,3837
-81.0,61.0,3857
-81.0,63.0,3882
-81.0,65.0,3912
-81.0,67.0,3932
-81.0,69.0,3955
-81.0,71.0,3991
-81.0,73.0,4034
-81.0,75.0,4071
-81.0,77.0,4057
-81.0,79.0,4023
-81.0,81.0,3983
-81.0,83.0,3936
-81.0,85.0,3898
-81.0,87.0,3855
-81.0,89.0,3802
-81.0,91.0,3754
-81.0,93.0,3700
-81.0,95.0,3663
-81.0,97.0,3614
-81.0,99.0,3571
-81.0,101.0,3518
-81.0,103.0,3477
-81.0,105.0,3432
-81.0,107.0,3375
-81.0,109.0,3294
-81.0,111.0,3246
-81.0,113.0,3204
-81.0,115.0,3167
-81.0,117.0,3110
-81.0,119.0,3030
-81.0,121.0,2956
-81.0,123.0,2889
-81.0,125.0,2835
-81.0,127.0,2789
-81.0,129.0,2699
-81.0,131.0,2620
-81.0,133.0,2561
-81.0,135.0,2504
-81.0,137.0,2421
-81.0,139.0,2349
-81.0,141.0,2279
-81.0,143.0,2216
-81.0,145.0,2113
-81.0,147.0,2027
-81.0,149.0,1857
-81.0,151.0,1615
-81.0,153.0,1251
-81.0,155.0,1019
-81.0,157.0,1707
-81.0,159.0,1105
-81.0,161.0,1
-81.0,163.0,2
-81.0,165.0,3
-81.0,167.0,2
-81.0,169.0,2
-81.0,171.0,3
-81.0,173.0,4
-81.0,175.0,4
-81.0,177.0,3
-81.0,179.0,4
-79.0,-179.0,-216
-79.0,-177.0,-215
-79.0,-175.0,-107
-79.0,-173.0,-97
-79.0,-171.0,-119
-79.0,-169.0,-72
-79.0,-167.0,1
-79.0,-165.0,-427
-79.0,-163.0,325
-79.0,-161.0,6
-79.0,-159.0,17
-79.0,-157.0,17
-79.0,-155.0,4
-79.0,-153.0,156
-79.0,-151.0,129
-79.0,-149.0,409
-79.0,-147.0,572
-79.0,-145.0,725
-79.0,-143.0,637
-79.0,-141.0,596
-79.0,-139.0,601
-79.0,-137.0,641
-79.0,-135.0,940
-79.0,-133.0,1043
-79.0,-131.0,1209
-79.0,-129.0,1370
-79.0,-127.0,1491
-79.0,-125.0,1484
-79.0,-123.0,1504
-79.0,-121.0,1535
-79.0,-119.0,1609
-79.0,-117.0,1694
-79.0,-115.0,1780
-79.0,-113.0,1778
-79.0,-111.0,1763
-79.0,-109.0,1763
-79.0,-107.0,1751
-79.0,-105.0,1769
-79.0,-103.0,1803
-79.0,-101.0,1870
-79.0,-99.0,1869
-79.0,-97.0,1852
-79.0,-95.0,1824
-79.0,-93.0,1814
-79.0,-91.0,1901
-79.0,-89.0,2016
-79.0,-87.0,1759
-79.0,-85.0,840
-79.0,-83.0,104
-79.0,-81.0,144
-79.0,-79.0,126
-79.0,-77.0,107
-79.0,-75.0,94
-79.0,-73.0,91
-79.0,-71.0,72
-79.0,-69.0,197
-79.0,-67.0,44
-79.0,-65.0,45
-79.0,-63.0,48
-79.0,-61.0,50
-79.0,-59.0,46
-79.0,-57.0,52
-79.0,-55.0,52
-79.0,-53.0,51
-79.0,-51.0,53
-79.0,-49.0,378
-79.0,-47.0,633
-79.0,-45.0,564
-79.0,-43.0,67
-79.0,-41.0,76
-79.0,-39.0,77
-79.0,-37.0,72
-79.0,-35.0,86
-79.0,-33.0,290
-79.0,-31.0,228
-79.0,-29.0,278
-79.0,-27.0,842
-79.0,-25.0,1109
-79.0,-23.0,1112
-79.0,-21.0,1147
-79.0,-19.0,1240
-79.0,-17.0,1377
-79.0,-15.0,1457
-79.0,-13.0,1613
-79.0,-11.0,1819
-79.0,-9.0,1960
-79.0,-7.0,2104
-79.0,-5.0,2207
-79.0,-3.0,2316
-79.0,-1.0,2386
-79.0,1.0,2480
-79.0,3.0,2568
-79.0,5.0,2656
-79.0,7.0,2752
-79.0,9.0,2819
-79.0,11.0,2924
-79.0,13.0,3004
-79.0,15.0,3080
-79.0,17.0,3139
-79.0,19.0,3209
-79.0,21.0,3252
-79.0,23.0,3291
-79.0,25.0,3362
-79.0,27.0,3396
-79.0,29.0,3456
-79.0,31.0,3501
-79.0,33.0,3544
-79.0,35.0,3571
-79.0,37.0,3613
-79.0,39.0,3640
-79.0,41.0,3683
-79.0,43.0,3704
-79.0,45.0,3699
-79.0,47.0,3678
-79.0,49.0,3657
-79.0,51.0,3621
-79.0,53.0,3597
-79.0,55.0,3572
-79.0,57.0,3549
-79.0,59.0,3533
-79.0,61.0,3537
-79.0,63.0,3540
-79.0,65.0,3578
-79.0,67.0,3637
-79.0,69.0,3650
-79.0,71.0,3667
-79.0,73.0,3684
-79.0,75.0,3720
-79.0,77.0,3726
-79.0,79.0,3643
-79.0,81.0,3696
-79.0,83.0,3687
-79.0,85.0,3699
-79.0,87.0,3726
-79.0,89.0,3749
-79.0,91.0,3769
-79.0,93.0,3798
-79.0,95.0,3779
-79.0,97.0,3744
-79.0,99.0,3666
-79.0,101.0,3599
-79.0,103.0,3538
-79.0,105.0,3475
-79.0,107.0,3424
-79.0,109.0,3369
-79.0,111.0,3337
-79.0,113.0,3282
-79.0,115.0,3228
-79.0,117.0,3161
-79.0,119.0,3106
-79.0,121.0,3043
-79.0,123.0,2983
-79.0,125.0,2934
-79.0,127.0,2892
-79.0,129.0,2823
-79.0,131.0,2745
-79.0,133.0,2650
-79.0,135.0,2563
-79.0,137.0,2489
-79.0,139.0,2443
-79.0,141.0,2383
-79.0,143.0,2375
-79.0,145.0,2346
-79.0,147.0,2300
-79.0,149.0,2284
-79.0,151.0,2210
-79.0,153.0,2089
-79.0,155.0,1859
-79.0,157.0,1272
-79.0,159.0,823
-79.0,161.0,742
-79.0,163.0,1
-79.0,165.0,20
-79.0,167.0,4
-79.0,169.0,3
-79.0,171.0,1
-79.0,173.0,-160
-79.0,175.0,-196
-79.0,177.0,-302
-79.0,179.0,-310
-77.0,-179.0,-640
-77.0,-177.0,-608
-77.0,-175.0,-549
-77.0,-173.0,-493
-77.0,-171.0,-476
-77.0,-169.0,-507
-77.0,-167.0,-465
-77.0,-165.0,-529
-77.0,-163.0,-592
-77.0,-161.0,-621
-77.0,-159.0,-311
-77.0,-157.0,-231
-77.0,-155.0,-222
-77.0,-153.0,-883
-77.0,-151.0,-172
-77.0,-149.0,135
-77.0,-147.0,9
-77.0,-145.0,464
-77.0,-143.0,932
-77.0,-141.0,1520
-77.0,-139.0,1606
-77.0,-137.0,1779
-77.0,-135.0,1931
-77.0,-133.0,2029
-77.0,-131.0,1996
-77.0,-129.0,2081
-77.0,-127.0,2116
-77.0,-125.0,2188
-77.0,-123.0,2098
-77.0,-121.0,1956
-77.0,-119.0,1769
-77.0,-117.0,1747
-77.0,-115.0,1435
-77.0,-113.0,1285
-77.0,-111.0,1201
-77.0,-109.0,1195
-77.0,-107.0,1186
-77.0,-105.0,1221
-77.0,-103.0,1283
-77.0,-101.0,1353
-77.0,-99.0,1372
-77.0,-97.0,1338
-77.0,-95.0,1397
-77.0,-93.0,1395
-77.0,-91.0,1361
-77.0,-89.0,1244
-77.0,-87.0,1011
-77.0,-85.0,820
-77.0,-83.0,792
-77.0,-81.0,1122
-77.0,-79.0,1161
-77.0,-77.0,129
-77.0,-75.0,93
-77.0,-73.0,83
-77.0,-71.0,76
-77.0,-69.0,67
-77.0,-67.0,63
-77.0,-65.0,53
-77.0,-63.0,49
-77.0,-61.0,48
-77.0,-59.0,43
-77.0,-57.0,41
-77.0,-55.0,36
-77.0,-53.0,27
-77.0,-51.0,24
-77.0,-49.0,-248
-77.0,-47.0,-269
-77.0,-45.0,-333
-77.0,-43.0,-417
-77.0,-41.0,-580
-77.0,-39.0,-782
-77.0,-37.0,-978
-77.0,-35.0,-814
-77.0,-33.0,-182
-77.0,-31.0,518
-77.0,-29.0,1033
-77.0,-27.0,1275
-77.0,-25.0,1519
-77.0,-23.0,1575
-77.0,-21.0,1655
-77.0,-19.0,1721
-77.0,-17.0,1804
-77.0,-15.0,1878
-77.0,-13.0,2019
-77.0,-11.0,2181
-77.0,-9.0,2220
-77.0,-7.0,2296
-77.0,-5.0,2387
-77.0,-3.0,2489
-77.0,-1.0,2605
-77.0,1.0,2686
-77.0,3.0,2801
-77.0,5.0,2898
-77.0,7.0,3005
-77.0,9.0,3079
-77.0,11.0,3161
-77.0,13.0,3238
-77.0,15.0,3295
-77.0,17.0,3352
-77.0,19.0,3411
-77.0,21.0,3472
-77.0,23.0,3530
-77.0,25.0,3569
-77.0,27.0,3622
-77.0,29.0,3689
-77.0,31.0,3716
-77.0,33.0,3738
-77.0,35.0,3761
-77.0,37.0,3780
-77.0,39.0,3782
-77.0,41.0,3767
-77.0,43.0,3712
-77.0,45.0,3656
-77.0,47.0,3595
-77.0,49.0,3516
-77.0,51.0,3440
-77.0,53.0,3367
-77.0,55.0,3266
-77.0,57.0,3175
-77.0,59.0,3040
-77.0,61.0,2892
-77.0,63.0,2793
-77.0,65.0,2798
-77.0,67.0,2791
-77.0,69.0,2783
-77.0,71.0,2788
-77.0,73.0,2809
-77.0,75.0,2852
-77.0,77.0,2903
-77.0,79.0,3044
-77.0,81.0,3206
-77.0,83.0,3355
-77.0,85.0,3444
-77.0,87.0,3534
-77.0,89.0,3606
-77.0,91.0,3654
-77.0,93.0,3729
-77.0,95.0,3764
-77.0,97.0,3722
-77.0,99.0,3658
-77.0,101.0,3590
-77.0,103.0,3514
-77.0,105.0,3514
-77.0,107.0,3490
-77.0,109.0,3433
-77.0,111.0,3376
-77.0,113.0,3324
-77.0,115.0,3273
-77.0,117.0,3227
-77.0,119.0,3184
-77.0,121.0,3138
-77.0,123.0,3100
-77.0,125.0,3080
-77.0,127.0,3066
-77.0,129.0,2978
-77.0,131.0,2875
-77.0,133.0,2791
-77.0,135.0,2706
-77.0,137.0,2641
-77.0,139.0,2604
-77.0,141.0,2556
-77.0,143.0,2499
-77.0,145.0,2471
-77.0,147.0,2444
-77.0,149.0,2422
-77.0,151.0,2392
-77.0,153.0,2352
-77.0,155.0,2311
-77.0,157.0,2199
-77.0,159.0,1950
-77.0,161.0,1324
-77.0,163.0,-186
-77.0,165.0,-560
-77.0,167.0,-366
-77.0,169.0,-899
-77.0,171.0,-745
-77.0,173.0,-589
-77.0,175.0,-374
-77.0,177.0,-373
-77.0,179.0,-552
-75.0,-179.0,-516
-75.0,-177.0,-772
-75.0,-175.0,-1793
-75.0,-173.0,-1841
-75.0,-171.0,-1972
-75.0,-169.0,-2679
-75.0,-167.0,-3336
-75.0,-165.0,-3405
-75.0,-163.0,-3907
-75.0,-161.0,-3778
-75.0,-159.0,-3977
-75.0,-157.0,-4292
-75.0,-155.0,-3928
-75.0,-153.0,-4078
-75.0,-151.0,-3778
-75.0,-149.0,-3643
-75.0,-147.0,-3465
-75.0,-145.0,-618
-75.0,-143.0,-194
-75.0,-141.0,-952
-75.0,-139.0,-242
-75.0,-137.0,30
-75.0,-135.0,766
-75.0,-133.0,789
-75.0,-131.0,600
-75.0,-129.0,610
-75.0,-127.0,777
-75.0,-125.0,778
-75.0,-123.0,822
-75.0,-121.0,848
-75.0,-119.0,818
-75.0,-117.0,926
-75.0,-115.0,555
-75.0,-113.0,506
-75.0,-111.0,32
-75.0,-109.0,-268
-75.0,-107.0,21
-75.0,-105.0,-181
-75.0,-103.0,-397
-75.0,-101.0,35
-75.0,-99.0,247
-75.0,-97.0,793
-75.0,-95.0,737
-75.0,-93.0,835
-75.0,-91.0,934
-75.0,-89.0,1065
-75.0,-87.0,1255
-75.0,-85.0,1159
-75.0,-83.0,1020
-75.0,-81.0,897
-75.0,-79.0,665
-75.0,-77.0,555
-75.0,-75.0,798
-75.0,-73.0,1214
-75.0,-71.0,1351
-75.0,-69.0,1560
-75.0,-67.0,1762
-75.0,-65.0,1247
-75.0,-63.0,64
-75.0,-61.0,32
-75.0,-59.0,-612
-75.0,-57.0,-519
-75.0,-55.0,-490
-75.0,-53.0,-495
-75.0,-51.0,-491
-75.0,-49.0,-601
-75.0,-47.0,-486
-75.0,-45.0,-400
-75.0,-43.0,-366
-75.0,-41.0,-316
-75.0,-39.0,-287
-75.0,-37.0,-394
-75.0,-35.0,-499
-75.0,-33.0,-590
-75.0,-31.0,-620
-75.0,-29.0,-461
-75.0,-27.0,-312
-75.0,-25.0,-711
-75.0,-23.0,30
-75.0,-21.0,49
-75.0,-19.0,47
-75.0,-17.0,505
-75.0,-15.0,1049
-75.0,-13.0,1362
-75.0,-11.0,2256
-75.0,-9.0,2521
-75.0,-7.0,2647
-75.0,-5.0,2751
-75.0,-3.0,2782
-75.0,-1.0,2857
-75.0,1.0,2913
-75.0,3.0,2982
-75.0,5.0,3090
-75.0,7.0,3191
-75.0,9.0,3285
-75.0,11.0,3361
-75.0,13.0,3421
-75.0,15.0,3467
-75.0,17.0,3509
-75.0,19.0,3528
-75.0,21.0,3544
-75.0,23.0,3561
-75.0,25.0,3558
-75.0,27.0,3512
-75.0,29.0,3468
-75.0,31.0,3398
-75.0,33.0,3400
-75.0,35.0,3408
-75.0,37.0,3467
-75.0,39.0,3522
-75.0,41.0,3542
-75.0,43.0,3534
-75.0,45.0,3508
-75.0,47.0,3461
-75.0,49.0,3392
-75.0,51.0,3314
-75.0,53.0,3129
-75.0,55.0,2904
-75.0,57.0,2661
-75.0,59.0,2506
-75.0,61.0,2146
-75.0,63.0,1973
-75.0,65.0,1860
-75.0,67.0,1822
-75.0,69.0,1806
-75.0,71.0,1956
-75.0,73.0,2110
-75.0,75.0,2424
-75.0,77.0,2780
-75.0,79.0,2960
-75.0,81.0,3095
-75.0,83.0,3246
-75.0,85.0,3364
-75.0,87.0,3459
-75.0,89.0,3526
-75.0,91.0,3614
-75.0,93.0,3670
-75.0,95.0,3656
-75.0,97.0,3595
-75.0,99.0,3534
-75.0,101.0,3473
-75.0,103.0,3408
-75.0,105.0,3329
-75.0,107.0,3272
-75.0,109.0,3210
-75.0,111.0,3166
-75.0,113.0,3138
-75.0,115.0,3130
-75.0,117.0,3125
-75.0,119.0,3155
-75.0,121.0,3190
-75.0,123.0,3225
-75.0,125.0,3210
-75.0,127.0,3167
-75.0,129.0,3085
-75.0,131.0,2982
-75.0,133.0,2902
-75.0,135.0,2848
-75.0,137.0,2760
-75.0,139.0,2696
-75.0,141.0,2622
-75.0,143.0,2536
-75.0,145.0,2484
-75.0,147.0,2424
-75.0,149.0,2385
-75.0,151.0,2294
-75.0,153.0,2147
-75.0,155.0,1997
-75.0,157.0,1702
-75.0,159.0,1436
-75.0,161.0,902
-75.0,163.0,-93
-75.0,165.0,-983
-75.0,167.0,-612
-75.0,169.0,-322
-75.0,171.0,-514
-75.0,173.0,-495
-75.0,175.0,-291
-75.0,177.0,-358
-75.0,179.0,-429
-73.0,-179.0,-690
-73.0,-177.0,-837
-73.0,-175.0,-2731
-73.0,-173.0,-3383
-73.0,-171.0,-3905
-73.0,-169.0,-3930
-73.0,-167.0,-4074
-73.0,-165.0,-4055
-73.0,-163.0,-4013
-73.0,-161.0,-4084
-73.0,-159.0,-4180
-73.0,-157.0,-4260
-73.0,-155.0,-4167
-73.0,-153.0,-4097
-73.0,-151.0,-4128
-73.0,-149.0,-4185
-73.0,-147.0,-4076
-73.0,-145.0,-4114
-73.0,-143.0,-3973
-73.0,-141.0,-4153
-73.0,-139.0,-3882
-73.0,-137.0,-3745
-73.0,-135.0,-4039
-73.0,-133.0,-3037
-73.0,-131.0,-2116
-73.0,-129.0,-755
-73.0,-127.0,-242
-73.0,-125.0,-675
-73.0,-123.0,-416
-73.0,-121.0,-247
-73.0,-119.0,-302
-73.0,-117.0,-474
-73.0,-115.0,-677
-73.0,-113.0,-386
-73.0,-111.0,-303
-73.0,-109.0,-495
-73.0,-107.0,-704
-73.0,-105.0,-292
-73.0,-103.0,217
-73.0,-101.0,31
-73.0,-99.0,92
-73.0,-97.0,20
-73.0,-95.0,21
-73.0,-93.0,19
-73.0,-91.0,130
-73.0,-89.0,231
-73.0,-87.0,23
-73.0,-85.0,-451
-73.0,-83.0,-902
-73.0,-81.0,-476
-73.0,-79.0,347
-73.0,-77.0,22
-73.0,-75.0,326
-73.0,-73.0,-788
-73.0,-71.0,31
-73.0,-69.0,37
-73.0,-67.0,556
-73.0,-65.0,1354
-73.0,-63.0,1404
-73.0,-61.0,726
-73.0,-59.0,-372
-73.0,-57.0,-441
-73.0,-55.0,-423
-73.0,-53.0,-457
-73.0,-51.0,-517
-73.0,-49.0,-246
-73.0,-47.0,-492
-73.0,-45.0,-857
-73.0,-43.0,-1621
-73.0,-41.0,-2173
-73.0,-39.0,-2715
-73.0,-37.0,-2999
-73.0,-35.0,-3147
-73.0,-33.0,-3413
-73.0,-31.0,-3623
-73.0,-29.0,-3693
-73.0,-27.0,-3646
-73.0,-25.0,-3675
-73.0,-23.0,-3114
-73.0,-21.0,-2057
-73.0,-19.0,18
-73.0,-17.0,48
-73.0,-15.0,58
-73.0,-13.0,253
-73.0,-11.0,604
-73.0,-9.0,1356
-73.0,-7.0,1665
-73.0,-5.0,2101
-73.0,-3.0,1758
-73.0,-1.0,1794
-73.0,1.0,2269
-73.0,3.0,2662
-73.0,5.0,2945
-73.0,7.0,3108
-73.0,9.0,3084
-73.0,11.0,3107
-73.0,13.0,3198
-73.0,15.0,3083
-73.0,17.0,2949
-73.0,19.0,2857
-73.0,21.0,2754
-73.0,23.0,2827
-73.0,25.0,3094
-73.0,27.0,2792
-73.0,29.0,2448
-73.0,31.0,2507
-73.0,33.0,2637
-73.0,35.0,2765
-73.0,37.0,2930
-73.0,39.0,2942
-73.0,41.0,2993
-73.0,43.0,3033
-73.0,45.0,3053
-73.0,47.0,3120
-73.0,49.0,3180
-73.0,51.0,3162
-73.0,53.0,3052
-73.0,55.0,2898
-73.0,57.0,2726
-73.0,59.0,2413
-73.0,61.0,2027
-73.0,63.0,1513
-73.0,65.0,1033
-73.0,67.0,230
-73.0,69.0,1440
-73.0,71.0,1138
-73.0,73.0,1540
-73.0,75.0,2061
-73.0,77.0,2533
-73.0,79.0,2754
-73.0,81.0,2909
-73.0,83.0,3060
-73.0,85.0,3150
-73.0,87.0,3255
-73.0,89.0,3336
-73.0,91.0,3426
-73.0,93.0,3456
-73.0,95.0,3440
-73.0,97.0,3400
-73.0,99.0,3335
-73.0,101.0,3258
-73.0,103.0,3131
-73.0,105.0,3017
-73.0,107.0,2937
-73.0,109.0,2933
-73.0,111.0,2905
-73.0,113.0,2959
-73.0,115.0,2997
-73.0,117.0,3018
-73.0,119.0,3039
-73.0,121.0,3068
-73.0,123.0,3098
-73.0,125.0,3120
-73.0,127.0,3121
-73.0,129.0,3139
-73.0,131.0,3046
-73.0,133.0,2960
-73.0,135.0,2797
-73.0,137.0,2680
-73.0,139.0,2570
-73.0,141.0,2485
-73.0,143.0,2394
-73.0,145.0,2337
-73.0,147.0,2287
-73.0,149.0,2228
-73.0,151.0,2205
-73.0,153.0,2237
-73.0,155.0,2251
-73.0,157.0,2281
-73.0,159.0,2287
-73.0,161.0,2113
-73.0,163.0,1799
-73.0,165.0,2607
-73.0,167.0,2065
-73.0,169.0,545
-73.0,171.0,-706
-73.0,173.0,-445
-73.0,175.0,-354
-73.0,177.0,-935
-73.0,179.0,-882
-71.0,-179.0,-1828
-71.0,-177.0,-2761
-71.0,-175.0,-3749
-71.0,-173.0,-3918
-71.0,-171.0,-4148
-71.0,-169.0,-4172
-71.0,-167.0,-3984
-71.0,-165.0,-4195
-71.0,-163.0,-4225
-71.0,-161.0,-4272
-71.0,-159.0,-4330
-71.0,-157.0,-4332
-71.0,-155.0,-4287
-71.0,-153.0,-4339
-71.0,-151.0,-4298
-71.0,-149.0,-4238
-71.0,-147.0,-4300
-71.0,-145.0,-4311
-71.0,-143.0,-4363
-71.0,-141.0,-4333
-71.0,-139.0,-4273
-71.0,-137.0,-4313
-71.0,-135.0,-4217
-71.0,-133.0,-4116
-71.0,-131.0,-3900
-71.0,-129.0,-3577
-71.0,-127.0,-3546
-71.0,-125.0,-2556
-71.0,-123.0,-3075
-71.0,-121.0,-2943
-71.0,-119.0,-2764
-71.0,-117.0,-2458
-71.0,-115.0,-2598
-71.0,-113.0,-2673
-71.0,-111.0,-2304
-71.0,-109.0,-2700
-71.0,-107.0,-1569
-71.0,-105.0,-1300
-71.0,-103.0,-1323
-71.0,-101.0,-2436
-71.0,-99.0,-832
-71.0,-97.0,-1018
-71.0,-95.0,-663
-71.0,-93.0,-462
-71.0,-91.0,-773
-71.0,-89.0,-762
-71.0,-87.0,-582
-71.0,-85.0,-676
-71.0,-83.0,-665
-71.0,-81.0,-458
-71.0,-79.0,-543
-71.0,-77.0,-549
-71.0,-75.0,299
-71.0,-73.0,7
-71.0,-71.0,102
-71.0,-69.0,928
-71.0,-67.0,676
-71.0,-65.0,1709
-71.0,-63.0,1516
-71.0,-61.0,31
-71.0,-59.0,-427
-71.0,-57.0,-322
-71.0,-55.0,-1532
-71.0,-53.0,-2129
-71.0,-51.0,-2440
-71.0,-49.0,-2639
-71.0,-47.0,-3000
-71.0,-45.0,-3233
-71.0,-43.0,-3387
-71.0,-41.0,-3750
-71.0,-39.0,-3906
-71.0,-37.0,-3979
-71.0,-35.0,-3943
-71.0,-33.0,-4104
-71.0,-31.0,-4200
-71.0,-29.0,-4290
-71.0,-27.0,-4203
-71.0,-25.0,-4206
-71.0,-23.0,-4314
-71.0,-21.0,-4274
-71.0,-19.0,-4540
-71.0,-17.0,-3803
-71.0,-15.0,-2883
-71.0,-13.0,-1716
-71.0,-11.0,15
-71.0,-9.0,66
-71.0,-7.0,248
-71.0,-5.0,94
-71.0,-3.0,78
-71.0,-1.0,48
-71.0,1.0,51
-71.0,3.0,351
-71.0,5.0,570
-71.0,7.0,526
-71.0,9.0,762
-71.0,11.0,928
-71.0,13.0,577
-71.0,15.0,677
-71.0,17.0,670
-71.0,19.0,610
-71.0,21.0,464
-71.0,23.0,429
-71.0,25.0,229
-71.0,27.0,361
-71.0,29.0,625
-71.0,31.0,1020
-71.0,33.0,1332
-71.0,35.0,1546
-71.0,37.0,1789
-71.0,39.0,1650
-71.0,41.0,1855
-71.0,43.0,2109
-71.0,45.0,2432
-71.0,47.0,2618
-71.0,49.0,2731
-71.0,51.0,2826
-71.0,53.0,2927
-71.0,55.0,2988
-71.0,57.0,2930
-71.0,59.0,2710
-71.0,61.0,2501
-71.0,63.0,2172
-71.0,65.0,1746
-71.0,67.0,1082
-71.0,69.0,61
-71.0,71.0,90
-71.0,73.0,999
-71.0,75.0,1553
-71.0,77.0,1955
-71.0,79.0,2242
-71.0,81.0,2529
-71.0,83.0,2671
-71.0,85.0,2786
-71.0,87.0,2818
-71.0,89.0,2892
-71.0,91.0,2948
-71.0,93.0,3014
-71.0,95.0,3036
-71.0,97.0,2932
-71.0,99.0,2899
-71.0,101.0,2831
-71.0,103.0,2816
-71.0,105.0,2812
-71.0,107.0,2756
-71.0,109.0,2694
-71.0,111.0,2654
-71.0,113.0,2589
-71.0,115.0,2561
-71.0,117.0,2584
-71.0,119.0,2614
-71.0,121.0,2668
-71.0,123.0,2733
-71.0,125.0,2818
-71.0,127.0,2870
-71.0,129.0,2812
-71.0,131.0,2801
-71.0,133.0,2771
-71.0,135.0,2599
-71.0,137.0,2568
-71.0,139.0,2474
-71.0,141.0,2269
-71.0,143.0,2113
-71.0,145.0,1969
-71.0,147.0,1905
-71.0,149.0,1820
-71.0,151.0,1793
-71.0,153.0,1794
-71.0,155.0,1795
-71.0,157.0,1884
-71.0,159.0,1853
-71.0,161.0,533
-71.0,163.0,1274
-71.0,165.0,1193
-71.0,167.0,81
-71.0,169.0,-283
-71.0,171.0,-2059
-71.0,173.0,-2369
-71.0,175.0,-2303
-71.0,177.0,-2438
-71.0,179.0,-1946
-69.0,-179.0,-3476
-69.0,-177.0,-3681
-69.0,-175.0,-3746
-69.0,-173.0,-4128
-69.0,-171.0,-3754
-69.0,-169.0,-4607
-69.0,-167.0,-4413
-69.0,-165.0,-3824
-69.0,-163.0,-4259
-69.0,-161.0,-3947
-69.0,-159.0,-3964
-69.0,-157.0,-4538
-69.0,-155.0,-4339
-69.0,-153.0,-4229
-69.0,-151.0,-4457
-69.0,-149.0,-4452
-69.0,-147.0,-4411
-69.0,-145.0,-4416
-69.0,-143.0,-4385
-69.0,-141.0,-4380
-69.0,-139.0,-4426
-69.0,-137.0,-4429
-69.0,-135.0,-4378
-69.0,-133.0,-4196
-69.0,-131.0,-4030
-69.0,-129.0,-3866
-69.0,-127.0,-3688
-69.0,-125.0,-4141
-69.0,-123.0,-4214
-69.0,-121.0,-4208
-69.0,-119.0,-2961
-69.0,-117.0,-3510
-69.0,-115.0,-3935
-69.0,-113.0,-4049
-69.0,-111.0,-3763
-69.0,-109.0,-4142
-69.0,-107.0,-3970
-69.0,-105.0,-3966
-69.0,-103.0,-4013
-69.0,-101.0,-4284
-69.0,-99.0,-4432
-69.0,-97.0,-4494
-69.0,-95.0,-4378
-69.0,-93.0,-4080
-69.0,-91.0,-3104
-69.0,-89.0,-3629
-69.0,-87.0,-3046
-69.0,-85.0,-3238
-69.0,-83.0,-3062
-69.0,-81.0,-2715
-69.0,-79.0,-1920
-69.0,-77.0,-526
-69.0,-75.0,-341
-69.0,-73.0,-149
-69.0,-71.0,903
-69.0,-69.0,-301
-69.0,-67.0,21
-69.0,-65.0,1678
-69.0,-63.0,37
-69.0,-61.0,17
-69.0,-59.0,-654
-69.0,-57.0,-71
-69.0,-55.0,-1748
-69.0,-53.0,-2763
-69.0,-51.0,-2901
-69.0,-49.0,-3015
-69.0,-47.0,-3725
-69.0,-45.0,-3903
-69.0,-43.0,-4024
-69.0,-41.0,-4090
-69.0,-39.0,-4195
-69.0,-37.0,-4259
-69.0,-35.0,-4390
-69.0,-33.0,-4445
-69.0,-31.0,-4535
-69.0,-29.0,-4600
-69.0,-27.0,-4666
-69.0,-25.0,-4700
-69.0,-23.0,-4723
-69.0,-21.0,-4746
-69.0,-19.0,-4723
-69.0,-17.0,-4761
-69.0,-15.0,-4770
-69.0,-13.0,-4720
-69.0,-11.0,-4464
-69.0,-9.0,-4005
-69.0,-7.0,-2975
-69.0,-5.0,-2938
-69.0,-3.0,-3570
-69.0,-1.0,-2941
-69.0,1.0,-4021
-69.0,3.0,-3691
-69.0,5.0,-2355
-69.0,7.0,-2877
-69.0,9.0,-3123
-69.0,11.0,-1583
-69.0,13.0,-2421
-69.0,15.0,-2517
-69.0,17.0,-2624
-69.0,19.0,-3078
-69.0,21.0,-2903
-69.0,23.0,-2982
-69.0,25.0,-3067
-69.0,27.0,-3038
-69.0,29.0,-2468
-69.0,31.0,23
-69.0,33.0,439
-69.0,35.0,24
-69.0,37.0,-359
-69.0,39.0,-242
-69.0,41.0,1050
-69.0,43.0,1447
-69.0,45.0,1757
-69.0,47.0,1841
-69.0,49.0,1707
-69.0,51.0,2130
-69.0,53.0,2522
-69.0,55.0,2481
-69.0,57.0,2511
-69.0,59.0,2334
-69.0,61.0,2065
-69.0,63.0,1894
-69.0,65.0,1639
-69.0,67.0,1243
-69.0,69.0,280
-69.0,71.0,67
-69.0,73.0,61
-69.0,75.0,-754
-69.0,77.0,-490
-69.0,79.0,956
-69.0,81.0,1596
-69.0,83.0,1814
-69.0,85.0,1976
-69.0,87.0,2080
-69.0,89.0,2140
-69.0,91.0,2277
-69.0,93.0,2362
-69.0,95.0,2452
-69.0,97.0,2423
-69.0,99.0,2210
-69.0,101.0,2185
-69.0,103.0,2360
-69.0,105.0,2344
-69.0,107.0,2233
-69.0,109.0,2202
-69.0,111.0,2016
-69.0,113.0,1867
-69.0,115.0,1849
-69.0,117.0,1858
-69.0,119.0,1871
-69.0,121.0,1975
-69.0,123.0,2138
-69.0,125.0,2221
-69.0,127.0,2183
-69.0,129.0,2108
-69.0,131.0,2178
-69.0,133.0,2351
-69.0,135.0,2422
-69.0,137.0,2337
-69.0,139.0,2279
-69.0,141.0,2003
-69.0,143.0,1546
-69.0,145.0,1293
-69.0,147.0,1040
-69.0,149.0,1068
-69.0,151.0,631
-69.0,153.0,533
-69.0,155.0,160
-69.0,157.0,-181
-69.0,159.0,-623
-69.0,161.0,-1445
-69.0,163.0,-2047
-69.0,165.0,-2372
-69.0,167.0,-2511
-69.0,169.0,-2628
-69.0,171.0,-3236
-69.0,173.0,-2976
-69.0,175.0,-3062
-69.0,177.0,-3629
-69.0,179.0,-3266
-67.0,-179.0,-3792
-67.0,-177.0,-4540
-67.0,-175.0,-3796
-67.0,-173.0,-3352
-67.0,-171.0,-2905
-67.0,-169.0,-3361
-67.0,-167.0,-3642
-67.0,-165.0,-3403
-67.0,-163.0,-3758
-67.0,-161.0,-4281
-67.0,-159.0,-4227
-67.0,-157.0,-3923
-67.0,-155.0,-4024
-67.0,-153.0,-4263
-67.0,-151.0,-4508
-67.0,-149.0,-4345
-67.0,-147.0,-4025
-67.0,-145.0,-4416
-67.0,-143.0,-4424
-67.0,-141.0,-4283
-67.0,-139.0,-4176
-67.0,-137.0,-4499
-67.0,-135.0,-4606
-67.0,-133.0,-4580
-67.0,-131.0,-4368
-67.0,-129.0,-4420
-67.0,-127.0,-4511
-67.0,-125.0,-4246
-67.0,-123.0,-4385
-67.0,-121.0,-4490
-67.0,-119.0,-4569
-67.0,-117.0,-4500
-67.0,-115.0,-4688
-67.0,-113.0,-4652
-67.0,-111.0,-4527
-67.0,-109.0,-4351
-67.0,-107.0,-3628
-67.0,-105.0,-4703
-67.0,-103.0,-4709
-67.0,-101.0,-4717
-67.0,-99.0,-4685
-67.0,-97.0,-4976
-67.0,-95.0,-4723
-67.0,-93.0,-4580
-67.0,-91.0,-4544
-67.0,-89.0,-4434
-67.0,-87.0,-4320
-67.0,-85.0,-4314
-67.0,-83.0,-4238
-67.0,-81.0,-4135
-67.0,-79.0,-3963
-67.0,-77.0,-3799
-67.0,-75.0,-3033
-67.0,-73.0,-1246
-67.0,-71.0,-489
-67.0,-69.0,-413
-67.0,-67.0,243
-67.0,-65.0,289
-67.0,-63.0,53
-67.0,-61.0,46
-67.0,-59.0,-526
-67.0,-57.0,-680
-67.0,-55.0,-1664
-67.0,-53.0,-2938
-67.0,-51.0,-3346
-67.0,-49.0,-3633
-67.0,-47.0,-3867
-67.0,-45.0,-4095
-67.0,-43.0,-4200
-67.0,-41.0,-4328
-67.0,-39.0,-4438
-67.0,-37.0,-4532
-67.0,-35.0,-4599
-67.0,-33.0,-4623
-67.0,-31.0,-4664
-67.0,-29.0,-4733
-67.0,-27.0,-4780
-67.0,-25.0,-4813
-67.0,-23.0,-4892
-67.0,-21.0,-4912
-67.0,-19.0,-4933
-67.0,-17.0,-4903
-67.0,-15.0,-4942
-67.0,-13.0,-4950
-67.0,-11.0,-4956
-67.0,-9.0,-4887
-67.0,-7.0,-4848
-67.0,-5.0,-4798
-67.0,-3.0,-4428
-67.0,-1.0,-4651
-67.0,1.0,-4572
-67.0,3.0,-3283
-67.0,5.0,-4153
-67.0,7.0,-4021
-67.0,9.0,-4072
-67.0,11.0,-2882
-67.0,13.0,-3098
-67.0,15.0,-4076
-67.0,17.0,-4379
-67.0,19.0,-4422
-67.0,21.0,-4431
-67.0,23.0,-4604
-67.0,25.0,-4419
-67.0,27.0,-4298
-67.0,29.0,-4126
-67.0,31.0,-3942
-67.0,33.0,-1136
-67.0,35.0,-3938
-67.0,37.0,-4255
-67.0,39.0,-4289
-67.0,41.0,-4286
-67.0,43.0,-2966
-67.0,45.0,-1768
-67.0,47.0,-355
-67.0,49.0,339
-67.0,51.0,214
-67.0,53.0,1304
-67.0,55.0,1693
-67.0,57.0,33
-67.0,59.0,-479
-67.0,61.0,-197
-67.0,63.0,-411
-67.0,65.0,-344
-67.0,67.0,-748
-67.0,69.0,-542
-67.0,71.0,-423
-67.0,73.0,-402
-67.0,75.0,-164
-67.0,77.0,-333
-67.0,79.0,-436
-67.0,81.0,-493
-67.0,83.0,-362
-67.0,85.0,66
-67.0,87.0,168
-67.0,89.0,610
-67.0,91.0,930
-67.0,93.0,973
-67.0,95.0,999
-67.0,97.0,1198
-67.0,99.0,1106
-67.0,101.0,1231
-67.0,103.0,1538
-67.0,105.0,1551
-67.0,107.0,1065
-67.0,109.0,482
-67.0,111.0,425
-67.0,113.0,1095
-67.0,115.0,142
-67.0,117.0,40
-67.0,119.0,29
-67.0,121.0,76
-67.0,123.0,408
-67.0,125.0,697
-67.0,127.0,300
-67.0,129.0,-129
-67.0,131.0,1097
-67.0,133.0,1362
-67.0,135.0,1288
-67.0,137.0,1198
-67.0,139.0,1030
-67.0,141.0,674
-67.0,143.0,142
-67.0,145.0,-856
-67.0,147.0,-461
-67.0,149.0,-625
-67.0,151.0,-890
-67.0,153.0,-1203
-67.0,155.0,-920
-67.0,157.0,-2207
-67.0,159.0,-2781
-67.0,161.0,-2700
-67.0,163.0,-2449
-67.0,165.0,-2523
-67.0,167.0,-2609
-67.0,169.0,-2886
-67.0,171.0,-378
-67.0,173.0,-3604
-67.0,175.0,-3549
-67.0,177.0,-3607
-67.0,179.0,-3601
-65.0,-179.0,-2892
-65.0,-177.0,-2541
-65.0,-175.0,-2658
-65.0,-173.0,-2984
-65.0,-171.0,-3051
-65.0,-169.0,-2643
-65.0,-167.0,-2574
-65.0,-165.0,-3110
-65.0,-163.0,-3055
-65.0,-161.0,-2989
-65.0,-159.0,-3546
-65.0,-157.0,-3959
-65.0,-155.0,-3746
-65.0,-153.0,-3150
-65.0,-151.0,-4029
-65.0,-149.0,-3881
-65.0,-147.0,-3936
-65.0,-145.0,-4548
-65.0,-143.0,-2944
-65.0,-141.0,-3847
-65.0,-139.0,-4449
-65.0,-137.0,-4365
-65.0,-135.0,-4496
-65.0,-133.0,-4714
-65.0,-131.0,-4864
-65.0,-129.0,-4739
-65.0,-127.0,-4917
-65.0,-125.0,-4909
-65.0,-123.0,-4858
-65.0,-121.0,-4934
-65.0,-119.0,-4975
-65.0,-117.0,-4962
-65.0,-115.0,-4955
-65.0,-113.0,-4992
-65.0,-111.0,-4989
-65.0,-109.0,-4929
-65.0,-107.0,-4864
-65.0,-105.0,-4943
-65.0,-103.0,-4954
-65.0,-101.0,-4893
-65.0,-99.0,-4888
-65.0,-97.0,-4854
-65.0,-95.0,-4767
-65.0,-93.0,-267
-65.0,-91.0,-4651
-65.0,-89.0,-4680
-65.0,-87.0,-4626
-65.0,-85.0,-4545
-65.0,-83.0,-4558
-65.0,-81.0,-4289
-65.0,-79.0,-4216
-65.0,-77.0,-4043
-65.0,-75.0,-3904
-65.0,-73.0,-3684
-65.0,-71.0,-3421
-65.0,-69.0,-2366
-65.0,-67.0,-263
-65.0,-65.0,-91
-65.0,-63.0,1176
-65.0,-61.0,47
-65.0,-59.0,-291
-65.0,-57.0,-551
-65.0,-55.0,-264
-65.0,-53.0,-2366
-65.0,-51.0,-3213
-65.0,-49.0,-3839
-65.0,-47.0,-4149
-65.0,-45.0,-4484
-65.0,-43.0,-4638
-65.0,-41.0,-4818
-65.0,-39.0,-4802
-65.0,-37.0,-4855
-65.0,-35.0,-4774
-65.0,-33.0,-4877
-65.0,-31.0,-4851
-65.0,-29.0,-4922
-65.0,-27.0,-4942
-65.0,-25.0,-4948
-65.0,-23.0,-4997
-65.0,-21.0,-4967
-65.0,-19.0,-5006
-65.0,-17.0,-5032
-65.0,-15.0,-5041
-65.0,-13.0,-5043
-65.0,-11.0,-5001
-65.0,-9.0,-5061
-65.0,-7.0,-5083
-65.0,-5.0,-5084
-65.0,-3.0,-5014
-65.0,-1.0,-4800
-65.0,1.0,-2798
-65.0,3.0,-2023
-65.0,5.0,-3689
-65.0,7.0,-4544
-65.0,9.0,-4625
-65.0,11.0,-4657
-65.0,13.0,-4061
-65.0,15.0,-3850
-65.0,17.0,-4591
-65.0,19.0,-4670
-65.0,21.0,-4846
-65.0,23.0,-4803
-65.0,25.0,-4913
-65.0,27.0,-4985
-65.0,29.0,-5065
-65.0,31.0,-4922
-65.0,33.0,-3278
-65.0,35.0,-4755
-65.0,37.0,-4835
-65.0,39.0,-4822
-65.0,41.0,-4552
-65.0,43.0,-4412
-65.0,45.0,-3835
-65.0,47.0,-3300
-65.0,49.0,-3647
-65.0,51.0,-2772
-65.0,53.0,-3148
-65.0,55.0,-3673
-65.0,57.0,-3422
-65.0,59.0,-3515
-65.0,61.0,-4082
-65.0,63.0,-3572
-65.0,65.0,-3085
-65.0,67.0,-3313
-65.0,69.0,-2812
-65.0,71.0,-3313
-65.0,73.0,-3542
-65.0,75.0,-3190
-65.0,77.0,-3512
-65.0,79.0,-3548
-65.0,81.0,-3548
-65.0,83.0,-3254
-65.0,85.0,-3022
-65.0,87.0,-3188
-65.0,89.0,-3364
-65.0,91.0,-2574
-65.0,93.0,-339
-65.0,95.0,-126
-65.0,97.0,-441
-65.0,99.0,-644
-65.0,101.0,-123
-65.0,103.0,-499
-65.0,105.0,-297
-65.0,107.0,-1784
-65.0,109.0,-2607
-65.0,111.0,-2064
-65.0,113.0,-1237
-65.0,115.0,-1916
-65.0,117.0,-2152
-65.0,119.0,-2779
-65.0,121.0,-2617
-65.0,123.0,-2717
-65.0,125.0,-2381
-65.0,127.0,-2253
-65.0,129.0,-1264
-65.0,131.0,-12
-65.0,133.0,-317
-65.0,135.0,-547
-65.0,137.0,-2145
-65.0,139.0,-2528
-65.0,141.0,-2889
-65.0,143.0,-2808
-65.0,145.0,-3223
-65.0,147.0,-3263
-65.0,149.0,-3349
-65.0,151.0,-3065
-65.0,153.0,-3088
-65.0,155.0,-3176
-65.0,157.0,-3131
-65.0,159.0,-2663
-65.0,161.0,-2883
-65.0,163.0,-3118
-65.0,165.0,-3037
-65.0,167.0,-3226
-65.0,169.0,-2672
-65.0,171.0,-3175
-65.0,173.0,-3062
-65.0,175.0,-2657
-65.0,177.0,-3313
-65.0,179.0,-2545
-63.0,-179.0,-3805
-63.0,-177.0,-3638
-63.0,-175.0,-3647
-63.0,-173.0,-3449
-63.0,-171.0,-3269
-63.0,-169.0,-2800
-63.0,-167.0,-2703
-63.0,-165.0,-2469
-63.0,-163.0,-2514
-63.0,-161.0,-2858
-63.0,-159.0,-3018
-63.0,-157.0,-2506
-63.0,-155.0,-3013
-63.0,-153.0,-2980
-63.0,-151.0,-3862
-63.0,-149.0,-3747
-63.0,-147.0,-3773
-63.0,-145.0,-4095
-63.0,-143.0,-3941
-63.0,-141.0,-4605
-63.0,-139.0,-4433
-63.0,-137.0,-4099
-63.0,-135.0,-4713
-63.0,-133.0,-4497
-63.0,-131.0,-4683
-63.0,-129.0,-4947
-63.0,-127.0,-4980
-63.0,-125.0,-5041
-63.0,-123.0,-5036
-63.0,-121.0,-4990
-63.0,-119.0,-5010
-63.0,-117.0,-4990
-63.0,-115.0,-5149
-63.0,-113.0,-5140
-63.0,-111.0,-5156
-63.0,-109.0,-5158
-63.0,-107.0,-5175
-63.0,-105.0,-5153
-63.0,-103.0,-5085
-63.0,-101.0,-4973
-63.0,-99.0,-4928
-63.0,-97.0,-5051
-63.0,-95.0,-4959
-63.0,-93.0,-4858
-63.0,-91.0,-4847
-63.0,-89.0,-4788
-63.0,-87.0,-4801
-63.0,-85.0,-4839
-63.0,-83.0,-4741
-63.0,-81.0,-4547
-63.0,-79.0,-4778
-63.0,-77.0,-4263
-63.0,-75.0,-4184
-63.0,-73.0,-4207
-63.0,-71.0,-4009
-63.0,-69.0,-3777
-63.0,-67.0,-3534
-63.0,-65.0,-3184
-63.0,-63.0,-811
-63.0,-61.0,-330
-63.0,-59.0,-463
-63.0,-57.0,-74
-63.0,-55.0,-374
-63.0,-53.0,-437
-63.0,-51.0,-2515
-63.0,-49.0,-3367
-63.0,-47.0,-2978
-63.0,-45.0,-3418
-63.0,-43.0,-3698
-63.0,-41.0,-4103
-63.0,-39.0,-4381
-63.0,-37.0,-4645
-63.0,-35.0,-4878
-63.0,-33.0,-4790
-63.0,-31.0,-4670
-63.0,-29.0,-4432
-63.0,-27.0,-4973
-63.0,-25.0,-5371
-63.0,-23.0,-5033
-63.0,-21.0,-4787
-63.0,-19.0,-4304
-63.0,-17.0,-4909
-63.0,-15.0,-5103
-63.0,-13.0,-4986
-63.0,-11.0,-5202
-63.0,-9.0,-4975
-63.0,-7.0,-5066
-63.0,-5.0,-5222
-63.0,-3.0,-5229
-63.0,-1.0,-5226
-63.0,1.0,-5276
-63.0,3.0,-5344
-63.0,5.0,-5019
-63.0,7.0,-5048
-63.0,9.0,-4942
-63.0,11.0,-5205
-63.0,13.0,-5108
-63.0,15.0,-4770
-63.0,17.0,-5091
-63.0,19.0,-5112
-63.0,21.0,-4894
-63.0,23.0,-5015
-63.0,25.0,-5098
-63.0,27.0,-5138
-63.0,29.0,-5184
-63.0,31.0,-5121
-63.0,33.0,-5173
-63.0,35.0,-5092
-63.0,37.0,-5034
-63.0,39.0,-5056
-63.0,41.0,-5022
-63.0,43.0,-4946
-63.0,45.0,-4760
-63.0,47.0,-4459
-63.0,49.0,-4876
-63.0,51.0,-4907
-63.0,53.0,-4916
-63.0,55.0,-4961
-63.0,57.0,-4755
-63.0,59.0,-4531
-63.0,61.0,-4496
-63.0,63.0,-4131
-63.0,65.0,-4282
-63.0,67.0,-4218
-63.0,69.0,-4098
-63.0,71.0,-3972
-63.0,73.0,-3932
-63.0,75.0,-3824
-63.0,77.0,-3849
-63.0,79.0,-3739
-63.0,81.0,-3353
-63.0,83.0,-2658
-63.0,85.0,-3057
-63.0,87.0,-3723
-63.0,89.0,-3833
-63.0,91.0,-3844
-63.0,93.0,-3656
-63.0,95.0,-3368
-63.0,97.0,-2414
-63.0,99.0,-2523
-63.0,101.0,-2133
-63.0,103.0,-3510
-63.0,105.0,-4014
-63.0,107.0,-3612
-63.0,109.0,-3475
-63.0,111.0,-3803
-63.0,113.0,-3679
-63.0,115.0,-3595
-63.0,117.0,-3536
-63.0,119.0,-3706
-63.0,121.0,-3758
-63.0,123.0,-4011
-63.0,125.0,-4120
-63.0,127.0,-4175
-63.0,129.0,-4297
-63.0,131.0,-4300
-63.0,133.0,-4344
-63.0,135.0,-4125
-63.0,137.0,-3939
-63.0,139.0,-3813
-63.0,141.0,-4040
-63.0,143.0,-3914
-63.0,145.0,-3966
-63.0,147.0,-3943
-63.0,149.0,-3872
-63.0,151.0,-3716
-63.0,153.0,-3212
-63.0,155.0,-2900
-63.0,157.0,-2494
-63.0,159.0,-2219
-63.0,161.0,-2814
-63.0,163.0,-3149
-63.0,165.0,-3324
-63.0,167.0,-2421
-63.0,169.0,-2031
-63.0,171.0,-2016
-63.0,173.0,-4761
-63.0,175.0,-4159
-63.0,177.0,-3374
-63.0,179.0,-3181
-61.0,-179.0,-3702
-61.0,-177.0,-3967
-61.0,-175.0,-3477
-61.0,-173.0,-4010
-61.0,-171.0,-4762
-61.0,-169.0,-3541
-61.0,-167.0,-3651
-61.0,-165.0,-3417
-61.0,-163.0,-3659
-61.0,-161.0,-3195
-61.0,-159.0,-3091
-61.0,-157.0,-3275
-61.0,-155.0,-3104
-61.0,-153.0,-2727
-61.0,-151.0,-3201
-61.0,-149.0,-3186
-61.0,-147.0,-3436
-61.0,-145.0,-3886
-61.0,-143.0,-3735
-61.0,-141.0,-3755
-61.0,-139.0,-4357
-61.0,-137.0,-4209
-61.0,-135.0,-4470
-61.0,-133.0,-4492
-61.0,-131.0,-4633
-61.0,-129.0,-4378
-61.0,-127.0,-4455
-61.0,-125.0,-5214
-61.0,-123.0,-4432
-61.0,-121.0,-5092
-61.0,-119.0,-5111
-61.0,-117.0,-4938
-61.0,-115.0,-5040
-61.0,-113.0,-5072
-61.0,-111.0,-5201
-61.0,-109.0,-5250
-61.0,-107.0,-4989
-61.0,-105.0,-5110
-61.0,-103.0,-5132
-61.0,-101.0,-5129
-61.0,-99.0,-5067
-61.0,-97.0,-4948
-61.0,-95.0,-5058
-61.0,-93.0,-5141
-61.0,-91.0,-4879
-61.0,-89.0,-4873
-61.0,-87.0,-4273
-61.0,-85.0,-4333
-61.0,-83.0,-4907
-61.0,-81.0,-4908
-61.0,-79.0,-4901
-61.0,-77.0,-4713
-61.0,-75.0,-4549
-61.0,-73.0,-4050
-61.0,-71.0,-4343
-61.0,-69.0,-4062
-61.0,-67.0,-3959
-61.0,-65.0,-2577
-61.0,-63.0,-3727
-61.0,-61.0,-4030
-61.0,-59.0,-5090
-61.0,-57.0,-2776
-61.0,-55.0,-318
-61.0,-53.0,-2648
-61.0,-51.0,-1428
-61.0,-49.0,-2155
-61.0,-47.0,-1525
-61.0,-45.0,-373
-61.0,-43.0,-406
-61.0,-41.0,-3346
-61.0,-39.0,-3898
-61.0,-37.0,-667
-61.0,-35.0,-2050
-61.0,-33.0,-3162
-61.0,-31.0,-2184
-61.0,-29.0,-3280
-61.0,-27.0,-3044
-61.0,-25.0,-4228
-61.0,-23.0,-4969
-61.0,-21.0,-4177
-61.0,-19.0,-3626
-61.0,-17.0,-4948
-61.0,-15.0,-3801
-61.0,-13.0,-4953
-61.0,-11.0,-4853
-61.0,-9.0,-4291
-61.0,-7.0,-5172
-61.0,-5.0,-4945
-61.0,-3.0,-5052
-61.0,-1.0,-5398
-61.0,1.0,-5586
-61.0,3.0,-5382
-61.0,5.0,-5338
-61.0,7.0,-5328
-61.0,9.0,-5129
-61.0,11.0,-5342
-61.0,13.0,-4963
-61.0,15.0,-5219
-61.0,17.0,-5062
-61.0,19.0,-4965
-61.0,21.0,-5190
-61.0,23.0,-5195
-61.0,25.0,-5216
-61.0,27.0,-5218
-61.0,29.0,-5272
-61.0,31.0,-5261
-61.0,33.0,-5214
-61.0,35.0,-5270
-61.0,37.0,-5252
-61.0,39.0,-5311
-61.0,41.0,-5298
-61.0,43.0,-5330
-61.0,45.0,-5260
-61.0,47.0,-5392
-61.0,49.0,-5364
-61.0,51.0,-5352
-61.0,53.0,-5283
-61.0,55.0,-5133
-61.0,57.0,-4750
-61.0,59.0,-4843
-61.0,61.0,-4648
-61.0,63.0,-4606
-61.0,65.0,-4556
-61.0,67.0,-4424
-61.0,69.0,-4300
-61.0,71.0,-4263
-61.0,73.0,-3931
-61.0,75.0,-3416
-61.0,77.0,-3661
-61.0,79.0,-3033
-61.0,81.0,-2088
-61.0,83.0,-2383
-61.0,85.0,-2905
-61.0,87.0,-3905
-61.0,89.0,-4148
-61.0,91.0,-4233
-61.0,93.0,-4220
-61.0,95.0,-4208
-61.0,97.0,-4370
-61.0,99.0,-4410
-61.0,101.0,-4647
-61.0,103.0,-4556
-61.0,105.0,-4240
-61.0,107.0,-4448
-61.0,109.0,-4208
-61.0,111.0,-4206
-61.0,113.0,-4285
-61.0,115.0,-4406
-61.0,117.0,-4365
-61.0,119.0,-4299
-61.0,121.0,-4325
-61.0,123.0,-4411
-61.0,125.0,-4440
-61.0,127.0,-4445
-61.0,129.0,-4478
-61.0,131.0,-4574
-61.0,133.0,-4532
-61.0,135.0,-4461
-61.0,137.0,-4417
-61.0,139.0,-4383
-61.0,141.0,-4357
-61.0,143.0,-4195
-61.0,145.0,-4163
-61.0,147.0,-3802
-61.0,149.0,-3912
-61.0,151.0,-3224
-61.0,153.0,-2760
-61.0,155.0,-3184
-61.0,157.0,-2839
-61.0,159.0,-2410
-61.0,161.0,-2695
-61.0,163.0,-3126
-61.0,165.0,-3270
-61.0,167.0,-4629
-61.0,169.0,-4177
-61.0,171.0,-4872
-61.0,173.0,-4684
-61.0,175.0,-3927
-61.0,177.0,-4168
-61.0,179.0,-4706
-59.0,-179.0,-4232
-59.0,-177.0,-4427
-59.0,-175.0,-4628
-59.0,-173.0,-4583
-59.0,-171.0,-4594
-59.0,-169.0,-4544
-59.0,-167.0,-3960
-59.0,-165.0,-4410
-59.0,-163.0,-4737
-59.0,-161.0,-4343
-59.0,-159.0,-3984
-59.0,-157.0,-3864
-59.0,-155.0,-3449
-59.0,-153.0,-2979
-59.0,-151.0,-2710
-59.0,-149.0,-2706
-59.0,-147.0,-2935
-59.0,-145.0,-3207
-59.0,-143.0,-3454
-59.0,-141.0,-3434
-59.0,-139.0,-3854
-59.0,-137.0,-3812
-59.0,-135.0,-3570
-59.0,-133.0,-4033
-59.0,-131.0,-4977
-59.0,-129.0,-4015
-59.0,-127.0,-4350
-59.0,-125.0,-4638
-59.0,-123.0,-4715
-59.0,-121.0,-4704
-59.0,-119.0,-4415
-59.0,-117.0,-4900
-59.0,-115.0,-5423
-59.0,-113.0,-5427
-59.0,-111.0,-5435
-59.0,-109.0,-4918
-59.0,-107.0,-5319
-59.0,-105.0,-4060
-59.0,-103.0,-5077
-59.0,-101.0,-4488
-59.0,-99.0,-4881
-59.0,-97.0,-4706
-59.0,-95.0,-4797
-59.0,-93.0,-4338
-59.0,-91.0,-5414
-59.0,-89.0,-5061
-59.0,-87.0,-5334
-59.0,-85.0,-5095
-59.0,-83.0,-5139
-59.0,-81.0,-4550
-59.0,-79.0,-4633
-59.0,-77.0,-4908
-59.0,-75.0,-4570
-59.0,-73.0,-4529
-59.0,-71.0,-3730
-59.0,-69.0,-3635
-59.0,-67.0,-3479
-59.0,-65.0,-3759
-59.0,-63.0,-4021
-59.0,-61.0,-3948
-59.0,-59.0,-3488
-59.0,-57.0,-3662
-59.0,-55.0,-3831
-59.0,-53.0,-3645
-59.0,-51.0,-2508
-59.0,-49.0,-3816
-59.0,-47.0,-2656
-59.0,-45.0,-1716
-59.0,-43.0,-3889
-59.0,-41.0,-3520
-59.0,-39.0,-3014
-59.0,-37.0,-2901
-59.0,-35.0,-2891
-59.0,-33.0,-2902
-59.0,-31.0,-3005
-59.0,-29.0,-2982
-59.0,-27.0,-1748
-59.0,-25.0,-2960
-59.0,-23.0,-4574
-59.0,-21.0,-3799
-59.0,-19.0,-3719
-59.0,-17.0,-3843
-59.0,-15.0,-4411
-59.0,-13.0,-4190
-59.0,-11.0,-3995
-59.0,-9.0,-4590
-59.0,-7.0,-4030
-59.0,-5.0,-4943
-59.0,-3.0,-4810
-59.0,-1.0,-5076
-59.0,1.0,-4892
-59.0,3.0,-5210
-59.0,5.0,-5304
-59.0,7.0,-5253
-59.0,9.0,-5054
-59.0,11.0,-5200
-59.0,13.0,-5496
-59.0,15.0,-5677
-59.0,17.0,-4699
-59.0,19.0,-4423
-59.0,21.0,-5489
-59.0,23.0,-5530
-59.0,25.0,-5364
-59.0,27.0,-5391
-59.0,29.0,-5405
-59.0,31.0,-5397
-59.0,33.0,-5351
-59.0,35.0,-5373
-59.0,37.0,-5356
-59.0,39.0,-5374
-59.0,41.0,-5352
-59.0,43.0,-5389
-59.0,45.0,-5398
-59.0,47.0,-5478
-59.0,49.0,-5456
-59.0,51.0,-5280
-59.0,53.0,-5357
-59.0,55.0,-5289
-59.0,57.0,-5202
-59.0,59.0,-5043
-59.0,61.0,-4872
-59.0,63.0,-4786
-59.0,65.0,-4958
-59.0,67.0,-4432
-59.0,69.0,-4224
-59.0,71.0,-4709
-59.0,73.0,-3454
-59.0,75.0,-1336
-59.0,77.0,-1110
-59.0,79.0,-1657
-59.0,81.0,-1856
-59.0,83.0,-1800
-59.0,85.0,-4377
-59.0,87.0,-4600
-59.0,89.0,-4584
-59.0,91.0,-4483
-59.0,93.0,-4426
-59.0,95.0,-4383
-59.0,97.0,-4220
-59.0,99.0,-4398
-59.0,101.0,-4426
-59.0,103.0,-4508
-59.0,105.0,-4515
-59.0,107.0,-4372
-59.0,109.0,-4231
-59.0,111.0,-4442
-59.0,113.0,-4516
-59.0,115.0,-4539
-59.0,117.0,-4584
-59.0,119.0,-4564
-59.0,121.0,-4544
-59.0,123.0,-4550
-59.0,125.0,-4593
-59.0,127.0,-4669
-59.0,129.0,-4680
-59.0,131.0,-4652
-59.0,133.0,-4608
-59.0,135.0,-4631
-59.0,137.0,-4375
-59.0,139.0,-4002
-59.0,141.0,-4222
-59.0,143.0,-4219
-59.0,145.0,-3643
-59.0,147.0,-3350
-59.0,149.0,-2765
-59.0,151.0,-2910
-59.0,153.0,-4052
-59.0,155.0,-3199
-59.0,157.0,-3079
-59.0,159.0,-2981
-59.0,161.0,-4323
-59.0,163.0,-4466
-59.0,165.0,-4805
-59.0,167.0,-5056
-59.0,169.0,-5368
-59.0,171.0,-5098
-59.0,173.0,-5158
-59.0,175.0,-4824
-59.0,177.0,-4936
-59.0,179.0,-5192
-57.0,-179.0,-4900
-57.0,-177.0,-4701
-57.0,-175.0,-4817
-57.0,-173.0,-4832
-57.0,-171.0,-4668
-57.0,-169.0,-4731
-57.0,-167.0,-4571
-57.0,-165.0,-4609
-57.0,-163.0,-4563
-57.0,-161.0,-3882
-57.0,-159.0,-3439
-57.0,-157.0,-3730
-57.0,-155.0,-3514
-57.0,-153.0,-3370
-57.0,-151.0,-3146
-57.0,-149.0,-3224
-57.0,-147.0,-2844
-57.0,-145.0,-2971
-57.0,-143.0,-3367
-57.0,-141.0,-2784
-57.0,-139.0,-3154
-57.0,-137.0,-2819
-57.0,-135.0,-3403
-57.0,-133.0,-3413
-57.0,-131.0,-3471
-57.0,-129.0,-3719
-57.0,-127.0,-4240
-57.0,-125.0,-4272
-57.0,-123.0,-3857
-57.0,-121.0,-4470
-57.0,-119.0,-4439
-57.0,-117.0,-3912
-57.0,-115.0,-3899
-57.0,-113.0,-3909
-57.0,-111.0,-4426
-57.0,-109.0,-4513
-57.0,-107.0,-4339
-57.0,-105.0,-4637
-57.0,-103.0,-4190
-57.0,-101.0,-4406
-57.0,-99.0,-4490
-57.0,-97.0,-4749
-57.0,-95.0,-4589
-57.0,-93.0,-5260
-57.0,-91.0,-5229
-57.0,-89.0,-5130
-57.0,-87.0,-5248
-57.0,-85.0,-5199
-57.0,-83.0,-5018
-57.0,-81.0,-4567
-57.0,-79.0,-4907
-57.0,-77.0,-4962
-57.0,-75.0,-3974
-57.0,-73.0,-4122
-57.0,-71.0,-4057
-57.0,-69.0,-4365
-57.0,-67.0,-2969
-57.0,-65.0,-4037
-57.0,-63.0,-3851
-57.0,-61.0,-3745
-57.0,-59.0,-3679
-57.0,-57.0,-4207
-57.0,-55.0,-3264
-57.0,-53.0,-4289
-57.0,-51.0,-4306
-57.0,-49.0,-3838
-57.0,-47.0,-3285
-57.0,-45.0,-3550
-57.0,-43.0,-3727
-57.0,-41.0,-3471
-57.0,-39.0,-2981
-57.0,-37.0,-3467
-57.0,-35.0,-2907
-57.0,-33.0,-3577
-57.0,-31.0,-3499
-57.0,-29.0,-3332
-57.0,-27.0,-1437
-57.0,-25.0,-4575
-57.0,-23.0,-4522
-57.0,-21.0,-4532
-57.0,-19.0,-4459
-57.0,-17.0,-4462
-57.0,-15.0,-4567
-57.0,-13.0,-4522
-57.0,-11.0,-4196
-57.0,-9.0,-3998
-57.0,-7.0,-1943
-57.0,-5.0,-3386
-57.0,-3.0,-3964
-57.0,-1.0,-4415
-57.0,1.0,-3703
-57.0,3.0,-3991
-57.0,5.0,-3822
-57.0,7.0,-4408
-57.0,9.0,-5004
-57.0,11.0,-6187
-57.0,13.0,-5579
-57.0,15.0,-5347
-57.0,17.0,-5537
-57.0,19.0,-5052
-57.0,21.0,-4911
-57.0,23.0,-4438
-57.0,25.0,-4820
-57.0,27.0,-5217
-57.0,29.0,-5475
-57.0,31.0,-5527
-57.0,33.0,-5556
-57.0,35.0,-5399
-57.0,37.0,-5397
-57.0,39.0,-5231
-57.0,41.0,-4985
-57.0,43.0,-5050
-57.0,45.0,-5155
-57.0,47.0,-5393
-57.0,49.0,-5451
-57.0,51.0,-5437
-57.0,53.0,-5340
-57.0,55.0,-5356
-57.0,57.0,-4791
-57.0,59.0,-5159
-57.0,61.0,-4863
-57.0,63.0,-4699
-57.0,65.0,-3787
-57.0,67.0,-1943
-57.0,69.0,-1495
-57.0,71.0,-1229
-57.0,73.0,-2796
-57.0,75.0,-2511
-57.0,77.0,-2437
-57.0,79.0,-1791
-57.0,81.0,-3133
-57.0,83.0,-4482
-57.0,85.0,-4712
-57.0,87.0,-4774
-57.0,89.0,-4393
-57.0,91.0,-4252
-57.0,93.0,-4218
-57.0,95.0,-4301
-57.0,97.0,-4108
-57.0,99.0,-4365
-57.0,101.0,-3774
-57.0,103.0,-4273
-57.0,105.0,-4102
-57.0,107.0,-4405
-57.0,109.0,-3699
-57.0,111.0,-4403
-57.0,113.0,-4639
-57.0,115.0,-4561
-57.0,117.0,-4501
-57.0,119.0,-4578
-57.0,121.0,-4711
-57.0,123.0,-4793
-57.0,125.0,-4686
-57.0,127.0,-4688
-57.0,129.0,-4698
-57.0,131.0,-4540
-57.0,133.0,-4170
-57.0,135.0,-4416
-57.0,137.0,-4226
-57.0,139.0,-3896
-57.0,141.0,-4329
-57.0,143.0,-3595
-57.0,145.0,-3346
-57.0,147.0,-2431
-57.0,149.0,-3642
-57.0,151.0,-3262
-57.0,153.0,-3189
-57.0,155.0,-3684
-57.0,157.0,-3483
-57.0,159.0,-3492
-57.0,161.0,-3833
-57.0,163.0,-5611
-57.0,165.0,-4938
-57.0,167.0,-5337
-57.0,169.0,-4730
-57.0,171.0,-5476
-57.0,173.0,-5211
-57.0,175.0,-5219
-57.0,177.0,-5186
-57.0,179.0,-5150
-55.0,-179.0,-5289
-55.0,-177.0,-5320
-55.0,-175.0,-5247
-55.0,-173.0,-5063
-55.0,-171.0,-4956
-55.0,-169.0,-4781
-55.0,-167.0,-4550
-55.0,-165.0,-4730
-55.0,-163.0,-4784
-55.0,-161.0,-4446
-55.0,-159.0,-4160
-55.0,-157.0,-3995
-55.0,-155.0,-3794
-55.0,-153.0,-3316
-55.0,-151.0,-3907
-55.0,-149.0,-3666
-55.0,-147.0,-3372
-55.0,-145.0,-3575
-55.0,-143.0,-3506
-55.0,-141.0,-3552
-55.0,-139.0,-2923
-55.0,-137.0,-2444
-55.0,-135.0,-2932
-55.0,-133.0,-3139
-55.0,-131.0,-3896
-55.0,-129.0,-2211
-55.0,-127.0,-2662
-55.0,-125.0,-3312
-55.0,-123.0,-3096
-55.0,-121.0,-2476
-55.0,-119.0,-2832
-55.0,-117.0,-3344
-55.0,-115.0,-3510
-55.0,-113.0,-3592
-55.0,-111.0,-3784
-55.0,-109.0,-4030
-55.0,-107.0,-3700
-55.0,-105.0,-4300
-55.0,-103.0,-4424
-55.0,-101.0,-4547
-55.0,-99.0,-1656
-55.0,-97.0,-4534
-55.0,-95.0,-5643
-55.0,-93.0,-4968
-55.0,-91.0,-4640
-55.0,-89.0,-4714
-55.0,-87.0,-4742
-55.0,-85.0,-4428
-55.0,-83.0,-4800
-55.0,-81.0,-4510
-55.0,-79.0,-4291
-55.0,-77.0,-3941
-55.0,-75.0,-4303
-55.0,-73.0,-2304
-55.0,-71.0,8
-55.0,-69.0,68
-55.0,-67.0,102
-55.0,-65.0,-476
-55.0,-63.0,-2454
-55.0,-61.0,-4337
-55.0,-59.0,-2746
-55.0,-57.0,-676
-55.0,-55.0,-3946
-55.0,-53.0,-4035
-55.0,-51.0,-4195
-55.0,-49.0,-3922
-55.0,-47.0,-3733
-55.0,-45.0,-3674
-55.0,-43.0,-3365
-55.0,-41.0,-3165
-55.0,-39.0,-3282
-55.0,-37.0,-627
-55.0,-35.0,-119
-55.0,-33.0,-5013
-55.0,-31.0,-5780
-55.0,-29.0,-6874
-55.0,-27.0,-7470
-55.0,-25.0,-4459
-55.0,-23.0,-4059
-55.0,-21.0,-4471
-55.0,-19.0,-4972
-55.0,-17.0,-4158
-55.0,-15.0,-4095
-55.0,-13.0,-4149
-55.0,-11.0,-3766
-55.0,-9.0,-3321
-55.0,-7.0,-3329
-55.0,-5.0,-2897
-55.0,-3.0,-2845
-55.0,-1.0,-2780
-55.0,1.0,-3150
-55.0,3.0,-2624
-55.0,5.0,-3467
-55.0,7.0,-3553
-55.0,9.0,-4293
-55.0,11.0,-4627
-55.0,13.0,-4553
-55.0,15.0,-4507
-55.0,17.0,-4797
-55.0,19.0,-4266
-55.0,21.0,-3921
-55.0,23.0,-4212
-55.0,25.0,-4687
-55.0,27.0,-5479
-55.0,29.0,-5715
-55.0,31.0,-5401
-55.0,33.0,-5564
-55.0,35.0,-5126
-55.0,37.0,-5006
-55.0,39.0,-3467
-55.0,41.0,-4095
-55.0,43.0,-4309
-55.0,45.0,-4197
-55.0,47.0,-4443
-55.0,49.0,-5065
-55.0,51.0,-5410
-55.0,53.0,-4579
-55.0,55.0,-4824
-55.0,57.0,-4766
-55.0,59.0,-4880
-55.0,61.0,-4782
-55.0,63.0,-4449
-55.0,65.0,-3950
-55.0,67.0,-4423
-55.0,69.0,-4180
-55.0,71.0,-3636
-55.0,73.0,-2501
-55.0,75.0,-2091
-55.0,77.0,-1901
-55.0,79.0,-2501
-55.0,81.0,-3627
-55.0,83.0,-4739
-55.0,85.0,-4669
-55.0,87.0,-4919
-55.0,89.0,-4533
-55.0,91.0,-4382
-55.0,93.0,-4494
-55.0,95.0,-4398
-55.0,97.0,-3779
-55.0,99.0,-2021
-55.0,101.0,-3498
-55.0,103.0,-3763
-55.0,105.0,-4058
-55.0,107.0,-4058
-55.0,109.0,-3784
-55.0,111.0,-3879
-55.0,113.0,-4290
-55.0,115.0,-4449
-55.0,117.0,-4551
-55.0,119.0,-4232
-55.0,121.0,-4296
-55.0,123.0,-4349
-55.0,125.0,-4730
-55.0,127.0,-4457
-55.0,129.0,-4336
-55.0,131.0,-4265
-55.0,133.0,-3980
-55.0,135.0,-3960
-55.0,137.0,-3907
-55.0,139.0,-3992
-55.0,141.0,-3119
-55.0,143.0,-2755
-55.0,145.0,-2611
-55.0,147.0,-2618
-55.0,149.0,-3586
-55.0,151.0,-3460
-55.0,153.0,-4102
-55.0,155.0,-4278
-55.0,157.0,-4113
-55.0,159.0,-4375
-55.0,161.0,-4096
-55.0,163.0,-4571
-55.0,165.0,-3340
-55.0,167.0,-1138
-55.0,169.0,-1233
-55.0,171.0,-5050
-55.0,173.0,-5527
-55.0,175.0,-5151
-55.0,177.0,-5226
-55.0,179.0,-5276
-53.0,-179.0,-5105
-53.0,-177.0,-5501
-53.0,-175.0,-5481
-53.0,-173.0,-5353
-53.0,-171.0,-4727
-53.0,-169.0,-5101
-53.0,-167.0,-5096
-53.0,-165.0,-4941
-53.0,-163.0,-4930
-53.0,-161.0,-4723
-53.0,-159.0,-4535
-53.0,-157.0,-4094
-53.0,-155.0,-4542
-53.0,-153.0,-3848
-53.0,-151.0,-4323
-53.0,-149.0,-4385
-53.0,-147.0,-4176
-53.0,-145.0,-3617
-53.0,-143.0,-3502
-53.0,-141.0,-3652
-53.0,-139.0,-2890
-53.0,-137.0,-3661
-53.0,-135.0,-4629
-53.0,-133.0,-4125
-53.0,-131.0,-3995
-53.0,-129.0,-4187
-53.0,-127.0,-3818
-53.0,-125.0,-3689
-53.0,-123.0,-3264
-53.0,-121.0,-3182
-53.0,-119.0,-3166
-53.0,-117.0,-3004
-53.0,-115.0,-3283
-53.0,-113.0,-3491
-53.0,-111.0,-3518
-53.0,-109.0,-3745
-53.0,-107.0,-3967
-53.0,-105.0,-3904
-53.0,-103.0,-4199
-53.0,-101.0,-4463
-53.0,-99.0,-4634
-53.0,-97.0,-4347
-53.0,-95.0,-4799
-53.0,-93.0,-4555
-53.0,-91.0,-4863
-53.0,-89.0,-5075
-53.0,-87.0,-4937
-53.0,-85.0,-5031
-53.0,-83.0,-4714
-53.0,-81.0,-4233
-53.0,-79.0,-4101
-53.0,-77.0,-4080
-53.0,-75.0,-700
-53.0,-73.0,424
-53.0,-71.0,85
-53.0,-69.0,180
-53.0,-67.0,-92
-53.0,-65.0,-142
-53.0,-63.0,-347
-53.0,-61.0,-312
-53.0,-59.0,-421
-53.0,-57.0,-1644
-53.0,-55.0,-2397
-53.0,-53.0,-3230
-53.0,-51.0,-2741
-53.0,-49.0,-3135
-53.0,-47.0,-1839
-53.0,-45.0,-2336
-53.0,-43.0,-2061
-53.0,-41.0,-3706
-53.0,-39.0,-3697
-53.0,-37.0,-2642
-53.0,-35.0,-3642
-53.0,-33.0,-2443
-53.0,-31.0,-3475
-53.0,-29.0,-3288
-53.0,-27.0,-4467
-53.0,-25.0,-4533
-53.0,-23.0,-4132
-53.0,-21.0,-4578
-53.0,-19.0,-4390
-53.0,-17.0,-4147
-53.0,-15.0,-3848
-53.0,-13.0,-3593
-53.0,-11.0,-3477
-53.0,-9.0,-3104
-53.0,-7.0,-2759
-53.0,-5.0,-2376
-53.0,-3.0,-1809
-53.0,-1.0,-2210
-53.0,1.0,-2483
-53.0,3.0,-2692
-53.0,5.0,-3439
-53.0,7.0,-2660
-53.0,9.0,-2841
-53.0,11.0,-3098
-53.0,13.0,-2710
-53.0,15.0,-4350
-53.0,17.0,-2217
-53.0,19.0,-2611
-53.0,21.0,-2860
-53.0,23.0,-1905
-53.0,25.0,-3185
-53.0,27.0,-3972
-53.0,29.0,-4263
-53.0,31.0,-6085
-53.0,33.0,-5709
-53.0,35.0,-4724
-53.0,37.0,-4627
-53.0,39.0,-3797
-53.0,41.0,-2717
-53.0,43.0,-2460
-53.0,45.0,-376
-53.0,47.0,-3516
-53.0,49.0,-3572
-53.0,51.0,-4578
-53.0,53.0,-4135
-53.0,55.0,-4775
-53.0,57.0,-4794
-53.0,59.0,-5157
-53.0,61.0,-4966
-53.0,63.0,-4534
-53.0,65.0,-2978
-53.0,67.0,-4570
-53.0,69.0,-4195
-53.0,71.0,-2912
-53.0,73.0,-225
-53.0,75.0,-865
-53.0,77.0,-1142
-53.0,79.0,-1784
-53.0,81.0,-2205
-53.0,83.0,-4195
-53.0,85.0,-4672
-53.0,87.0,-4654
-53.0,89.0,-4504
-53.0,91.0,-4416
-53.0,93.0,-4219
-53.0,95.0,-3916
-53.0,97.0,-3888
-53.0,99.0,-3891
-53.0,101.0,-3474
-53.0,103.0,-3720
-53.0,105.0,-3637
-53.0,107.0,-3664
-53.0,109.0,-3711
-53.0,111.0,-3582
-53.0,113.0,-3752
-53.0,115.0,-3795
-53.0,117.0,-3837
-53.0,119.0,-4535
-53.0,121.0,-4479
-53.0,123.0,-4241
-53.0,125.0,-4247
-53.0,127.0,-4168
-53.0,129.0,-4236
-53.0,131.0,-3988
-53.0,133.0,-3746
-53.0,135.0,-3639
-53.0,137.0,-3850
-53.0,139.0,-3476
-53.0,141.0,-3376
-53.0,143.0,-3118
-53.0,145.0,-2978
-53.0,147.0,-3950
-53.0,149.0,-4219
-53.0,151.0,-2954
-53.0,153.0,-4250
-53.0,155.0,-4129
-53.0,157.0,-3538
-53.0,159.0,-4516
-53.0,161.0,-3968
-53.0,163.0,-4288
-53.0,165.0,-1906
-53.0,167.0,-1028
-53.0,169.0,-567
-53.0,171.0,-770
-53.0,173.0,-927
-53.0,175.0,-4655
-53.0,177.0,-4620
-53.0,179.0,-5038
-51.0,-179.0,-4600
-51.0,-177.0,-4656
-51.0,-175.0,-5409
-51.0,-173.0,-5308
-51.0,-171.0,-4938
-51.0,-169.0,-5127
-51.0,-167.0,-5317
-51.0,-165.0,-5351
-51.0,-163.0,-4823
-51.0,-161.0,-4607
-51.0,-159.0,-4172
-51.0,-157.0,-4639
-51.0,-155.0,-4931
-51.0,-153.0,-4699
-51.0,-151.0,-4455
-51.0,-149.0,-4611
-51.0,-147.0,-4548
-51.0,-145.0,-4317
-51.0,-143.0,-4100
-51.0,-141.0,-4831
-51.0,-139.0,-4370
-51.0,-137.0,-4408
-51.0,-135.0,-4511
-51.0,-133.0,-4407
-51.0,-131.0,-4488
-51.0,-129.0,-4110
-51.0,-127.0,-3992
-51.0,-125.0,-3637
-51.0,-123.0,-3519
-51.0,-121.0,-3200
-51.0,-119.0,-3083
-51.0,-117.0,-2806
-51.0,-115.0,-3125
-51.0,-113.0,-3480
-51.0,-111.0,-3560
-51.0,-109.0,-3612
-51.0,-107.0,-3893
-51.0,-105.0,-4743
-51.0,-103.0,-4039
-51.0,-101.0,-4386
-51.0,-99.0,-4388
-51.0,-97.0,-4573
-51.0,-95.0,-4893
-51.0,-93.0,-4844
-51.0,-91.0,-4787
-51.0,-89.0,-4378
-51.0,-87.0,-4694
-51.0,-85.0,-4518
-51.0,-83.0,-4380
-51.0,-81.0,-4165
-51.0,-79.0,-3790
-51.0,-77.0,-3955
-51.0,-75.0,82
-51.0,-73.0,1229
-51.0,-71.0,233
-51.0,-69.0,-7
-51.0,-67.0,-112
-51.0,-65.0,-134
-51.0,-63.0,-168
-51.0,-61.0,-23
-51.0,-59.0,-149
-51.0,-57.0,-108
-51.0,-55.0,-1298
-51.0,-53.0,-1942
-51.0,-51.0,-2372
-51.0,-49.0,-2742
-51.0,-47.0,-2604
-51.0,-45.0,-2319
-51.0,-43.0,-1436
-51.0,-41.0,-2746
-51.0,-39.0,-4234
-51.0,-37.0,-4761
-51.0,-35.0,-4919
-51.0,-33.0,-4096
-51.0,-31.0,-4082
-51.0,-29.0,-4870
-51.0,-27.0,-3834
-51.0,-25.0,-3896
-51.0,-23.0,-4408
-51.0,-21.0,-4522
-51.0,-19.0,-4509
-51.0,-17.0,-4031
-51.0,-15.0,-3829
-51.0,-13.0,-3721
-51.0,-11.0,-3277
-51.0,-9.0,-3438
-51.0,-7.0,-2406
-51.0,-5.0,-2372
-51.0,-3.0,-2395
-51.0,-1.0,-2411
-51.0,1.0,-1058
-51.0,3.0,-3355
-51.0,5.0,-3878
-51.0,7.0,-3600
-51.0,9.0,-4170
-51.0,11.0,-3844
-51.0,13.0,-2010
-51.0,15.0,-4133
-51.0,17.0,-3741
-51.0,19.0,-3696
-51.0,21.0,-3496
-51.0,23.0,-4012
-51.0,25.0,-3417
-51.0,27.0,-4966
-51.0,29.0,-4935
-51.0,31.0,-5148
-51.0,33.0,-5085
-51.0,35.0,-5004
-51.0,37.0,-4633
-51.0,39.0,-3846
-51.0,41.0,-3496
-51.0,43.0,-3568
-51.0,45.0,-3929
-51.0,47.0,-4451
-51.0,49.0,-4683
-51.0,51.0,-4674
-51.0,53.0,-4693
-51.0,55.0,-3298
-51.0,57.0,-4384
-51.0,59.0,-4739
-51.0,61.0,-4247
-51.0,63.0,-4425
-51.0,65.0,-3143
-51.0,67.0,-2378
-51.0,69.0,-2238
-51.0,71.0,-647
-51.0,73.0,-496
-51.0,75.0,-666
-51.0,77.0,-3319
-51.0,79.0,-3531
-51.0,81.0,-3774
-51.0,83.0,-4128
-51.0,85.0,-4225
-51.0,87.0,-4117
-51.0,89.0,-4183
-51.0,91.0,-3630
-51.0,93.0,-3754
-51.0,95.0,-3852
-51.0,97.0,-3986
-51.0,99.0,-3767
-51.0,101.0,-3519
-51.0,103.0,-3134
-51.0,105.0,-3458
-51.0,107.0,-3556
-51.0,109.0,-3052
-51.0,111.0,-3685
-51.0,113.0,-3723
-51.0,115.0,-3958
-51.0,117.0,-3583
-51.0,119.0,-3924
-51.0,121.0,-3890
-51.0,123.0,-4473
-51.0,125.0,-3855
-51.0,127.0,-4216
-51.0,129.0,-3310
-51.0,131.0,-3414
-51.0,133.0,-2995
-51.0,135.0,-3087
-51.0,137.0,-3084
-51.0,139.0,-3099
-51.0,141.0,-3925
-51.0,143.0,-2958
-51.0,145.0,-3646
-51.0,147.0,-3716
-51.0,149.0,-4186
-51.0,151.0,-4185
-51.0,153.0,-4260
-51.0,155.0,-4303
-51.0,157.0,-4399
-51.0,159.0,-3871
-51.0,161.0,-4319
-51.0,163.0,-2557
-51.0,165.0,-3546
-51.0,167.0,-499
-51.0,169.0,-630
-51.0,171.0,-575
-51.0,173.0,-572
-51.0,175.0,-1156
-51.0,177.0,-4685
-51.0,179.0,-4837
-49.0,-179.0,-3169
-49.0,-177.0,-4583
-49.0,-175.0,-5374
-49.0,-173.0,-5445
-49.0,-171.0,-5297
-49.0,-169.0,-5280
-49.0,-167.0,-5144
-49.0,-165.0,-4856
-49.0,-163.0,-4984
-49.0,-161.0,-4852
-49.0,-159.0,-5132
-49.0,-157.0,-5060
-49.0,-155.0,-5026
-49.0,-153.0,-4529
-49.0,-151.0,-4160
-49.0,-149.0,-4612
-49.0,-147.0,-4312
-49.0,-145.0,-4524
-49.0,-143.0,-4557
-49.0,-141.0,-4928
-49.0,-139.0,-4198
-49.0,-137.0,-4743
-49.0,-135.0,-4712
-49.0,-133.0,-4677
-49.0,-131.0,-4470
-49.0,-129.0,-4007
-49.0,-127.0,-3371
-49.0,-125.0,-3704
-49.0,-123.0,-3391
-49.0,-121.0,-3682
-49.0,-119.0,-2748
-49.0,-117.0,-3138
-49.0,-115.0,-3067
-49.0,-113.0,-2650
-49.0,-111.0,-3206
-49.0,-109.0,-3343
-49.0,-107.0,-3806
-49.0,-105.0,-4110
-49.0,-103.0,-4184
-49.0,-101.0,-4361
-49.0,-99.0,-4234
-49.0,-97.0,-3852
-49.0,-95.0,-4815
-49.0,-93.0,-4786
-49.0,-91.0,-4576
-49.0,-89.0,-3830
-49.0,-87.0,-4538
-49.0,-85.0,-3660
-49.0,-83.0,-4112
-49.0,-81.0,-3965
-49.0,-79.0,-3922
-49.0,-77.0,-3735
-49.0,-75.0,321
-49.0,-73.0,854
-49.0,-71.0,593
-49.0,-69.0,254
-49.0,-67.0,-68
-49.0,-65.0,-119
-49.0,-63.0,-189
-49.0,-61.0,-211
-49.0,-59.0,-402
-49.0,-57.0,-591
-49.0,-55.0,-1466
-49.0,-53.0,-5230
-49.0,-51.0,-5760
-49.0,-49.0,-5982
-49.0,-47.0,-6516
-49.0,-45.0,-6087
-49.0,-43.0,-5840
-49.0,-41.0,-5454
-49.0,-39.0,-4931
-49.0,-37.0,-4913
-49.0,-35.0,-4456
-49.0,-33.0,-5380
-49.0,-31.0,-5471
-49.0,-29.0,-5151
-49.0,-27.0,-4458
-49.0,-25.0,-4488
-49.0,-23.0,-4547
-49.0,-21.0,-3961
-49.0,-19.0,-4176
-49.0,-17.0,-3992
-49.0,-15.0,-3545
-49.0,-13.0,-3542
-49.0,-11.0,-3121
-49.0,-9.0,-1607
-49.0,-7.0,-3370
-49.0,-5.0,-3738
-49.0,-3.0,-4106
-49.0,-1.0,-3550
-49.0,1.0,-4111
-49.0,3.0,-3949
-49.0,5.0,-3764
-49.0,7.0,-2959
-49.0,9.0,-4465
-49.0,11.0,-3942
-49.0,13.0,-4116
-49.0,15.0,-4583
-49.0,17.0,-4386
-49.0,19.0,-3981
-49.0,21.0,-4569
-49.0,23.0,-4347
-49.0,25.0,-5224
-49.0,27.0,-5814
-49.0,29.0,-4555
-49.0,31.0,-3386
-49.0,33.0,-4792
-49.0,35.0,-4358
-49.0,37.0,-4109
-49.0,39.0,-4480
-49.0,41.0,-4195
-49.0,43.0,-3811
-49.0,45.0,-4297
-49.0,47.0,-4242
-49.0,49.0,-4412
-49.0,51.0,-4221
-49.0,53.0,-4230
-49.0,55.0,-4330
-49.0,57.0,-4278
-49.0,59.0,-4587
-49.0,61.0,-4260
-49.0,63.0,-1277
-49.0,65.0,-2067
-49.0,67.0,-1250
-49.0,69.0,362
-49.0,71.0,-336
-49.0,73.0,-2325
-49.0,75.0,-2937
-49.0,77.0,-3256
-49.0,79.0,-3533
-49.0,81.0,-3666
-49.0,83.0,-3883
-49.0,85.0,-4018
-49.0,87.0,-4155
-49.0,89.0,-4167
-49.0,91.0,-3884
-49.0,93.0,-3235
-49.0,95.0,-3250
-49.0,97.0,-3514
-49.0,99.0,-3057
-49.0,101.0,-3255
-49.0,103.0,-3054
-49.0,105.0,-2920
-49.0,107.0,-2944
-49.0,109.0,-3170
-49.0,111.0,-3485
-49.0,113.0,-3575
-49.0,115.0,-3771
-49.0,117.0,-3227
-49.0,119.0,-3603
-49.0,121.0,-3436
-49.0,123.0,-4048
-49.0,125.0,-4158
-49.0,127.0,-3789
-49.0,129.0,-3821
-49.0,131.0,-4218
-49.0,133.0,-3670
-49.0,135.0,-3522
-49.0,137.0,-3525
-49.0,139.0,-3316
-49.0,141.0,-4060
-49.0,143.0,-4092
-49.0,145.0,-4419
-49.0,147.0,-4223
-49.0,149.0,-3889
-49.0,151.0,-2857
-49.0,153.0,-4427
-49.0,155.0,-4464
-49.0,157.0,-4850
-49.0,159.0,-4986
-49.0,161.0,-3969
-49.0,163.0,-4549
-49.0,165.0,-2921
-49.0,167.0,-337
-49.0,169.0,-725
-49.0,171.0,-605
-49.0,173.0,-516
-49.0,175.0,-605
-49.0,177.0,-1403
-49.0,179.0,-521
-47.0,-179.0,-3576
-47.0,-177.0,-4797
-47.0,-175.0,-4925
-47.0,-173.0,-5135
-47.0,-171.0,-5344
-47.0,-169.0,-5301
-47.0,-167.0,-5478
-47.0,-165.0,-5068
-47.0,-163.0,-4737
-47.0,-161.0,-5057
-47.0,-159.0,-4355
-47.0,-157.0,-4823
-47.0,-155.0,-4819
-47.0,-153.0,-4632
-47.0,-151.0,-4513
-47.0,-149.0,-4723
-47.0,-147.0,-4908
-47.0,-145.0,-4893
-47.0,-143.0,-4949
-47.0,-141.0,-5291
-47.0,-139.0,-5265
-47.0,-137.0,-4892
-47.0,-135.0,-5016
-47.0,-133.0,-4929
-47.0,-131.0,-4453
-47.0,-129.0,-4090
-47.0,-127.0,-4041
-47.0,-125.0,-3857
-47.0,-123.0,-3970
-47.0,-121.0,-3992
-47.0,-119.0,-3583
-47.0,-117.0,-3185
-47.0,-115.0,-2907
-47.0,-113.0,-2750
-47.0,-111.0,-3147
-47.0,-109.0,-3292
-47.0,-107.0,-3630
-47.0,-105.0,-4107
-47.0,-103.0,-4039
-47.0,-101.0,-4455
-47.0,-99.0,-4081
-47.0,-97.0,-4426
-47.0,-95.0,-4492
-47.0,-93.0,-4334
-47.0,-91.0,-3687
-47.0,-89.0,-4086
-47.0,-87.0,-4347
-47.0,-85.0,-4097
-47.0,-83.0,-3611
-47.0,-81.0,-3672
-47.0,-79.0,-4156
-47.0,-77.0,-3294
-47.0,-75.0,-198
-47.0,-73.0,283
-47.0,-71.0,1217
-47.0,-69.0,380
-47.0,-67.0,201
-47.0,-65.0,-68
-47.0,-63.0,-94
-47.0,-61.0,-65
-47.0,-59.0,-1757
-47.0,-57.0,-4072
-47.0,-55.0,-5779
-47.0,-53.0,-6112
-47.0,-51.0,-6117
-47.0,-49.0,-6017
-47.0,-47.0,-5800
-47.0,-45.0,-5384
-47.0,-43.0,-5697
-47.0,-41.0,-5841
-47.0,-39.0,-5662
-47.0,-37.0,-5883
-47.0,-35.0,-5626
-47.0,-33.0,-5297
-47.0,-31.0,-5081
-47.0,-29.0,-4742
-47.0,-27.0,-4600
-47.0,-25.0,-4286
-47.0,-23.0,-4386
-47.0,-21.0,-4174
-47.0,-19.0,-3643
-47.0,-17.0,-3312
-47.0,-15.0,-3080
-47.0,-13.0,-2220
-47.0,-11.0,-3566
-47.0,-9.0,-2955
-47.0,-7.0,-3540
-47.0,-5.0,-3734
-47.0,-3.0,-3996
-47.0,-1.0,-3964
-47.0,1.0,-3828
-47.0,3.0,-4248
-47.0,5.0,-4441
-47.0,7.0,-3099
-47.0,9.0,-3758
-47.0,11.0,-4630
-47.0,13.0,-4776
-47.0,15.0,-4594
-47.0,17.0,-3576
-47.0,19.0,-5321
-47.0,21.0,-4990
-47.0,23.0,-4859
-47.0,25.0,-5035
-47.0,27.0,-5561
-47.0,29.0,-4771
-47.0,31.0,-4526
-47.0,33.0,-2426
-47.0,35.0,-4014
-47.0,37.0,-3530
-47.0,39.0,-3896
-47.0,41.0,-3543
-47.0,43.0,-3556
-47.0,45.0,-3251
-47.0,47.0,-2684
-47.0,49.0,-3579
-47.0,51.0,-2117
-47.0,53.0,-3472
-47.0,55.0,-3964
-47.0,57.0,-4398
-47.0,59.0,-4504
-47.0,61.0,-4449
-47.0,63.0,-3901
-47.0,65.0,-2600
-47.0,67.0,-590
-47.0,69.0,-618
-47.0,71.0,-931
-47.0,73.0,-2873
-47.0,75.0,-2391
-47.0,77.0,-3480
-47.0,79.0,-3333
-47.0,81.0,-3324
-47.0,83.0,-3536
-47.0,85.0,-3647
-47.0,87.0,-3849
-47.0,89.0,-3838
-47.0,91.0,-3597
-47.0,93.0,-3458
-47.0,95.0,-3067
-47.0,97.0,-2844
-47.0,99.0,-3072
-47.0,101.0,-2938
-47.0,103.0,-3225
-47.0,105.0,-3517
-47.0,107.0,-3679
-47.0,109.0,-3541
-47.0,111.0,-3951
-47.0,113.0,-3902
-47.0,115.0,-3916
-47.0,117.0,-3888
-47.0,119.0,-4476
-47.0,121.0,-4283
-47.0,123.0,-4110
-47.0,125.0,-3921
-47.0,127.0,-4333
-47.0,129.0,-4204
-47.0,131.0,-4037
-47.0,133.0,-4120
-47.0,135.0,-3978
-47.0,137.0,-3902
-47.0,139.0,-4080
-47.0,141.0,-4268
-47.0,143.0,-4657
-47.0,145.0,-4524
-47.0,147.0,-1557
-47.0,149.0,-2180
-47.0,151.0,-4789
-47.0,153.0,-4501
-47.0,155.0,-4706
-47.0,157.0,-4654
-47.0,159.0,-4737
-47.0,161.0,-4693
-47.0,163.0,-4264
-47.0,165.0,-5138
-47.0,167.0,-1092
-47.0,169.0,-112
-47.0,171.0,-1226
-47.0,173.0,-1389
-47.0,175.0,-1476
-47.0,177.0,-2178
-47.0,179.0,-1881
-45.0,-179.0,-1979
-45.0,-177.0,-1964
-45.0,-175.0,-3518
-45.0,-173.0,-4426
-45.0,-171.0,-4677
-45.0,-169.0,-5237
-45.0,-167.0,-5322
-45.0,-165.0,-5339
-45.0,-163.0,-5172
-45.0,-161.0,-5046
-45.0,-159.0,-4025
-45.0,-157.0,-4931
-45.0,-155.0,-4695
-45.0,-153.0,-5140
-45.0,-151.0,-5136
-45.0,-149.0,-5337
-45.0,-147.0,-4736
-45.0,-145.0,-5156
-45.0,-143.0,-5287
-45.0,-141.0,-4974
-45.0,-139.0,-4920
-45.0,-137.0,-4622
-45.0,-135.0,-4854
-45.0,-133.0,-4948
-45.0,-131.0,-5350
-45.0,-129.0,-4697
-45.0,-127.0,-4658
-45.0,-125.0,-4483
-45.0,-123.0,-4576
-45.0,-121.0,-4338
-45.0,-119.0,-3438
-45.0,-117.0,-3685
-45.0,-115.0,-3136
-45.0,-113.0,-2821
-45.0,-111.0,-2984
-45.0,-109.0,-3555
-45.0,-107.0,-3240
-45.0,-105.0,-3208
-45.0,-103.0,-3824
-45.0,-101.0,-4037
-45.0,-99.0,-4200
-45.0,-97.0,-4232
-45.0,-95.0,-4345
-45.0,-93.0,-4441
-45.0,-91.0,-4294
-45.0,-89.0,-3962
-45.0,-87.0,-3792
-45.0,-85.0,-3813
-45.0,-83.0,-3555
-45.0,-81.0,-3918
-45.0,-79.0,-2469
-45.0,-77.0,-2950
-45.0,-75.0,-66
-45.0,-73.0,174
-45.0,-71.0,784
-45.0,-69.0,403
-45.0,-67.0,527
-45.0,-65.0,-90
-45.0,-63.0,-88
-45.0,-61.0,-97
-45.0,-59.0,-1463
-45.0,-57.0,-4776
-45.0,-55.0,-5580
-45.0,-53.0,-5929
-45.0,-51.0,-5805
-45.0,-49.0,-5398
-45.0,-47.0,-5226
-45.0,-45.0,-5027
-45.0,-43.0,-5115
-45.0,-41.0,-5097
-45.0,-39.0,-5065
-45.0,-37.0,-5386
-45.0,-35.0,-5517
-45.0,-33.0,-5171
-45.0,-31.0,-5292
-45.0,-29.0,-4532
-45.0,-27.0,-4685
-45.0,-25.0,-4633
-45.0,-23.0,-3803
-45.0,-21.0,-3610
-45.0,-19.0,-3413
-45.0,-17.0,-3818
-45.0,-15.0,-2542
-45.0,-13.0,-2909
-45.0,-11.0,-3407
-45.0,-9.0,-3787
-45.0,-7.0,-3953
-45.0,-5.0,-3698
-45.0,-3.0,-4241
-45.0,-1.0,-4420
-45.0,1.0,-4440
-45.0,3.0,-4551
-45.0,5.0,-4613
-45.0,7.0,-4445
-45.0,9.0,-4488
-45.0,11.0,-4594
-45.0,13.0,-4722
-45.0,15.0,-4818
-45.0,17.0,-4744
-45.0,19.0,-4316
-45.0,21.0,-4779
-45.0,23.0,-5176
-45.0,25.0,-5082
-45.0,27.0,-5466
-45.0,29.0,-5767
-45.0,31.0,-5327
-45.0,33.0,-4957
-45.0,35.0,-2973
-45.0,37.0,-1887
-45.0,39.0,-2499
-45.0,41.0,-2358
-45.0,43.0,-1769
-45.0,45.0,-1451
-45.0,47.0,-1915
-45.0,49.0,-2759
-45.0,51.0,-3028
-45.0,53.0,-3505
-45.0,55.0,-4009
-45.0,57.0,-4463
-45.0,59.0,-4610
-45.0,61.0,-4779
-45.0,63.0,-4781
-45.0,65.0,-4706
-45.0,67.0,-3961
-45.0,69.0,-3672
-45.0,71.0,-3502
-45.0,73.0,-3644
-45.0,75.0,-3937
-45.0,77.0,-3450
-45.0,79.0,-3479
-45.0,81.0,-3348
-45.0,83.0,-3400
-45.0,85.0,-3839
-45.0,87.0,-3440
-45.0,89.0,-3450
-45.0,91.0,-2965
-45.0,93.0,-3209
-45.0,95.0,-2909
-45.0,97.0,-3023
-45.0,99.0,-3610
-45.0,101.0,-3380
-45.0,103.0,-3616
-45.0,105.0,-3722
-45.0,107.0,-3910
-45.0,109.0,-4109
-45.0,111.0,-3916
-45.0,113.0,-3918
-45.0,115.0,-4255
-45.0,117.0,-4230
-45.0,119.0,-4256
-45.0,121.0,-4419
-45.0,123.0,-5058
-45.0,125.0,-4110
-45.0,127.0,-5380
-45.0,129.0,-4552
-45.0,131.0,-4679
-45.0,133.0,-4526
-45.0,135.0,-4486
-45.0,137.0,-4515
-45.0,139.0,-4280
-45.0,141.0,-4862
-45.0,143.0,-5392
-45.0,145.0,-3309
-45.0,147.0,-3203
-45.0,149.0,-3929
-45.0,151.0,-4094
-45.0,153.0,-4720
-45.0,155.0,-4871
-45.0,157.0,-4634
-45.0,159.0,-5016
-45.0,161.0,-4951
-45.0,163.0,-4838
-45.0,165.0,-4504
-45.0,167.0,-774
-45.0,169.0,959
-45.0,171.0,54
-45.0,173.0,-1223
-45.0,175.0,-1076
-45.0,177.0,-1771
-45.0,179.0,-2760
-43.0,-179.0,-384
-43.0,-177.0,-587
-43.0,-175.0,-932
-43.0,-173.0,-1760
-43.0,-171.0,-1996
-43.0,-169.0,-2949
-43.0,-167.0,-5055
-43.0,-165.0,-4801
-43.0,-163.0,-5164
-43.0,-161.0,-5135
-43.0,-159.0,-5382
-43.0,-157.0,-5043
-43.0,-155.0,-4936
-43.0,-153.0,-5143
-43.0,-151.0,-5362
-43.0,-149.0,-5209
-43.0,-147.0,-5462
-43.0,-145.0,-5409
-43.0,-143.0,-5227
-43.0,-141.0,-5302
-43.0,-139.0,-5183
-43.0,-137.0,-5468
-43.0,-135.0,-5033
-43.0,-133.0,-5191
-43.0,-131.0,-4913
-43.0,-129.0,-4837
-43.0,-127.0,-4526
-43.0,-125.0,-4630
-43.0,-123.0,-3958
-43.0,-121.0,-3767
-43.0,-119.0,-3438
-43.0,-117.0,-3501
-43.0,-115.0,-3254
-43.0,-113.0,-3016
-43.0,-111.0,-2845
-43.0,-109.0,-3203
-43.0,-107.0,-3441
-43.0,-105.0,-3606
-43.0,-103.0,-3835
-43.0,-101.0,-4376
-43.0,-99.0,-4050
-43.0,-97.0,-4229
-43.0,-95.0,-4555
-43.0,-93.0,-4320
-43.0,-91.0,-3883
-43.0,-89.0,-4004
-43.0,-87.0,-3629
-43.0,-85.0,-3414
-43.0,-83.0,-3757
-43.0,-81.0,-2791
-43.0,-79.0,-3559
-43.0,-77.0,-3516
-43.0,-75.0,-471
-43.0,-73.0,-201
-43.0,-71.0,942
-43.0,-69.0,899
-43.0,-67.0,76
-43.0,-65.0,36
-43.0,-63.0,-82
-43.0,-61.0,-94
-43.0,-59.0,-775
-43.0,-57.0,-3429
-43.0,-55.0,-5275
-43.0,-53.0,-5697
-43.0,-51.0,-5571
-43.0,-49.0,-5505
-43.0,-47.0,-5202
-43.0,-45.0,-5019
-43.0,-43.0,-5195
-43.0,-41.0,-5163
-43.0,-39.0,-5174
-43.0,-37.0,-5225
-43.0,-35.0,-5066
-43.0,-33.0,-5244
-43.0,-31.0,-4514
-43.0,-29.0,-4526
-43.0,-27.0,-4398
-43.0,-25.0,-4456
-43.0,-23.0,-4173
-43.0,-21.0,-3806
-43.0,-19.0,-3520
-43.0,-17.0,-3199
-43.0,-15.0,-3071
-43.0,-13.0,-3088
-43.0,-11.0,-3649
-43.0,-9.0,-4192
-43.0,-7.0,-4064
-43.0,-5.0,-4364
-43.0,-3.0,-2243
-43.0,-1.0,-4622
-43.0,1.0,-3513
-43.0,3.0,-4483
-43.0,5.0,-4781
-43.0,7.0,-4553
-43.0,9.0,-3307
-43.0,11.0,-4373
-43.0,13.0,-4857
-43.0,15.0,-4881
-43.0,17.0,-4868
-43.0,19.0,-4951
-43.0,21.0,-5103
-43.0,23.0,-4417
-43.0,25.0,-4969
-43.0,27.0,-5168
-43.0,29.0,-5141
-43.0,31.0,-5202
-43.0,33.0,-4782
-43.0,35.0,-4415
-43.0,37.0,-3584
-43.0,39.0,-3208
-43.0,41.0,-2229
-43.0,43.0,-3291
-43.0,45.0,-3066
-43.0,47.0,-3061
-43.0,49.0,-2790
-43.0,51.0,-3122
-43.0,53.0,-3428
-43.0,55.0,-4309
-43.0,57.0,-4647
-43.0,59.0,-4912
-43.0,61.0,-5014
-43.0,63.0,-4900
-43.0,65.0,-4631
-43.0,67.0,-4452
-43.0,69.0,-4229
-43.0,71.0,-3718
-43.0,73.0,-3799
-43.0,75.0,-3388
-43.0,77.0,-3360
-43.0,79.0,-3127
-43.0,81.0,-3082
-43.0,83.0,-2882
-43.0,85.0,-3191
-43.0,87.0,-3051
-43.0,89.0,-2882
-43.0,91.0,-2484
-43.0,93.0,-2986
-43.0,95.0,-3203
-43.0,97.0,-3331
-43.0,99.0,-3763
-43.0,101.0,-4033
-43.0,103.0,-3830
-43.0,105.0,-4012
-43.0,107.0,-4151
-43.0,109.0,-4261
-43.0,111.0,-4294
-43.0,113.0,-4371
-43.0,115.0,-4348
-43.0,117.0,-4643
-43.0,119.0,-4449
-43.0,121.0,-4654
-43.0,123.0,-4438
-43.0,125.0,-4616
-43.0,127.0,-4844
-43.0,129.0,-5078
-43.0,131.0,-4921
-43.0,133.0,-4868
-43.0,135.0,-4829
-43.0,137.0,-4775
-43.0,139.0,-4419
-43.0,141.0,-4616
-43.0,143.0,-4975
-43.0,145.0,-1334
-43.0,147.0,155
-43.0,149.0,-3175
-43.0,151.0,-3975
-43.0,153.0,-4636
-43.0,155.0,-4538
-43.0,157.0,-4569
-43.0,159.0,-4516
-43.0,161.0,-4977
-43.0,163.0,-4926
-43.0,165.0,-3762
-43.0,167.0,-3153
-43.0,169.0,-907
-43.0,171.0,210
-43.0,173.0,116
-43.0,175.0,-429
-43.0,177.0,-448
-43.0,179.0,-649
-41.0,-179.0,-2958
-41.0,-177.0,-3130
-41.0,-175.0,-3665
-41.0,-173.0,-4036
-41.0,-171.0,-4134
-41.0,-169.0,-4335
-41.0,-167.0,-5083
-41.0,-165.0,-2181
-41.0,-163.0,-5014
-41.0,-161.0,-5199
-41.0,-159.0,-5106
-41.0,-157.0,-4681
-41.0,-155.0,-5101
-41.0,-153.0,-4957
-41.0,-151.0,-4668
-41.0,-149.0,-5135
-41.0,-147.0,-5591
-41.0,-145.0,-5409
-41.0,-143.0,-5264
-41.0,-141.0,-5318
-41.0,-139.0,-5306
-41.0,-137.0,-5171
-41.0,-135.0,-5022
-41.0,-133.0,-5169
-41.0,-131.0,-4887
-41.0,-129.0,-4860
-41.0,-127.0,-4321
-41.0,-125.0,-4568
-41.0,-123.0,-3911
-41.0,-121.0,-3818
-41.0,-119.0,-4232
-41.0,-117.0,-3665
-41.0,-115.0,-3292
-41.0,-113.0,-3117
-41.0,-111.0,-2760
-41.0,-109.0,-3305
-41.0,-107.0,-3626
-41.0,-105.0,-3672
-41.0,-103.0,-3954
-41.0,-101.0,-4279
-41.0,-99.0,-4643
-41.0,-97.0,-3789
-41.0,-95.0,-3735
-41.0,-93.0,-3291
-41.0,-91.0,-3496
-41.0,-89.0,-3169
-41.0,-87.0,-3267
-41.0,-85.0,-3582
-41.0,-83.0,-3556
-41.0,-81.0,-4160
-41.0,-79.0,-3289
-41.0,-77.0,-3799
-41.0,-75.0,-2624
-41.0,-73.0,152
-41.0,-71.0,1160
-41.0,-69.0,1212
-41.0,-67.0,823
-41.0,-65.0,-69
-41.0,-63.0,35
-41.0,-61.0,-41
-41.0,-59.0,-94
-41.0,-57.0,-351
-41.0,-55.0,-4385
-41.0,-53.0,-5589
-41.0,-51.0,-5375
-41.0,-49.0,-5427
-41.0,-47.0,-5147
-41.0,-45.0,-5089
-41.0,-43.0,-5169
-41.0,-41.0,-5230
-41.0,-39.0,-5199
-41.0,-37.0,-5262
-41.0,-35.0,-5043
-41.0,-33.0,-4894
-41.0,-31.0,-4726
-41.0,-29.0,-4291
-41.0,-27.0,-4442
-41.0,-25.0,-4186
-41.0,-23.0,-3816
-41.0,-21.0,-3864
-41.0,-19.0,-3669
-41.0,-17.0,-2551
-41.0,-15.0,-2964
-41.0,-13.0,-3242
-41.0,-11.0,-3861
-41.0,-9.0,-3758
-41.0,-7.0,-3626
-41.0,-5.0,-4294
-41.0,-3.0,-4307
-41.0,-1.0,-4381
-41.0,1.0,-4238
-41.0,3.0,-4793
-41.0,5.0,-5016
-41.0,7.0,-5014
-41.0,9.0,-4741
-41.0,11.0,-4538
-41.0,13.0,-4723
-41.0,15.0,-4818
-41.0,17.0,-4931
-41.0,19.0,-4882
-41.0,21.0,-4884
-41.0,23.0,-4831
-41.0,25.0,-3088
-41.0,27.0,-2498
-41.0,29.0,-4283
-41.0,31.0,-4878
-41.0,33.0,-5122
-41.0,35.0,-5043
-41.0,37.0,-4236
-41.0,39.0,-3653
-41.0,41.0,-2638
-41.0,43.0,-2556
-41.0,45.0,-2582
-41.0,47.0,-2658
-41.0,49.0,-3247
-41.0,51.0,-3083
-41.0,53.0,-4028
-41.0,55.0,-4423
-41.0,57.0,-4785
-41.0,59.0,-5173
-41.0,61.0,-5288
-41.0,63.0,-4873
-41.0,65.0,-4857
-41.0,67.0,-4223
-41.0,69.0,-4019
-41.0,71.0,-4216
-41.0,73.0,-3711
-41.0,75.0,-3985
-41.0,77.0,-3187
-41.0,79.0,-2813
-41.0,81.0,-2709
-41.0,83.0,-3160
-41.0,85.0,-3343
-41.0,87.0,-2834
-41.0,89.0,-2935
-41.0,91.0,-3149
-41.0,93.0,-2703
-41.0,95.0,-3479
-41.0,97.0,-3982
-41.0,99.0,-3979
-41.0,101.0,-4263
-41.0,103.0,-4278
-41.0,105.0,-4113
-41.0,107.0,-4280
-41.0,109.0,-4392
-41.0,111.0,-4410
-41.0,113.0,-4610
-41.0,115.0,-4622
-41.0,117.0,-4613
-41.0,119.0,-4792
-41.0,121.0,-4839
-41.0,123.0,-4689
-41.0,125.0,-4724
-41.0,127.0,-5073
-41.0,129.0,-5345
-41.0,131.0,-5191
-41.0,133.0,-5032
-41.0,135.0,-5191
-41.0,137.0,-5136
-41.0,139.0,-4871
-41.0,141.0,-5082
-41.0,143.0,-3035
-41.0,145.0,101
-41.0,147.0,36
-41.0,149.0,-2973
-41.0,151.0,-4767
-41.0,153.0,-5139
-41.0,155.0,-4623
-41.0,157.0,-4683
-41.0,159.0,-4806
-41.0,161.0,-4793
-41.0,163.0,-4715
-41.0,165.0,-4468
-41.0,167.0,-1481
-41.0,169.0,-925
-41.0,171.0,-433
-41.0,173.0,46
-41.0,175.0,352
-41.0,177.0,-1840
-41.0,179.0,-3021
-39.0,-179.0,-3499
-39.0,-177.0,-3918
-39.0,-175.0,-5022
-39.0,-173.0,-5035
-39.0,-171.0,-4680
-39.0,-169.0,-4716
-39.0,-167.0,-3000
-39.0,-165.0,-4840
-39.0,-163.0,-5159
-39.0,-161.0,-5164
-39.0,-159.0,-3313
-39.0,-157.0,-4730
-39.0,-155.0,-4874
-39.0,-153.0,-5039
-39.0,-151.0,-5343
-39.0,-149.0,-5308
-39.0,-147.0,-4393
-39.0,-145.0,-5254
-39.0,-143.0,-4945
-39.0,-141.0,-5076
-39.0,-139.0,-5213
-39.0,-137.0,-5161
-39.0,-135.0,-5053
-39.0,-133.0,-5157
-39.0,-131.0,-4860
-39.0,-129.0,-4712
-39.0,-127.0,-4108
-39.0,-125.0,-4430
-39.0,-123.0,-4002
-39.0,-121.0,-4400
-39.0,-119.0,-3915
-39.0,-117.0,-3647
-39.0,-115.0,-3575
-39.0,-113.0,-3229
-39.0,-111.0,-2809
-39.0,-109.0,-3234
-39.0,-107.0,-3505
-39.0,-105.0,-3922
-39.0,-103.0,-3705
-39.0,-101.0,-3942
-39.0,-99.0,-4295
-39.0,-97.0,-3865
-39.0,-95.0,-3657
-39.0,-93.0,-3250
-39.0,-91.0,-3178
-39.0,-89.0,-3328
-39.0,-87.0,-3664
-39.0,-85.0,-4412
-39.0,-83.0,-4187
-39.0,-81.0,-4003
-39.0,-79.0,-4181
-39.0,-77.0,-3941
-39.0,-75.0,-4397
-39.0,-73.0,84
-39.0,-71.0,1400
-39.0,-69.0,412
-39.0,-67.0,341
-39.0,-65.0,173
-39.0,-63.0,59
-39.0,-61.0,-1
-39.0,-59.0,-49
-39.0,-57.0,-36
-39.0,-55.0,-761
-39.0,-53.0,-4373
-39.0,-51.0,-5194
-39.0,-49.0,-5349
-39.0,-47.0,-5212
-39.0,-45.0,-5176
-39.0,-43.0,-5104
-39.0,-41.0,-5131
-39.0,-39.0,-5172
-39.0,-37.0,-5025
-39.0,-35.0,-4987
-39.0,-33.0,-4833
-39.0,-31.0,-4308
-39.0,-29.0,-4158
-39.0,-27.0,-4132
-39.0,-25.0,-4133
-39.0,-23.0,-3599
-39.0,-21.0,-4005
-39.0,-19.0,-3374
-39.0,-17.0,-2460
-39.0,-15.0,-2755
-39.0,-13.0,-2978
-39.0,-11.0,-3491
-39.0,-9.0,-3238
-39.0,-7.0,-3568
-39.0,-5.0,-3571
-39.0,-3.0,-4979
-39.0,-1.0,-4909
-39.0,1.0,-5057
-39.0,3.0,-5038
-39.0,5.0,-5272
-39.0,7.0,-5204
-39.0,9.0,-5248
-39.0,11.0,-5170
-39.0,13.0,-4823
-39.0,15.0,-4728
-39.0,17.0,-4872
-39.0,19.0,-4981
-39.0,21.0,-5205
-39.0,23.0,-5209
-39.0,25.0,-3432
-39.0,27.0,-2884
-39.0,29.0,-4010
-39.0,31.0,-4235
-39.0,33.0,-4373
-39.0,35.0,-5127
-39.0,37.0,-5150
-39.0,39.0,-5138
-39.0,41.0,-4278
-39.0,43.0,-2489
-39.0,45.0,-3898
-39.0,47.0,-2501
-39.0,49.0,-3374
-39.0,51.0,-2911
-39.0,53.0,-3809
-39.0,55.0,-4372
-39.0,57.0,-4971
-39.0,59.0,-5348
-39.0,61.0,-5288
-39.0,63.0,-5065
-39.0,65.0,-4444
-39.0,67.0,-4422
-39.0,69.0,-4179
-39.0,71.0,-4284
-39.0,73.0,-4223
-39.0,75.0,-4062
-39.0,77.0,-3035
-39.0,79.0,-3211
-39.0,81.0,-3410
-39.0,83.0,-3501
-39.0,85.0,-3558
-39.0,87.0,-3533
-39.0,89.0,-3681
-39.0,91.0,-3435
-39.0,93.0,-3613
-39.0,95.0,-3639
-39.0,97.0,-3945
-39.0,99.0,-4320
-39.0,101.0,-4061
-39.0,103.0,-4419
-39.0,105.0,-4564
-39.0,107.0,-4873
-39.0,109.0,-4524
-39.0,111.0,-4529
-39.0,113.0,-4566
-39.0,115.0,-4636
-39.0,117.0,-4906
-39.0,119.0,-4631
-39.0,121.0,-4809
-39.0,123.0,-5054
-39.0,125.0,-5344
-39.0,127.0,-4944
-39.0,129.0,-5676
-39.0,131.0,-5529
-39.0,133.0,-5694
-39.0,135.0,-5549
-39.0,137.0,-5448
-39.0,139.0,-5065
-39.0,141.0,-2568
-39.0,143.0,-76
-39.0,145.0,-86
-39.0,147.0,-17
-39.0,149.0,-2096
-39.0,151.0,-4327
-39.0,153.0,-3985
-39.0,155.0,-4563
-39.0,157.0,-4825
-39.0,159.0,-4808
-39.0,161.0,-4752
-39.0,163.0,-4410
-39.0,165.0,-1974
-39.0,167.0,-1849
-39.0,169.0,-494
-39.0,171.0,-851
-39.0,173.0,-134
-39.0,175.0,252
-39.0,177.0,200
-39.0,179.0,-3386
-37.0,-179.0,-4134
-37.0,-177.0,-5226
-37.0,-175.0,-5447
-37.0,-173.0,-5410
-37.0,-171.0,-4010
-37.0,-169.0,-4827
-37.0,-167.0,-4700
-37.0,-165.0,-5260
-37.0,-163.0,-5391
-37.0,-161.0,-5091
-37.0,-159.0,-5327
-37.0,-157.0,-5371
-37.0,-155.0,-5284
-37.0,-153.0,-5582
-37.0,-151.0,-5804
-37.0,-149.0,-5587
-37.0,-147.0,-5387
-37.0,-145.0,-5420
-37.0,-143.0,-5325
-37.0,-141.0,-4905
-37.0,-139.0,-5048
-37.0,-137.0,-4792
-37.0,-135.0,-4863
-37.0,-133.0,-4932
-37.0,-131.0,-4390
-37.0,-129.0,-4137
-37.0,-127.0,-4475
-37.0,-125.0,-4108
-37.0,-123.0,-1206
-37.0,-121.0,-4162
-37.0,-119.0,-4284
-37.0,-117.0,-4004
-37.0,-115.0,-3512
-37.0,-113.0,-896
-37.0,-111.0,-2783
-37.0,-109.0,-3381
-37.0,-107.0,-3613
-37.0,-105.0,-3906
-37.0,-103.0,-3740
-37.0,-101.0,-3612
-37.0,-99.0,-3810
-37.0,-97.0,-4019
-37.0,-95.0,-3265
-37.0,-93.0,-3082
-37.0,-91.0,-3316
-37.0,-89.0,-3425
-37.0,-87.0,-3745
-37.0,-85.0,-4152
-37.0,-83.0,-3581
-37.0,-81.0,-3976
-37.0,-79.0,-3990
-37.0,-77.0,-4062
-37.0,-75.0,-4429
-37.0,-73.0,134
-37.0,-71.0,1845
-37.0,-69.0,1354
-37.0,-67.0,272
-37.0,-65.0,358
-37.0,-63.0,132
-37.0,-61.0,165
-37.0,-59.0,108
-37.0,-57.0,1
-37.0,-55.0,-79
-37.0,-53.0,-3030
-37.0,-51.0,-4340
-37.0,-49.0,-4935
-37.0,-47.0,-5053
-37.0,-45.0,-5062
-37.0,-43.0,-5007
-37.0,-41.0,-5011
-37.0,-39.0,-4928
-37.0,-37.0,-4967
-37.0,-35.0,-4748
-37.0,-33.0,-4412
-37.0,-31.0,-4333
-37.0,-29.0,-4499
-37.0,-27.0,-4323
-37.0,-25.0,-4121
-37.0,-23.0,-3871
-37.0,-21.0,-3484
-37.0,-19.0,-3221
-37.0,-17.0,-2838
-37.0,-15.0,-3342
-37.0,-13.0,-3441
-37.0,-11.0,-3833
-37.0,-9.0,-3744
-37.0,-7.0,-3672
-37.0,-5.0,-3819
-37.0,-3.0,-4483
-37.0,-1.0,-5006
-37.0,1.0,-5054
-37.0,3.0,-5271
-37.0,5.0,-5169
-37.0,7.0,-4995
-37.0,9.0,-4948
-37.0,11.0,-4965
-37.0,13.0,-4990
-37.0,15.0,-5046
-37.0,17.0,-4399
-37.0,19.0,-4267
-37.0,21.0,-2766
-37.0,23.0,-4224
-37.0,25.0,-3394
-37.0,27.0,-2526
-37.0,29.0,-4243
-37.0,31.0,-4331
-37.0,33.0,-4069
-37.0,35.0,-4769
-37.0,37.0,-5375
-37.0,39.0,-4787
-37.0,41.0,-5031
-37.0,43.0,-4266
-37.0,45.0,-2954
-37.0,47.0,-3378
-37.0,49.0,-2827
-37.0,51.0,-2610
-37.0,53.0,-2838
-37.0,55.0,-4245
-37.0,57.0,-4479
-37.0,59.0,-5063
-37.0,61.0,-5227
-37.0,63.0,-4853
-37.0,65.0,-4573
-37.0,67.0,-4394
-37.0,69.0,-4324
-37.0,71.0,-4436
-37.0,73.0,-4248
-37.0,75.0,-3774
-37.0,77.0,-2919
-37.0,79.0,-2133
-37.0,81.0,-3791
-37.0,83.0,-3892
-37.0,85.0,-3869
-37.0,87.0,-3889
-37.0,89.0,-3699
-37.0,91.0,-4008
-37.0,93.0,-3991
-37.0,95.0,-4109
-37.0,97.0,-4425
-37.0,99.0,-4256
-37.0,101.0,-4681
-37.0,103.0,-4958
-37.0,105.0,-5003
-37.0,107.0,-4813
-37.0,109.0,-4080
-37.0,111.0,-5615
-37.0,113.0,-5388
-37.0,115.0,-5448
-37.0,117.0,-4588
-37.0,119.0,-5190
-37.0,121.0,-5207
-37.0,123.0,-5502
-37.0,125.0,-5074
-37.0,127.0,-5647
-37.0,129.0,-5651
-37.0,131.0,-5574
-37.0,133.0,-5514
-37.0,135.0,-5362
-37.0,137.0,-3766
-37.0,139.0,-142
-37.0,141.0,103
-37.0,143.0,225
-37.0,145.0,214
-37.0,147.0,832
-37.0,149.0,812
-37.0,151.0,-4630
-37.0,153.0,-4793
-37.0,155.0,-4569
-37.0,157.0,-4684
-37.0,159.0,-4922
-37.0,161.0,-4863
-37.0,163.0,-3137
-37.0,165.0,-1430
-37.0,167.0,-1230
-37.0,169.0,-1584
-37.0,171.0,-1973
-37.0,173.0,-1478
-37.0,175.0,66
-37.0,177.0,-1906
-37.0,179.0,-1778
-35.0,-179.0,-5791
-35.0,-177.0,-5657
-35.0,-175.0,-5552
-35.0,-173.0,-5621
-35.0,-171.0,-5341
-35.0,-169.0,-5030
-35.0,-167.0,-5206
-35.0,-165.0,-5247
-35.0,-163.0,-5403
-35.0,-161.0,-5173
-35.0,-159.0,-5518
-35.0,-157.0,-5341
-35.0,-155.0,-5456
-35.0,-153.0,-5533
-35.0,-151.0,-5414
-35.0,-149.0,-4922
-35.0,-147.0,-4666
-35.0,-145.0,-4900
-35.0,-143.0,-4735
-35.0,-141.0,-4765
-35.0,-139.0,-4834
-35.0,-137.0,-4846
-35.0,-135.0,-4541
-35.0,-133.0,-3737
-35.0,-131.0,-3553
-35.0,-129.0,-3440
-35.0,-127.0,-3940
-35.0,-125.0,-4087
-35.0,-123.0,-4190
-35.0,-121.0,-1448
-35.0,-119.0,-3568
-35.0,-117.0,-3701
-35.0,-115.0,-3381
-35.0,-113.0,-3323
-35.0,-111.0,-2909
-35.0,-109.0,-3052
-35.0,-107.0,-3663
-35.0,-105.0,-3199
-35.0,-103.0,-3586
-35.0,-101.0,-3353
-35.0,-99.0,-3708
-35.0,-97.0,-3137
-35.0,-95.0,-3218
-35.0,-93.0,-3520
-35.0,-91.0,-3814
-35.0,-89.0,-4002
-35.0,-87.0,-3072
-35.0,-85.0,-4008
-35.0,-83.0,-3738
-35.0,-81.0,-3839
-35.0,-79.0,-4279
-35.0,-77.0,-4007
-35.0,-75.0,-4146
-35.0,-73.0,-1891
-35.0,-71.0,621
-35.0,-69.0,1325
-35.0,-67.0,405
-35.0,-65.0,269
-35.0,-63.0,114
-35.0,-61.0,70
-35.0,-59.0,37
-35.0,-57.0,-1
-35.0,-55.0,-18
-35.0,-53.0,-48
-35.0,-51.0,-2714
-35.0,-49.0,-4316
-35.0,-47.0,-4815
-35.0,-45.0,-4854
-35.0,-43.0,-4819
-35.0,-41.0,-4771
-35.0,-39.0,-4900
-35.0,-37.0,-4581
-35.0,-35.0,-4446
-35.0,-33.0,-4560
-35.0,-31.0,-3720
-35.0,-29.0,-4052
-35.0,-27.0,-4336
-35.0,-25.0,-4074
-35.0,-23.0,-3792
-35.0,-21.0,-3772
-35.0,-19.0,-4087
-35.0,-17.0,-2976
-35.0,-15.0,-2604
-35.0,-13.0,-4047
-35.0,-11.0,-3834
-35.0,-9.0,-4160
-35.0,-7.0,-2099
-35.0,-5.0,-3044
-35.0,-3.0,-4379
-35.0,-1.0,-4546
-35.0,1.0,-4995
-35.0,3.0,-4997
-35.0,5.0,-5209
-35.0,7.0,-5211
-35.0,9.0,-5039
-35.0,11.0,-4994
-35.0,13.0,-4722
-35.0,15.0,-4633
-35.0,17.0,-3351
-35.0,19.0,-174
-35.0,21.0,-79
-35.0,23.0,-227
-35.0,25.0,-1804
-35.0,27.0,-4216
-35.0,29.0,-4447
-35.0,31.0,-4180
-35.0,33.0,-2480
-35.0,35.0,-2906
-35.0,37.0,-5561
-35.0,39.0,-5303
-35.0,41.0,-5229
-35.0,43.0,-3301
-35.0,45.0,-2337
-35.0,47.0,-3692
-35.0,49.0,-4153
-35.0,51.0,-4382
-35.0,53.0,-2574
-35.0,55.0,-2150
-35.0,57.0,-2908
-35.0,59.0,-5032
-35.0,61.0,-4811
-35.0,63.0,-4621
-35.0,65.0,-4714
-35.0,67.0,-4364
-35.0,69.0,-4184
-35.0,71.0,-4299
-35.0,73.0,-4343
-35.0,75.0,-3379
-35.0,77.0,-3333
-35.0,79.0,-2567
-35.0,81.0,-2002
-35.0,83.0,-3503
-35.0,85.0,-4362
-35.0,87.0,-3930
-35.0,89.0,-4149
-35.0,91.0,-4110
-35.0,93.0,-4226
-35.0,95.0,-4479
-35.0,97.0,-4784
-35.0,99.0,-4678
-35.0,101.0,-4513
-35.0,103.0,-5760
-35.0,105.0,-5628
-35.0,107.0,-5525
-35.0,109.0,-5359
-35.0,111.0,-3828
-35.0,113.0,-4650
-35.0,115.0,-689
-35.0,117.0,19
-35.0,119.0,-363
-35.0,121.0,-3421
-35.0,123.0,-4091
-35.0,125.0,-4654
-35.0,127.0,-4985
-35.0,129.0,-4455
-35.0,131.0,-2188
-35.0,133.0,-1104
-35.0,135.0,-129
-35.0,137.0,6
-35.0,139.0,276
-35.0,141.0,55
-35.0,143.0,55
-35.0,145.0,90
-35.0,147.0,166
-35.0,149.0,601
-35.0,151.0,-133
-35.0,153.0,-4869
-35.0,155.0,-4124
-35.0,157.0,-4801
-35.0,159.0,-5015
-35.0,161.0,-2959
-35.0,163.0,-1409
-35.0,165.0,-939
-35.0,167.0,-2838
-35.0,169.0,-917
-35.0,171.0,-1855
-35.0,173.0,-41
-35.0,175.0,-733
-35.0,177.0,-2245
-35.0,179.0,-1762
-33.0,-179.0,-2914
-33.0,-177.0,-5671
-33.0,-175.0,-6222
-33.0,-173.0,-5714
-33.0,-171.0,-5660
-33.0,-169.0,-5332
-33.0,-167.0,-5249
-33.0,-165.0,-5306
-33.0,-163.0,-5590
-33.0,-161.0,-4979
-33.0,-159.0,-5115
-33.0,-157.0,-5185
-33.0,-155.0,-5114
-33.0,-153.0,-5161
-33.0,-151.0,-5173
-33.0,-149.0,-5341
-33.0,-147.0,-4939
-33.0,-145.0,-4946
-33.0,-143.0,-5020
-33.0,-141.0,-4945
-33.0,-139.0,-4995
-33.0,-137.0,-4336
-33.0,-135.0,-4480
-33.0,-133.0,-4261
-33.0,-131.0,-3563
-33.0,-129.0,-3709
-33.0,-127.0,-4407
-33.0,-125.0,-2721
-33.0,-123.0,-3301
-33.0,-121.0,-3255
-33.0,-119.0,-3557
-33.0,-117.0,-3586
-33.0,-115.0,-3317
-33.0,-113.0,-2740
-33.0,-111.0,-2979
-33.0,-109.0,-3057
-33.0,-107.0,-3423
-33.0,-105.0,-3189
-33.0,-103.0,-3166
-33.0,-101.0,-3120
-33.0,-99.0,-3809
-33.0,-97.0,-3482
-33.0,-95.0,-3530
-33.0,-93.0,-3555
-33.0,-91.0,-4095
-33.0,-89.0,-3745
-33.0,-87.0,-3547
-33.0,-85.0,-3471
-33.0,-83.0,-3771
-33.0,-81.0,-3970
-33.0,-79.0,-4115
-33.0,-77.0,-4053
-33.0,-75.0,-4530
-33.0,-73.0,-4804
-33.0,-71.0,1210
-33.0,-69.0,1282
-33.0,-67.0,532
-33.0,-65.0,1374
-33.0,-63.0,137
-33.0,-61.0,66
-33.0,-59.0,62
-33.0,-57.0,55
-33.0,-55.0,266
-33.0,-53.0,2
-33.0,-51.0,-74
-33.0,-49.0,-2890
-33.0,-47.0,-3744
-33.0,-45.0,-4265
-33.0,-43.0,-4390
-33.0,-41.0,-4471
-33.0,-39.0,-4572
-33.0,-37.0,-4627
-33.0,-35.0,-3915
-33.0,-33.0,-4084
-33.0,-31.0,-3461
-33.0,-29.0,-2807
-33.0,-27.0,-4064
-33.0,-25.0,-4409
-33.0,-23.0,-3916
-33.0,-21.0,-4005
-33.0,-19.0,-4069
-33.0,-17.0,-3237
-33.0,-15.0,-3094
-33.0,-13.0,-3365
-33.0,-11.0,-3798
-33.0,-9.0,-4029
-33.0,-7.0,-3968
-33.0,-5.0,-3300
-33.0,-3.0,-1410
-33.0,-1.0,-4046
-33.0,1.0,-4312
-33.0,3.0,-4845
-33.0,5.0,-4984
-33.0,7.0,-5025
-33.0,9.0,-5039
-33.0,11.0,-4834
-33.0,13.0,-3882
-33.0,15.0,-3507
-33.0,17.0,-438
-33.0,19.0,158
-33.0,21.0,876
-33.0,23.0,897
-33.0,25.0,368
-33.0,27.0,359
-33.0,29.0,-2976
-33.0,31.0,-3759
-33.0,33.0,-3388
-33.0,35.0,-1405
-33.0,37.0,-5066
-33.0,39.0,-5146
-33.0,41.0,-5006
-33.0,43.0,-2391
-33.0,45.0,-1131
-33.0,47.0,-3258
-33.0,49.0,-4103
-33.0,51.0,-4134
-33.0,53.0,-4463
-33.0,55.0,-4539
-33.0,57.0,-5168
-33.0,59.0,-4262
-33.0,61.0,-4354
-33.0,63.0,-5341
-33.0,65.0,-5092
-33.0,67.0,-4524
-33.0,69.0,-4281
-33.0,71.0,-4278
-33.0,73.0,-3936
-33.0,75.0,-3471
-33.0,77.0,-3091
-33.0,79.0,-3652
-33.0,81.0,-3583
-33.0,83.0,-3689
-33.0,85.0,-3666
-33.0,87.0,-2438
-33.0,89.0,-3705
-33.0,91.0,-4278
-33.0,93.0,-4412
-33.0,95.0,-4116
-33.0,97.0,-3902
-33.0,99.0,-4153
-33.0,101.0,-2714
-33.0,103.0,-5044
-33.0,105.0,-6047
-33.0,107.0,-5606
-33.0,109.0,-5329
-33.0,111.0,-3619
-33.0,113.0,-3987
-33.0,115.0,-35
-33.0,117.0,309
-33.0,119.0,327
-33.0,121.0,249
-33.0,123.0,221
-33.0,125.0,-42
-33.0,127.0,-88
-33.0,129.0,-136
-33.0,131.0,-114
-33.0,133.0,-41
-33.0,135.0,82
-33.0,137.0,228
-33.0,139.0,537
-33.0,141.0,80
-33.0,143.0,88
-33.0,145.0,101
-33.0,147.0,194
-33.0,149.0,622
-33.0,151.0,253
-33.0,153.0,-3229
-33.0,155.0,-4838
-33.0,157.0,-3447
-33.0,159.0,-4536
-33.0,161.0,-1456
-33.0,163.0,-598
-33.0,165.0,-2927
-33.0,167.0,-512
-33.0,169.0,-2253
-33.0,171.0,-2769
-33.0,173.0,-1940
-33.0,175.0,-3541
-33.0,177.0,-3414
-33.0,179.0,-2975
-31.0,-179.0,-1651
-31.0,-177.0,-7835
-31.0,-175.0,-5308
-31.0,-173.0,-5930
-31.0,-171.0,-4994
-31.0,-169.0,-4983
-31.0,-167.0,-5187
-31.0,-165.0,-5783
-31.0,-163.0,-5213
-31.0,-161.0,-5244
-31.0,-159.0,-4677
-31.0,-157.0,-5317
-31.0,-155.0,-5100
-31.0,-153.0,-4931
-31.0,-151.0,-4927
-31.0,-149.0,-5263
-31.0,-147.0,-4922
-31.0,-145.0,-4658
-31.0,-143.0,-4877
-31.0,-141.0,-4446
-31.0,-139.0,-3677
-31.0,-137.0,-4186
-31.0,-135.0,-4456
-31.0,-133.0,-4102
-31.0,-131.0,-3922
-31.0,-129.0,-3973
-31.0,-127.0,-3999
-31.0,-125.0,-3805
-31.0,-123.0,-3535
-31.0,-121.0,-3461
-31.0,-119.0,-3492
-31.0,-117.0,-3374
-31.0,-115.0,-3320
-31.0,-113.0,-2231
-31.0,-111.0,-2839
-31.0,-109.0,-3049
-31.0,-107.0,-3121
-31.0,-105.0,-3501
-31.0,-103.0,-3338
-31.0,-101.0,-3509
-31.0,-99.0,-3569
-31.0,-97.0,-3862
-31.0,-95.0,-3647
-31.0,-93.0,-3704
-31.0,-91.0,-3260
-31.0,-89.0,-3654
-31.0,-87.0,-3881
-31.0,-85.0,-4045
-31.0,-83.0,-3841
-31.0,-81.0,-3952
-31.0,-79.0,-4038
-31.0,-77.0,-4343
-31.0,-75.0,-4330
-31.0,-73.0,-4378
-31.0,-71.0,1235
-31.0,-69.0,2144
-31.0,-67.0,573
-31.0,-65.0,721
-31.0,-63.0,99
-31.0,-61.0,51
-31.0,-59.0,70
-31.0,-57.0,140
-31.0,-55.0,145
-31.0,-53.0,235
-31.0,-51.0,-1
-31.0,-49.0,-1567
-31.0,-47.0,-3312
-31.0,-45.0,-3497
-31.0,-43.0,-3848
-31.0,-41.0,-3651
-31.0,-39.0,-4182
-31.0,-37.0,-2046
-31.0,-35.0,-1855
-31.0,-33.0,-1626
-31.0,-31.0,-4089
-31.0,-29.0,-2774
-31.0,-27.0,-4913
-31.0,-25.0,-4389
-31.0,-23.0,-4410
-31.0,-21.0,-4773
-31.0,-19.0,-3885
-31.0,-17.0,-3506
-31.0,-15.0,-3050
-31.0,-13.0,-2895
-31.0,-11.0,-3309
-31.0,-9.0,-3944
-31.0,-7.0,-4118
-31.0,-5.0,-4444
-31.0,-3.0,-4549
-31.0,-1.0,-4476
-31.0,1.0,-4310
-31.0,3.0,-1520
-31.0,5.0,-5128
-31.0,7.0,-5174
-31.0,9.0,-4914
-31.0,11.0,-4654
-31.0,13.0,-3327
-31.0,15.0,-2011
-31.0,17.0,-199
-31.0,19.0,334
-31.0,21.0,1125
-31.0,23.0,1334
-31.0,25.0,1485
-31.0,27.0,1508
-31.0,29.0,1037
-31.0,31.0,-2960
-31.0,33.0,-3091
-31.0,35.0,-2600
-31.0,37.0,-4183
-31.0,39.0,-5006
-31.0,41.0,-4696
-31.0,43.0,-2010
-31.0,45.0,-2242
-31.0,47.0,-2600
-31.0,49.0,-4616
-31.0,51.0,-4959
-31.0,53.0,-5231
-31.0,55.0,-4182
-31.0,57.0,-3896
-31.0,59.0,-4632
-31.0,61.0,-5542
-31.0,63.0,-4766
-31.0,65.0,-4753
-31.0,67.0,-4937
-31.0,69.0,-4435
-31.0,71.0,-4216
-31.0,73.0,-4107
-31.0,75.0,-3334
-31.0,77.0,-3188
-31.0,79.0,-3918
-31.0,81.0,-4162
-31.0,83.0,-3917
-31.0,85.0,-3907
-31.0,87.0,-2582
-31.0,89.0,-2450
-31.0,91.0,-4192
-31.0,93.0,-3672
-31.0,95.0,-1533
-31.0,97.0,-2630
-31.0,99.0,-2364
-31.0,101.0,-2915
-31.0,103.0,-4895
-31.0,105.0,-3409
-31.0,107.0,-5005
-31.0,109.0,-5342
-31.0,111.0,-5117
-31.0,113.0,-4859
-31.0,115.0,-42
-31.0,117.0,339
-31.0,119.0,357
-31.0,121.0,438
-31.0,123.0,348
-31.0,125.0,189
-31.0,127.0,181
-31.0,129.0,148
-31.0,131.0,83
-31.0,133.0,127
-31.0,135.0,138
-31.0,137.0,139
-31.0,139.0,336
-31.0,141.0,75
-31.0,143.0,129
-31.0,145.0,130
-31.0,147.0,154
-31.0,149.0,306
-31.0,151.0,533
-31.0,153.0,0
-31.0,155.0,-4877
-31.0,157.0,-3948
-31.0,159.0,-3091
-31.0,161.0,-1418
-31.0,163.0,-1387
-31.0,165.0,-3259
-31.0,167.0,-2042
-31.0,169.0,-4105
-31.0,171.0,-3477
-31.0,173.0,-2119
-31.0,175.0,-4030
-31.0,177.0,-4265
-31.0,179.0,-2897
-29.0,-179.0,-2473
-29.0,-177.0,-3252
-29.0,-175.0,-5542
-29.0,-173.0,-5376
-29.0,-171.0,-5393
-29.0,-169.0,-5359
-29.0,-167.0,-5494
-29.0,-165.0,-5334
-29.0,-163.0,-5240
-29.0,-161.0,-5297
-29.0,-159.0,-5304
-29.0,-157.0,-4880
-29.0,-155.0,-5141
-29.0,-153.0,-5378
-29.0,-151.0,-4963
-29.0,-149.0,-4813
-29.0,-147.0,-4720
-29.0,-145.0,-4399
-29.0,-143.0,-4193
-29.0,-141.0,-3922
-29.0,-139.0,-4244
-29.0,-137.0,-4354
-29.0,-135.0,-4423
-29.0,-133.0,-4139
-29.0,-131.0,-4091
-29.0,-129.0,-4406
-29.0,-127.0,-3550
-29.0,-125.0,-3349
-29.0,-123.0,-3583
-29.0,-121.0,-3471
-29.0,-119.0,-3546
-29.0,-117.0,-3094
-29.0,-115.0,-3310
-29.0,-113.0,-2624
-29.0,-111.0,-2867
-29.0,-109.0,-3124
-29.0,-107.0,-2951
-29.0,-105.0,-3290
-29.0,-103.0,-3334
-29.0,-101.0,-2819
-29.0,-99.0,-3547
-29.0,-97.0,-3598
-29.0,-95.0,-3556
-29.0,-93.0,-1611
-29.0,-91.0,-3515
-29.0,-89.0,-3502
-29.0,-87.0,-3779
-29.0,-85.0,-3855
-29.0,-83.0,-3919
-29.0,-81.0,-4157
-29.0,-79.0,-3699
-29.0,-77.0,-4122
-29.0,-75.0,-4165
-29.0,-73.0,-4383
-29.0,-71.0,917
-29.0,-69.0,3251
-29.0,-67.0,1656
-29.0,-65.0,284
-29.0,-63.0,97
-29.0,-61.0,63
-29.0,-59.0,60
-29.0,-57.0,69
-29.0,-55.0,296
-29.0,-53.0,425
-29.0,-51.0,810
-29.0,-49.0,-50
-29.0,-47.0,-1540
-29.0,-45.0,-3656
-29.0,-43.0,-4014
-29.0,-41.0,-3787
-29.0,-39.0,-4431
-29.0,-37.0,-3592
-29.0,-35.0,-3977
-29.0,-33.0,-2365
-29.0,-31.0,-2186
-29.0,-29.0,-3498
-29.0,-27.0,-5392
-29.0,-25.0,-5144
-29.0,-23.0,-4777
-29.0,-21.0,-4499
-29.0,-19.0,-4158
-29.0,-17.0,-3798
-29.0,-15.0,-3433
-29.0,-13.0,-3043
-29.0,-11.0,-3729
-29.0,-9.0,-4488
-29.0,-7.0,-4403
-29.0,-5.0,-4353
-29.0,-3.0,-4663
-29.0,-1.0,-4460
-29.0,1.0,-4121
-29.0,3.0,-2415
-29.0,5.0,-5089
-29.0,7.0,-5202
-29.0,9.0,-5001
-29.0,11.0,-4543
-29.0,13.0,-3066
-29.0,15.0,-201
-29.0,17.0,309
-29.0,19.0,588
-29.0,21.0,916
-29.0,23.0,1315
-29.0,25.0,1160
-29.0,27.0,1484
-29.0,29.0,3021
-29.0,31.0,416
-29.0,33.0,-1863
-29.0,35.0,-2557
-29.0,37.0,-4732
-29.0,39.0,-4893
-29.0,41.0,-4756
-29.0,43.0,-4123
-29.0,45.0,-2618
-29.0,47.0,-3181
-29.0,49.0,-3115
-29.0,51.0,-4942
-29.0,53.0,-4723
-29.0,55.0,-5087
-29.0,57.0,-5102
-29.0,59.0,-4264
-29.0,61.0,-4639
-29.0,63.0,-3616
-29.0,65.0,-4088
-29.0,67.0,-4375
-29.0,69.0,-4408
-29.0,71.0,-4271
-29.0,73.0,-4139
-29.0,75.0,-2921
-29.0,77.0,-3836
-29.0,79.0,-4038
-29.0,81.0,-4209
-29.0,83.0,-4332
-29.0,85.0,-4279
-29.0,87.0,-3297
-29.0,89.0,-3203
-29.0,91.0,-3693
-29.0,93.0,-3574
-29.0,95.0,-2813
-29.0,97.0,-3866
-29.0,99.0,-2401
-29.0,101.0,-4365
-29.0,103.0,-4995
-29.0,105.0,-5026
-29.0,107.0,-5194
-29.0,109.0,-5637
-29.0,111.0,-5624
-29.0,113.0,-2811
-29.0,115.0,218
-29.0,117.0,339
-29.0,119.0,446
-29.0,121.0,425
-29.0,123.0,416
-29.0,125.0,300
-29.0,127.0,226
-29.0,129.0,293
-29.0,131.0,263
-29.0,133.0,201
-29.0,135.0,140
-29.0,137.0,-13
-29.0,139.0,3
-29.0,141.0,115
-29.0,143.0,84
-29.0,145.0,156
-29.0,147.0,134
-29.0,149.0,160
-29.0,151.0,509
-29.0,153.0,50
-29.0,155.0,-4665
-29.0,157.0,-4559
-29.0,159.0,-2747
-29.0,161.0,-1886
-29.0,163.0,-1414
-29.0,165.0,-3721
-29.0,167.0,-3056
-29.0,169.0,-3230
-29.0,171.0,-2825
-29.0,173.0,-547
-29.0,175.0,-3851
-29.0,177.0,-4407
-29.0,179.0,-3317
-27.0,-179.0,-1761
-27.0,-177.0,-1872
-27.0,-175.0,-5700
-27.0,-173.0,-5305
-27.0,-171.0,-1692
-27.0,-169.0,-5744
-27.0,-167.0,-5650
-27.0,-165.0,-5521
-27.0,-163.0,-5397
-27.0,-161.0,-5152
-27.0,-159.0,-5200
-27.0,-157.0,-5325
-27.0,-155.0,-5097
-27.0,-153.0,-5059
-27.0,-151.0,-4752
-27.0,-149.0,-4586
-27.0,-147.0,-3716
-27.0,-145.0,-3742
-27.0,-143.0,-3531
-27.0,-141.0,-4096
-27.0,-139.0,-4239
-27.0,-137.0,-4440
-27.0,-135.0,-4274
-27.0,-133.0,-4156
-27.0,-131.0,-4244
-27.0,-129.0,-3901
-27.0,-127.0,-4074
-27.0,-125.0,-3690
-27.0,-123.0,-3629
-27.0,-121.0,-3514
-27.0,-119.0,-3679
-27.0,-117.0,-2992
-27.0,-115.0,-2636
-27.0,-113.0,-2649
-27.0,-111.0,-2611
-27.0,-109.0,-2830
-27.0,-107.0,-3124
-27.0,-105.0,-3492
-27.0,-103.0,-559
-27.0,-101.0,-3254
-27.0,-99.0,-3506
-27.0,-97.0,-3438
-27.0,-95.0,-3760
-27.0,-93.0,-3875
-27.0,-91.0,-3733
-27.0,-89.0,-3919
-27.0,-87.0,-3324
-27.0,-85.0,-3743
-27.0,-83.0,-3644
-27.0,-81.0,-3954
-27.0,-79.0,-3922
-27.0,-77.0,-3676
-27.0,-75.0,-3990
-27.0,-73.0,-4081
-27.0,-71.0,-482
-27.0,-69.0,3894
-27.0,-67.0,3319
-27.0,-65.0,375
-27.0,-63.0,173
-27.0,-61.0,104
-27.0,-59.0,69
-27.0,-57.0,101
-27.0,-55.0,208
-27.0,-53.0,362
-27.0,-51.0,959
-27.0,-49.0,342
-27.0,-47.0,-186
-27.0,-45.0,-2454
-27.0,-43.0,-2489
-27.0,-41.0,-3096
-27.0,-39.0,-2796
-27.0,-37.0,-4528
-27.0,-35.0,-4445
-27.0,-33.0,-4498
-27.0,-31.0,-5250
-27.0,-29.0,-5561
-27.0,-27.0,-4706
-27.0,-25.0,-4538
-27.0,-23.0,-4651
-27.0,-21.0,-4478
-27.0,-19.0,-4364
-27.0,-17.0,-3973
-27.0,-15.0,-3562
-27.0,-13.0,-3150
-27.0,-11.0,-3855
-27.0,-9.0,-4135
-27.0,-7.0,-4634
-27.0,-5.0,-4406
-27.0,-3.0,-4720
-27.0,-1.0,-5101
-27.0,1.0,-4829
-27.0,3.0,-3930
-27.0,5.0,-4148
-27.0,7.0,-4965
-27.0,9.0,-4774
-27.0,11.0,-4630
-27.0,13.0,-2729
-27.0,15.0,-149
-27.0,17.0,1094
-27.0,19.0,1130
-27.0,21.0,871
-27.0,23.0,1065
-27.0,25.0,1254
-27.0,27.0,1354
-27.0,29.0,1517
-27.0,31.0,1206
-27.0,33.0,-549
-27.0,35.0,-1471
-27.0,37.0,-2243
-27.0,39.0,-4596
-27.0,41.0,-4416
-27.0,43.0,-4317
-27.0,45.0,-1584
-27.0,47.0,-2549
-27.0,49.0,-4475
-27.0,51.0,-5343
-27.0,53.0,-5377
-27.0,55.0,-5206
-27.0,57.0,-5154
-27.0,59.0,-5326
-27.0,61.0,-4566
-27.0,63.0,-5110
-27.0,65.0,-3551
-27.0,67.0,-4316
-27.0,69.0,-3899
-27.0,71.0,-3205
-27.0,73.0,-3185
-27.0,75.0,-3556
-27.0,77.0,-3926
-27.0,79.0,-4176
-27.0,81.0,-4032
-27.0,83.0,-3509
-27.0,85.0,-4326
-27.0,87.0,-2986
-27.0,89.0,-3754
-27.0,91.0,-4712
-27.0,93.0,-4414
-27.0,95.0,-4684
-27.0,97.0,-4711
-27.0,99.0,-4079
-27.0,101.0,-4710
-27.0,103.0,-4770
-27.0,105.0,-4862
-27.0,107.0,-4981
-27.0,109.0,-5336
-27.0,111.0,-3965
-27.0,113.0,-153
-27.0,115.0,241
-27.0,117.0,400
-27.0,119.0,542
-27.0,121.0,501
-27.0,123.0,512
-27.0,125.0,455
-27.0,127.0,499
-27.0,129.0,452
-27.0,131.0,511
-27.0,133.0,452
-27.0,135.0,166
-27.0,137.0,34
-27.0,139.0,31
-27.0,141.0,78
-27.0,143.0,153
-27.0,145.0,234
-27.0,147.0,322
-27.0,149.0,283
-27.0,151.0,322
-27.0,153.0,14
-27.0,155.0,-4276
-27.0,157.0,-4273
-27.0,159.0,-3402
-27.0,161.0,-1764
-27.0,163.0,-1114
-27.0,165.0,-3328
-27.0,167.0,-2485
-27.0,169.0,-2225
-27.0,171.0,-3664
-27.0,173.0,-3256
-27.0,175.0,-4264
-27.0,177.0,-4148
-27.0,179.0,-4190
-25.0,-179.0,-1252
-25.0,-177.0,-1689
-25.0,-175.0,-6760
-25.0,-173.0,-5475
-25.0,-171.0,-5662
-25.0,-169.0,-5821
-25.0,-167.0,-5689
-25.0,-165.0,-5892
-25.0,-163.0,-5568
-25.0,-161.0,-4943
-25.0,-159.0,-3943
-25.0,-157.0,-4856
-25.0,-155.0,-4695
-25.0,-153.0,-4974
-25.0,-151.0,-4553
-25.0,-149.0,-4864
-25.0,-147.0,-4030
-25.0,-145.0,-1895
-25.0,-143.0,-4368
-25.0,-141.0,-4409
-25.0,-139.0,-4007
-25.0,-137.0,-4263
-25.0,-135.0,-4168
-25.0,-133.0,-4011
-25.0,-131.0,-3864
-25.0,-129.0,-3448
-25.0,-127.0,-3619
-25.0,-125.0,-3317
-25.0,-123.0,-3229
-25.0,-121.0,-3061
-25.0,-119.0,-3484
-25.0,-117.0,-2853
-25.0,-115.0,-3147
-25.0,-113.0,-3063
-25.0,-111.0,-3130
-25.0,-109.0,-3569
-25.0,-107.0,-3664
-25.0,-105.0,-3253
-25.0,-103.0,-3528
-25.0,-101.0,-3367
-25.0,-99.0,-1246
-25.0,-97.0,-3756
-25.0,-95.0,-2965
-25.0,-93.0,-2921
-25.0,-91.0,-1258
-25.0,-89.0,-3088
-25.0,-87.0,-3485
-25.0,-85.0,-3998
-25.0,-83.0,-3959
-25.0,-81.0,-4158
-25.0,-79.0,-4467
-25.0,-77.0,-4179
-25.0,-75.0,-3208
-25.0,-73.0,-4159
-25.0,-71.0,-3272
-25.0,-69.0,3899
-25.0,-67.0,3966
-25.0,-65.0,965
-25.0,-63.0,245
-25.0,-61.0,142
-25.0,-59.0,93
-25.0,-57.0,64
-25.0,-55.0,255
-25.0,-53.0,705
-25.0,-51.0,551
-25.0,-49.0,963
-25.0,-47.0,-42
-25.0,-45.0,-146
-25.0,-43.0,-2058
-25.0,-41.0,-2755
-25.0,-39.0,-3718
-25.0,-37.0,-4177
-25.0,-35.0,-4278
-25.0,-33.0,-4782
-25.0,-31.0,-5346
-25.0,-29.0,-5420
-25.0,-27.0,-5464
-25.0,-25.0,-5341
-25.0,-23.0,-4692
-25.0,-21.0,-5083
-25.0,-19.0,-4110
-25.0,-17.0,-4205
-25.0,-15.0,-3566
-25.0,-13.0,-2919
-25.0,-11.0,-3980
-25.0,-9.0,-4372
-25.0,-7.0,-4375
-25.0,-5.0,-4917
-25.0,-3.0,-4799
-25.0,-1.0,-5279
-25.0,1.0,-4454
-25.0,3.0,-5182
-25.0,5.0,-4243
-25.0,7.0,-2703
-25.0,9.0,-4800
-25.0,11.0,-4161
-25.0,13.0,-1862
-25.0,15.0,381
-25.0,17.0,1510
-25.0,19.0,1111
-25.0,21.0,1026
-25.0,23.0,1041
-25.0,25.0,1232
-25.0,27.0,1037
-25.0,29.0,989
-25.0,31.0,750
-25.0,33.0,50
-25.0,35.0,-69
-25.0,37.0,-2766
-25.0,39.0,-3763
-25.0,41.0,-3976
-25.0,43.0,-3849
-25.0,45.0,222
-25.0,47.0,0
-25.0,49.0,-4643
-25.0,51.0,-5024
-25.0,53.0,-4981
-25.0,55.0,-4947
-25.0,57.0,-5014
-25.0,59.0,-5131
-25.0,61.0,-5132
-25.0,63.0,-4795
-25.0,65.0,-3766
-25.0,67.0,-3777
-25.0,69.0,-3286
-25.0,71.0,-3661
-25.0,73.0,-3931
-25.0,75.0,-3761
-25.0,77.0,-4205
-25.0,79.0,-4492
-25.0,81.0,-4212
-25.0,83.0,-4579
-25.0,85.0,-4475
-25.0,87.0,-2325
-25.0,89.0,-4216
-25.0,91.0,-4977
-25.0,93.0,-4963
-25.0,95.0,-5231
-25.0,97.0,-5374
-25.0,99.0,-5725
-25.0,101.0,-4339
-25.0,103.0,-5292
-25.0,105.0,-4916
-25.0,107.0,-4632
-25.0,109.0,-3487
-25.0,111.0,-1724
-25.0,113.0,-24
-25.0,115.0,135
-25.0,117.0,392
-25.0,119.0,582
-25.0,121.0,554
-25.0,123.0,434
-25.0,125.0,490
-25.0,127.0,410
-25.0,129.0,753
-25.0,131.0,471
-25.0,133.0,493
-25.0,135.0,273
-25.0,137.0,126
-25.0,139.0,85
-25.0,141.0,118
-25.0,143.0,137
-25.0,145.0,397
-25.0,147.0,612
-25.0,149.0,369
-25.0,151.0,398
-25.0,153.0,-11
-25.0,155.0,-2688
-25.0,157.0,-3121
-25.0,159.0,-2822
-25.0,161.0,-1736
-25.0,163.0,-1274
-25.0,165.0,-3453
-25.0,167.0,-2618
-25.0,169.0,-2196
-25.0,171.0,-4133
-25.0,173.0,-4188
-25.0,175.0,-4686
-25.0,177.0,-4382
-25.0,179.0,-3198
-23.0,-179.0,-340
-23.0,-177.0,-2886
-23.0,-175.0,-5041
-23.0,-173.0,-5938
-23.0,-171.0,-5597
-23.0,-169.0,-5643
-23.0,-167.0,-5755
-23.0,-165.0,-5035
-23.0,-163.0,-5039
-23.0,-161.0,-4735
-23.0,-159.0,-4759
-23.0,-157.0,-4912
-23.0,-155.0,-5002
-23.0,-153.0,-4532
-23.0,-151.0,-4138
-23.0,-149.0,-4477
-23.0,-147.0,-4662
-23.0,-145.0,-4095
-23.0,-143.0,-4092
-23.0,-141.0,-4418
-23.0,-139.0,-4153
-23.0,-137.0,-3374
-23.0,-135.0,-489
-23.0,-133.0,-3524
-23.0,-131.0,-3079
-23.0,-129.0,-3337
-23.0,-127.0,-3831
-23.0,-125.0,-3752
-23.0,-123.0,-3635
-23.0,-121.0,-3394
-23.0,-119.0,-3600
-23.0,-117.0,-3169
-23.0,-115.0,-2999
-23.0,-113.0,-3588
-23.0,-111.0,-3595
-23.0,-109.0,-3697
-23.0,-107.0,-3853
-23.0,-105.0,-3873
-23.0,-103.0,-3986
-23.0,-101.0,-3672
-23.0,-99.0,-3888
-23.0,-97.0,-3617
-23.0,-95.0,-3705
-23.0,-93.0,-3872
-23.0,-91.0,-4100
-23.0,-89.0,-4018
-23.0,-87.0,-3804
-23.0,-85.0,-3645
-23.0,-83.0,-1937
-23.0,-81.0,-4199
-23.0,-79.0,-4782
-23.0,-77.0,-4701
-23.0,-75.0,-4449
-23.0,-73.0,-3502
-23.0,-71.0,-4731
-23.0,-69.0,2602
-23.0,-67.0,4627
-23.0,-65.0,4207
-23.0,-63.0,229
-23.0,-61.0,171
-23.0,-59.0,106
-23.0,-57.0,119
-23.0,-55.0,385
-23.0,-53.0,383
-23.0,-51.0,366
-23.0,-49.0,709
-23.0,-47.0,719
-23.0,-45.0,937
-23.0,-43.0,-21
-23.0,-41.0,-85
-23.0,-39.0,-3135
-23.0,-37.0,-3975
-23.0,-35.0,-4255
-23.0,-33.0,-4737
-23.0,-31.0,-5144
-23.0,-29.0,-5193
-23.0,-27.0,-5582
-23.0,-25.0,-5200
-23.0,-23.0,-5067
-23.0,-21.0,-5070
-23.0,-19.0,-4183
-23.0,-17.0,-4339
-23.0,-15.0,-4488
-23.0,-13.0,-3316
-23.0,-11.0,-3605
-23.0,-9.0,-4355
-23.0,-7.0,-4957
-23.0,-5.0,-4666
-23.0,-3.0,-4822
-23.0,-1.0,-4811
-23.0,1.0,-5163
-23.0,3.0,-4998
-23.0,5.0,-2614
-23.0,7.0,-3502
-23.0,9.0,-4451
-23.0,11.0,-3593
-23.0,13.0,-532
-23.0,15.0,467
-23.0,17.0,1926
-23.0,19.0,1425
-23.0,21.0,1244
-23.0,23.0,1073
-23.0,25.0,1026
-23.0,27.0,1024
-23.0,29.0,906
-23.0,31.0,394
-23.0,33.0,90
-23.0,35.0,136
-23.0,37.0,-2887
-23.0,39.0,-2946
-23.0,41.0,-3179
-23.0,43.0,-2218
-23.0,45.0,992
-23.0,47.0,556
-23.0,49.0,-3530
-23.0,51.0,-5437
-23.0,53.0,-4734
-23.0,55.0,-4039
-23.0,57.0,-4687
-23.0,59.0,-4635
-23.0,61.0,-4536
-23.0,63.0,-4466
-23.0,65.0,-3832
-23.0,67.0,-3421
-23.0,69.0,-3466
-23.0,71.0,-3868
-23.0,73.0,-4412
-23.0,75.0,-4130
-23.0,77.0,-4371
-23.0,79.0,-4544
-23.0,81.0,-4477
-23.0,83.0,-5174
-23.0,85.0,-4504
-23.0,87.0,-4030
-23.0,89.0,-4822
-23.0,91.0,-4763
-23.0,93.0,-4936
-23.0,95.0,-5053
-23.0,97.0,-5485
-23.0,99.0,-5775
-23.0,101.0,-4487
-23.0,103.0,-5932
-23.0,105.0,-4407
-23.0,107.0,-3263
-23.0,109.0,-3340
-23.0,111.0,-5057
-23.0,113.0,-849
-23.0,115.0,107
-23.0,117.0,278
-23.0,119.0,746
-23.0,121.0,515
-23.0,123.0,390
-23.0,125.0,338
-23.0,127.0,384
-23.0,129.0,418
-23.0,131.0,556
-23.0,133.0,585
-23.0,135.0,668
-23.0,137.0,252
-23.0,139.0,137
-23.0,141.0,164
-23.0,143.0,278
-23.0,145.0,214
-23.0,147.0,337
-23.0,149.0,142
-23.0,151.0,-22
-23.0,153.0,-83
-23.0,155.0,-3527
-23.0,157.0,-1974
-23.0,159.0,-2534
-23.0,161.0,-1586
-23.0,163.0,-2220
-23.0,165.0,-3652
-23.0,167.0,-59
-23.0,169.0,-1752
-23.0,171.0,-7031
-23.0,173.0,-5434
-23.0,175.0,-4258
-23.0,177.0,-4310
-23.0,179.0,-3602
-21.0,-179.0,-1298
-21.0,-177.0,-2014
-21.0,-175.0,1
-21.0,-173.0,-6336
-21.0,-171.0,-5634
-21.0,-169.0,-4817
-21.0,-167.0,-5398
-21.0,-165.0,-5261
-21.0,-163.0,-5116
-21.0,-161.0,-4798
-21.0,-159.0,-4768
-21.0,-157.0,-3980
-21.0,-155.0,-4723
-21.0,-153.0,-4640
-21.0,-151.0,-4669
-21.0,-149.0,-4528
-21.0,-147.0,-4921
-21.0,-145.0,-4861
-21.0,-143.0,-4436
-21.0,-141.0,-4531
-21.0,-139.0,-4464
-21.0,-137.0,-2048
-21.0,-135.0,-3904
-21.0,-133.0,-4071
-21.0,-131.0,-3946
-21.0,-129.0,-4330
-21.0,-127.0,-3989
-21.0,-125.0,-4092
-21.0,-123.0,-3354
-21.0,-121.0,-3351
-21.0,-119.0,-3492
-21.0,-117.0,-3195
-21.0,-115.0,-3104
-21.0,-113.0,-3425
-21.0,-111.0,-3520
-21.0,-109.0,-3933
-21.0,-107.0,-3872
-21.0,-105.0,-3716
-21.0,-103.0,-4119
-21.0,-101.0,-4061
-21.0,-99.0,-4206
-21.0,-97.0,-4099
-21.0,-95.0,-4009
-21.0,-93.0,-3834
-21.0,-91.0,-4012
-21.0,-89.0,-4230
-21.0,-87.0,-4348
-21.0,-85.0,-4408
-21.0,-83.0,-3712
-21.0,-81.0,-1606
-21.0,-79.0,-4224
-21.0,-77.0,-4664
-21.0,-75.0,-4929
-21.0,-73.0,-4760
-21.0,-71.0,-4509
-21.0,-69.0,3086
-21.0,-67.0,3700
-21.0,-65.0,2325
-21.0,-63.0,552
-21.0,-61.0,194
-21.0,-59.0,104
-21.0,-57.0,211
-21.0,-55.0,452
-21.0,-53.0,435
-21.0,-51.0,349
-21.0,-49.0,557
-21.0,-47.0,1105
-21.0,-45.0,923
-21.0,-43.0,816
-21.0,-41.0,7
-21.0,-39.0,-2379
-21.0,-37.0,-3980
-21.0,-35.0,-4081
-21.0,-33.0,-4357
-21.0,-31.0,-4648
-21.0,-29.0,-5008
-21.0,-27.0,-5479
-21.0,-25.0,-4939
-21.0,-23.0,-4366
-21.0,-21.0,-5097
-21.0,-19.0,-5080
-21.0,-17.0,-4373
-21.0,-15.0,-4025
-21.0,-13.0,-3806
-21.0,-11.0,-3811
-21.0,-9.0,-3991
-21.0,-7.0,-4151
-21.0,-5.0,-5640
-21.0,-3.0,-5071
-21.0,-1.0,-5321
-21.0,1.0,-5525
-21.0,3.0,-5334
-21.0,5.0,-2894
-21.0,7.0,-3551
-21.0,9.0,-3941
-21.0,11.0,-2439
-21.0,13.0,-170
-21.0,15.0,803
-21.0,17.0,1419
-21.0,19.0,1425
-21.0,21.0,1088
-21.0,23.0,1014
-21.0,25.0,915
-21.0,27.0,1120
-21.0,29.0,993
-21.0,31.0,459
-21.0,33.0,302
-21.0,35.0,4
-21.0,37.0,-2375
-21.0,39.0,-2680
-21.0,41.0,-2994
-21.0,43.0,-1382
-21.0,45.0,340
-21.0,47.0,1179
-21.0,49.0,-2635
-21.0,51.0,-4932
-21.0,53.0,-4913
-21.0,55.0,-1588
-21.0,57.0,-4228
-21.0,59.0,-4394
-21.0,61.0,-3921
-21.0,63.0,-2706
-21.0,65.0,-3164
-21.0,67.0,-3001
-21.0,69.0,-2664
-21.0,71.0,-3031
-21.0,73.0,-4152
-21.0,75.0,-4408
-21.0,77.0,-4692
-21.0,79.0,-4808
-21.0,81.0,-4714
-21.0,83.0,-4761
-21.0,85.0,-3645
-21.0,87.0,-3508
-21.0,89.0,-3860
-21.0,91.0,-4690
-21.0,93.0,-4927
-21.0,95.0,-5173
-21.0,97.0,-5140
-21.0,99.0,-6035
-21.0,101.0,-6003
-21.0,103.0,-5260
-21.0,105.0,-4522
-21.0,107.0,-5164
-21.0,109.0,-4978
-21.0,111.0,-5036
-21.0,113.0,-1335
-21.0,115.0,-83
-21.0,117.0,89
-21.0,119.0,159
-21.0,121.0,220
-21.0,123.0,279
-21.0,125.0,295
-21.0,127.0,362
-21.0,129.0,343
-21.0,131.0,403
-21.0,133.0,453
-21.0,135.0,521
-21.0,137.0,230
-21.0,139.0,292
-21.0,141.0,196
-21.0,143.0,200
-21.0,145.0,407
-21.0,147.0,250
-21.0,149.0,11
-21.0,151.0,-9
-21.0,153.0,-88
-21.0,155.0,-3188
-21.0,157.0,-1619
-21.0,159.0,-100
-21.0,161.0,-718
-21.0,163.0,-3591
-21.0,165.0,116
-21.0,167.0,-1791
-21.0,169.0,-5338
-21.0,171.0,-3015
-21.0,173.0,-2943
-21.0,175.0,-3283
-21.0,177.0,-3724
-21.0,179.0,-3723
-19.0,-179.0,-594
-19.0,-177.0,-2372
-19.0,-175.0,-1539
-19.0,-173.0,-6777
-19.0,-171.0,-5288
-19.0,-169.0,-4845
-19.0,-167.0,-5432
-19.0,-165.0,-5303
-19.0,-163.0,-5252
-19.0,-161.0,-5047
-19.0,-159.0,-3995
-19.0,-157.0,-4713
-19.0,-155.0,-4771
-19.0,-153.0,-4675
-19.0,-151.0,-4236
-19.0,-149.0,-4394
-19.0,-147.0,-4474
-19.0,-145.0,-4588
-19.0,-143.0,-4393
-19.0,-141.0,-3200
-19.0,-139.0,-4127
-19.0,-137.0,-3156
-19.0,-135.0,-2457
-19.0,-133.0,-3860
-19.0,-131.0,-4130
-19.0,-129.0,-4043
-19.0,-127.0,-4019
-19.0,-125.0,-3686
-19.0,-123.0,-3618
-19.0,-121.0,-3545
-19.0,-119.0,-3392
-19.0,-117.0,-3501
-19.0,-115.0,-3201
-19.0,-113.0,-3181
-19.0,-111.0,-3488
-19.0,-109.0,-3627
-19.0,-107.0,-3901
-19.0,-105.0,-4168
-19.0,-103.0,-4072
-19.0,-101.0,-4055
-19.0,-99.0,-4252
-19.0,-97.0,-4124
-19.0,-95.0,-4457
-19.0,-93.0,-4007
-19.0,-91.0,-4418
-19.0,-89.0,-4296
-19.0,-87.0,-4368
-19.0,-85.0,-4503
-19.0,-83.0,-4377
-19.0,-81.0,-4065
-19.0,-79.0,-3705
-19.0,-77.0,-4535
-19.0,-75.0,-4587
-19.0,-73.0,-4218
-19.0,-71.0,-1879
-19.0,-69.0,4729
-19.0,-67.0,3694
-19.0,-65.0,2682
-19.0,-63.0,408
-19.0,-61.0,414
-19.0,-59.0,172
-19.0,-57.0,93
-19.0,-55.0,616
-19.0,-53.0,604
-19.0,-51.0,477
-19.0,-49.0,687
-19.0,-47.0,980
-19.0,-45.0,678
-19.0,-43.0,592
-19.0,-41.0,765
-19.0,-39.0,-47
-19.0,-37.0,-3662
-19.0,-35.0,-4121
-19.0,-33.0,-4261
-19.0,-31.0,-4464
-19.0,-29.0,-5038
-19.0,-27.0,-5361
-19.0,-25.0,-5287
-19.0,-23.0,-5002
-19.0,-21.0,-4780
-19.0,-19.0,-4506
-19.0,-17.0,-3891
-19.0,-15.0,-3764
-19.0,-13.0,-3467
-19.0,-11.0,-3312
-19.0,-9.0,-4089
-19.0,-7.0,-4740
-19.0,-5.0,-5226
-19.0,-3.0,-5031
-19.0,-1.0,-5022
-19.0,1.0,-5420
-19.0,3.0,-5495
-19.0,5.0,-5185
-19.0,7.0,-5360
-19.0,9.0,-4771
-19.0,11.0,-1326
-19.0,13.0,661
-19.0,15.0,1159
-19.0,17.0,1141
-19.0,19.0,1207
-19.0,21.0,1065
-19.0,23.0,963
-19.0,25.0,1001
-19.0,27.0,1031
-19.0,29.0,1155
-19.0,31.0,1480
-19.0,33.0,678
-19.0,35.0,137
-19.0,37.0,-88
-19.0,39.0,-2362
-19.0,41.0,-2744
-19.0,43.0,-2040
-19.0,45.0,545
-19.0,47.0,1405
-19.0,49.0,13
-19.0,51.0,-4948
-19.0,53.0,-4845
-19.0,55.0,-3797
-19.0,57.0,-2565
-19.0,59.0,-1430
-19.0,61.0,-3811
-19.0,63.0,-3582
-19.0,65.0,-2574
-19.0,67.0,-2869
-19.0,69.0,-2876
-19.0,71.0,-3988
-19.0,73.0,-4290
-19.0,75.0,-4779
-19.0,77.0,-4835
-19.0,79.0,-4401
-19.0,81.0,-4956
-19.0,83.0,-5065
-19.0,85.0,-4774
-19.0,87.0,-3256
-19.0,89.0,-4835
-19.0,91.0,-5041
-19.0,93.0,-4770
-19.0,95.0,-5262
-19.0,97.0,-5478
-19.0,99.0,-6096
-19.0,101.0,-5886
-19.0,103.0,-5826
-19.0,105.0,-5690
-19.0,107.0,-5563
-19.0,109.0,-4906
-19.0,111.0,-3509
-19.0,113.0,-1675
-19.0,115.0,-1601
-19.0,117.0,-261
-19.0,119.0,-86
-19.0,121.0,-30
-19.0,123.0,166
-19.0,125.0,181
-19.0,127.0,370
-19.0,129.0,457
-19.0,131.0,340
-19.0,133.0,243
-19.0,135.0,222
-19.0,137.0,255
-19.0,139.0,158
-19.0,141.0,49
-19.0,143.0,320
-19.0,145.0,458
-19.0,147.0,-28
-19.0,149.0,-243
-19.0,151.0,-565
-19.0,153.0,-1908
-19.0,155.0,-2709
-19.0,157.0,-1556
-19.0,159.0,-521
-19.0,161.0,-3678
-19.0,163.0,-1079
-19.0,165.0,-2697
-19.0,167.0,-4326
-19.0,169.0,-972
-19.0,171.0,-2939
-19.0,173.0,-2912
-19.0,175.0,-2949
-19.0,177.0,-2105
-19.0,179.0,-2705
-17.0,-179.0,-3
-17.0,-177.0,-2358
-17.0,-175.0,-2383
-17.0,-173.0,-2584
-17.0,-171.0,-2959
-17.0,-169.0,-5010
-17.0,-167.0,-5599
-17.0,-165.0,-5692
-17.0,-163.0,-5326
-17.0,-161.0,-4949
-17.0,-159.0,-5135
-17.0,-157.0,-5069
-17.0,-155.0,-3266
-17.0,-153.0,-4495
-17.0,-151.0,-3571
-17.0,-149.0,-3891
-17.0,-147.0,-4246
-17.0,-145.0,-2664
-17.0,-143.0,-787
-17.0,-141.0,-3551
-17.0,-139.0,-2381
-17.0,-137.0,-3732
-17.0,-135.0,-4477
-17.0,-133.0,-4385
-17.0,-131.0,-4159
-17.0,-129.0,-4056
-17.0,-127.0,-3827
-17.0,-125.0,-3369
-17.0,-123.0,-3746
-17.0,-121.0,-3454
-17.0,-119.0,-3184
-17.0,-117.0,-3410
-17.0,-115.0,-3205
-17.0,-113.0,-3022
-17.0,-111.0,-3500
-17.0,-109.0,-3616
-17.0,-107.0,-3680
-17.0,-105.0,-3817
-17.0,-103.0,-3922
-17.0,-101.0,-4148
-17.0,-99.0,-3962
-17.0,-97.0,-3922
-17.0,-95.0,-3900
-17.0,-93.0,-4589
-17.0,-91.0,-4492
-17.0,-89.0,-4132
-17.0,-87.0,-4339
-17.0,-85.0,-4667
-17.0,-83.0,-4346
-17.0,-81.0,-4443
-17.0,-79.0,-4021
-17.0,-77.0,-3456
-17.0,-75.0,-4620
-17.0,-73.0,-2130
-17.0,-71.0,2569
-17.0,-69.0,3935
-17.0,-67.0,1878
-17.0,-65.0,235
-17.0,-63.0,252
-17.0,-61.0,363
-17.0,-59.0,122
-17.0,-57.0,111
-17.0,-55.0,177
-17.0,-53.0,524
-17.0,-51.0,751
-17.0,-49.0,744
-17.0,-47.0,881
-17.0,-45.0,679
-17.0,-43.0,880
-17.0,-41.0,362
-17.0,-39.0,-17
-17.0,-37.0,-2584
-17.0,-35.0,-4307
-17.0,-33.0,-4554
-17.0,-31.0,-4893
-17.0,-29.0,-5089
-17.0,-27.0,-5285
-17.0,-25.0,-5190
-17.0,-23.0,-4693
-17.0,-21.0,-4873
-17.0,-19.0,-3936
-17.0,-17.0,-3900
-17.0,-15.0,-3276
-17.0,-13.0,-3316
-17.0,-11.0,-3315
-17.0,-9.0,-3977
-17.0,-7.0,-3697
-17.0,-5.0,-3974
-17.0,-3.0,-4676
-17.0,-1.0,-5443
-17.0,1.0,-5950
-17.0,3.0,-5485
-17.0,5.0,-5451
-17.0,7.0,-5002
-17.0,9.0,-4570
-17.0,11.0,-2032
-17.0,13.0,728
-17.0,15.0,1121
-17.0,17.0,1164
-17.0,19.0,1172
-17.0,21.0,1082
-17.0,23.0,1005
-17.0,25.0,983
-17.0,27.0,1228
-17.0,29.0,848
-17.0,31.0,1288
-17.0,33.0,518
-17.0,35.0,192
-17.0,37.0,112
-17.0,39.0,4
-17.0,41.0,-2470
-17.0,43.0,-1415
-17.0,45.0,257
-17.0,47.0,242
-17.0,49.0,894
-17.0,51.0,-4328
-17.0,53.0,-4725
-17.0,55.0,-4601
-17.0,57.0,-4409
-17.0,59.0,-1104
-17.0,61.0,-3594
-17.0,63.0,-3559
-17.0,65.0,-3376
-17.0,67.0,-3004
-17.0,69.0,-3789
-17.0,71.0,-4197
-17.0,73.0,-4991
-17.0,75.0,-4679
-17.0,77.0,-5079
-17.0,79.0,-4904
-17.0,81.0,-5174
-17.0,83.0,-5210
-17.0,85.0,-5247
-17.0,87.0,-3852
-17.0,89.0,-4982
-17.0,91.0,-4894
-17.0,93.0,-5074
-17.0,95.0,-6233
-17.0,97.0,-5843
-17.0,99.0,-4960
-17.0,101.0,-6091
-17.0,103.0,-5976
-17.0,105.0,-5816
-17.0,107.0,-5661
-17.0,109.0,-5455
-17.0,111.0,-5321
-17.0,113.0,-2482
-17.0,115.0,-1517
-17.0,117.0,-2456
-17.0,119.0,-632
-17.0,121.0,-116
-17.0,123.0,56
-17.0,125.0,212
-17.0,127.0,477
-17.0,129.0,180
-17.0,131.0,178
-17.0,133.0,261
-17.0,135.0,282
-17.0,137.0,156
-17.0,139.0,6
-17.0,141.0,3
-17.0,143.0,124
-17.0,145.0,483
-17.0,147.0,-1556
-17.0,149.0,-886
-17.0,151.0,-833
-17.0,153.0,-1513
-17.0,155.0,-2871
-17.0,157.0,-3244
-17.0,159.0,-3643
-17.0,161.0,-4504
-17.0,163.0,-4605
-17.0,165.0,-5266
-17.0,167.0,-4795
-17.0,169.0,-1933
-17.0,171.0,-3155
-17.0,173.0,-3179
-17.0,175.0,-2193
-17.0,177.0,-384
-17.0,179.0,-10
-15.0,-179.0,-1890
-15.0,-177.0,-1843
-15.0,-175.0,-2003
-15.0,-173.0,-6783
-15.0,-171.0,-4400
-15.0,-169.0,-5083
-15.0,-167.0,-4862
-15.0,-165.0,-5696
-15.0,-163.0,-5429
-15.0,-161.0,-4901
-15.0,-159.0,-5176
-15.0,-157.0,-4520
-15.0,-155.0,-4485
-15.0,-153.0,-4600
-15.0,-151.0,-4520
-15.0,-149.0,-3412
-15.0,-147.0,-1766
-15.0,-145.0,-2566
-15.0,-143.0,-2228
-15.0,-141.0,-2790
-15.0,-139.0,-3861
-15.0,-137.0,-3898
-15.0,-135.0,-4009
-15.0,-133.0,-4195
-15.0,-131.0,-3940
-15.0,-129.0,-4086
-15.0,-127.0,-3629
-15.0,-125.0,-3718
-15.0,-123.0,-3834
-15.0,-121.0,-3544
-15.0,-119.0,-3774
-15.0,-117.0,-3508
-15.0,-115.0,-3235
-15.0,-113.0,-2817
-15.0,-111.0,-3246
-15.0,-109.0,-3461
-15.0,-107.0,-3630
-15.0,-105.0,-3594
-15.0,-103.0,-4074
-15.0,-101.0,-3383
-15.0,-99.0,-3664
-15.0,-97.0,-3613
-15.0,-95.0,-3887
-15.0,-93.0,-3376
-15.0,-91.0,-4440
-15.0,-89.0,-4254
-15.0,-87.0,-4649
-15.0,-85.0,-4861
-15.0,-83.0,-4837
-15.0,-81.0,-4752
-15.0,-79.0,-4373
-15.0,-77.0,-3672
-15.0,-75.0,527
-15.0,-73.0,4874
-15.0,-71.0,4318
-15.0,-69.0,4979
-15.0,-67.0,246
-15.0,-65.0,158
-15.0,-63.0,293
-15.0,-61.0,200
-15.0,-59.0,582
-15.0,-57.0,197
-15.0,-55.0,704
-15.0,-53.0,456
-15.0,-51.0,257
-15.0,-49.0,1079
-15.0,-47.0,524
-15.0,-45.0,737
-15.0,-43.0,898
-15.0,-41.0,832
-15.0,-39.0,20
-15.0,-37.0,-4174
-15.0,-35.0,-4597
-15.0,-33.0,-4529
-15.0,-31.0,-4797
-15.0,-29.0,-5157
-15.0,-27.0,-5141
-15.0,-25.0,-5283
-15.0,-23.0,-5323
-15.0,-21.0,-4716
-15.0,-19.0,-5019
-15.0,-17.0,-4036
-15.0,-15.0,-3434
-15.0,-13.0,-2764
-15.0,-11.0,-3336
-15.0,-9.0,-3099
-15.0,-7.0,-4081
-15.0,-5.0,-4242
-15.0,-3.0,-4634
-15.0,-1.0,-5025
-15.0,1.0,-5383
-15.0,3.0,-5556
-15.0,5.0,-5490
-15.0,7.0,-5166
-15.0,9.0,-4427
-15.0,11.0,-2996
-15.0,13.0,473
-15.0,15.0,1343
-15.0,17.0,1378
-15.0,19.0,1321
-15.0,21.0,1133
-15.0,23.0,1019
-15.0,25.0,1178
-15.0,27.0,1193
-15.0,29.0,744
-15.0,31.0,971
-15.0,33.0,512
-15.0,35.0,589
-15.0,37.0,620
-15.0,39.0,445
-15.0,41.0,-1462
-15.0,43.0,-3280
-15.0,45.0,-3308
-15.0,47.0,-10
-15.0,49.0,1162
-15.0,51.0,-3857
-15.0,53.0,-4646
-15.0,55.0,-4091
-15.0,57.0,-4433
-15.0,59.0,-4033
-15.0,61.0,-38
-15.0,63.0,-3884
-15.0,65.0,-3627
-15.0,67.0,-2844
-15.0,69.0,-3569
-15.0,71.0,-4374
-15.0,73.0,-4598
-15.0,75.0,-5086
-15.0,77.0,-4901
-15.0,79.0,-4792
-15.0,81.0,-5086
-15.0,83.0,-4932
-15.0,85.0,-4686
-15.0,87.0,-1985
-15.0,89.0,-4372
-15.0,91.0,-5104
-15.0,93.0,-4969
-15.0,95.0,-4830
-15.0,97.0,-4782
-15.0,99.0,-5932
-15.0,101.0,-5843
-15.0,103.0,-5942
-15.0,105.0,-5770
-15.0,107.0,-5846
-15.0,109.0,-5629
-15.0,111.0,-5742
-15.0,113.0,-4860
-15.0,115.0,-5838
-15.0,117.0,-5639
-15.0,119.0,-4243
-15.0,121.0,-596
-15.0,123.0,-57
-15.0,125.0,-5
-15.0,127.0,306
-15.0,129.0,1
-15.0,131.0,238
-15.0,133.0,184
-15.0,135.0,47
-15.0,137.0,-3
-15.0,139.0,-27
-15.0,141.0,-20
-15.0,143.0,138
-15.0,145.0,298
-15.0,147.0,-1417
-15.0,149.0,-1231
-15.0,151.0,-3407
-15.0,153.0,-4656
-15.0,155.0,-4454
-15.0,157.0,-4161
-15.0,159.0,-3231
-15.0,161.0,-4355
-15.0,163.0,-4681
-15.0,165.0,-3975
-15.0,167.0,231
-15.0,169.0,-3209
-15.0,171.0,-3376
-15.0,173.0,-3252
-15.0,175.0,-2609
-15.0,177.0,-2834
-15.0,179.0,-2350
-13.0,-179.0,-2778
-13.0,-177.0,-3426
-13.0,-175.0,-4632
-13.0,-173.0,-4167
-13.0,-171.0,-4917
-13.0,-169.0,-5157
-13.0,-167.0,-5132
-13.0,-165.0,-5451
-13.0,-163.0,-2656
-13.0,-161.0,-3960
-13.0,-159.0,-5509
-13.0,-157.0,-5021
-13.0,-155.0,-5170
-13.0,-153.0,-5034
-13.0,-151.0,-4461
-13.0,-149.0,-4743
-13.0,-147.0,-4710
-13.0,-145.0,-4959
-13.0,-143.0,-4329
-13.0,-141.0,-4121
-13.0,-139.0,-3155
-13.0,-137.0,-4198
-13.0,-135.0,-4421
-13.0,-133.0,-4330
-13.0,-131.0,-3662
-13.0,-129.0,-4208
-13.0,-127.0,-3789
-13.0,-125.0,-3591
-13.0,-123.0,-3532
-13.0,-121.0,-3262
-13.0,-119.0,-3699
-13.0,-117.0,-3505
-13.0,-115.0,-3179
-13.0,-113.0,-3108
-13.0,-111.0,-2885
-13.0,-109.0,-3460
-13.0,-107.0,-3535
-13.0,-105.0,-3957
-13.0,-103.0,-4276
-13.0,-101.0,-4176
-13.0,-99.0,-4068
-13.0,-97.0,-3855
-13.0,-95.0,-3766
-13.0,-93.0,-3810
-13.0,-91.0,-3781
-13.0,-89.0,-4230
-13.0,-87.0,-4186
-13.0,-85.0,-4870
-13.0,-83.0,-4882
-13.0,-81.0,-4676
-13.0,-79.0,-4766
-13.0,-77.0,-497
-13.0,-75.0,4680
-13.0,-73.0,3775
-13.0,-71.0,795
-13.0,-69.0,224
-13.0,-67.0,174
-13.0,-65.0,143
-13.0,-63.0,149
-13.0,-61.0,253
-13.0,-59.0,431
-13.0,-57.0,386
-13.0,-55.0,403
-13.0,-53.0,335
-13.0,-51.0,217
-13.0,-49.0,409
-13.0,-47.0,584
-13.0,-45.0,752
-13.0,-43.0,883
-13.0,-41.0,604
-13.0,-39.0,56
-13.0,-37.0,-3797
-13.0,-35.0,-4414
-13.0,-33.0,-4515
-13.0,-31.0,-5250
-13.0,-29.0,-5598
-13.0,-27.0,-5375
-13.0,-25.0,-5709
-13.0,-23.0,-5527
-13.0,-21.0,-4694
-13.0,-19.0,-4839
-13.0,-17.0,-3668
-13.0,-15.0,-3039
-13.0,-13.0,-3738
-13.0,-11.0,-3878
-13.0,-9.0,-4149
-13.0,-7.0,-3984
-13.0,-5.0,-3727
-13.0,-3.0,-4861
-13.0,-1.0,-5392
-13.0,1.0,-5536
-13.0,3.0,-5550
-13.0,5.0,-5377
-13.0,7.0,-5120
-13.0,9.0,-4430
-13.0,11.0,-3576
-13.0,13.0,56
-13.0,15.0,1956
-13.0,17.0,1477
-13.0,19.0,1367
-13.0,21.0,1200
-13.0,23.0,1086
-13.0,25.0,1116
-13.0,27.0,1226
-13.0,29.0,1286
-13.0,31.0,1577
-13.0,33.0,1092
-13.0,35.0,1280
-13.0,37.0,509
-13.0,39.0,479
-13.0,41.0,-2173
-13.0,43.0,-3548
-13.0,45.0,-243
-13.0,47.0,-3381
-13.0,49.0,22
-13.0,51.0,-3933
-13.0,53.0,-4698
-13.0,55.0,-4173
-13.0,57.0,-4451
-13.0,59.0,-4069
-13.0,61.0,-1542
-13.0,63.0,-3849
-13.0,65.0,-3178
-13.0,67.0,-2659
-13.0,69.0,-3260
-13.0,71.0,-3615
-13.0,73.0,-4879
-13.0,75.0,-5261
-13.0,77.0,-5407
-13.0,79.0,-5433
-13.0,81.0,-5010
-13.0,83.0,-4544
-13.0,85.0,-4770
-13.0,87.0,-4667
-13.0,89.0,-3029
-13.0,91.0,-5390
-13.0,93.0,-5903
-13.0,95.0,-4078
-13.0,97.0,-4650
-13.0,99.0,-5192
-13.0,101.0,-5492
-13.0,103.0,-4624
-13.0,105.0,-5761
-13.0,107.0,-5028
-13.0,109.0,-3237
-13.0,111.0,-5289
-13.0,113.0,-5867
-13.0,115.0,-5673
-13.0,117.0,-5464
-13.0,119.0,-5352
-13.0,121.0,-1966
-13.0,123.0,-426
-13.0,125.0,-71
-13.0,127.0,-82
-13.0,129.0,-57
-13.0,131.0,77
-13.0,133.0,325
-13.0,135.0,40
-13.0,137.0,-5
-13.0,139.0,-37
-13.0,141.0,-21
-13.0,143.0,143
-13.0,145.0,-2431
-13.0,147.0,-3313
-13.0,149.0,-4466
-13.0,151.0,-4592
-13.0,153.0,-4585
-13.0,155.0,-2536
-13.0,157.0,-2112
-13.0,159.0,-2877
-13.0,161.0,-2941
-13.0,163.0,-4645
-13.0,165.0,-2453
-13.0,167.0,-1798
-13.0,169.0,-3656
-13.0,171.0,-3168
-13.0,173.0,-3202
-13.0,175.0,-2710
-13.0,177.0,-1941
-13.0,179.0,-2334
-11.0,-179.0,-2281
-11.0,-177.0,-2114
-11.0,-175.0,-3977
-11.0,-173.0,-4810
-11.0,-171.0,-2136
-11.0,-169.0,-5076
-11.0,-167.0,-5237
-11.0,-165.0,-4331
-11.0,-163.0,-2850
-11.0,-161.0,-3797
-11.0,-159.0,-5321
-11.0,-157.0,-5264
-11.0,-155.0,-5491
-11.0,-153.0,-5311
-11.0,-151.0,-5051
-11.0,-149.0,-5153
-11.0,-147.0,-4950
-11.0,-145.0,-4643
-11.0,-143.0,-4946
-11.0,-141.0,-4326
-11.0,-139.0,-4086
-11.0,-137.0,-3491
-11.0,-135.0,-4193
-11.0,-133.0,-4085
-11.0,-131.0,-4303
-11.0,-129.0,-4115
-11.0,-127.0,-3844
-11.0,-125.0,-4013
-11.0,-123.0,-3346
-11.0,-121.0,-3988
-11.0,-119.0,-4147
-11.0,-117.0,-3681
-11.0,-115.0,-3541
-11.0,-113.0,-3420
-11.0,-111.0,-3134
-11.0,-109.0,-3268
-11.0,-107.0,-3648
-11.0,-105.0,-4008
-11.0,-103.0,-4250
-11.0,-101.0,-3753
-11.0,-99.0,-4110
-11.0,-97.0,-3764
-11.0,-95.0,-3745
-11.0,-93.0,-3648
-11.0,-91.0,-4107
-11.0,-89.0,-4328
-11.0,-87.0,-4344
-11.0,-85.0,-4550
-11.0,-83.0,-4569
-11.0,-81.0,-4388
-11.0,-79.0,-2726
-11.0,-77.0,2546
-11.0,-75.0,990
-11.0,-73.0,344
-11.0,-71.0,396
-11.0,-69.0,216
-11.0,-67.0,161
-11.0,-65.0,163
-11.0,-63.0,309
-11.0,-61.0,194
-11.0,-59.0,339
-11.0,-57.0,316
-11.0,-55.0,424
-11.0,-53.0,304
-11.0,-51.0,182
-11.0,-49.0,277
-11.0,-47.0,465
-11.0,-45.0,532
-11.0,-43.0,403
-11.0,-41.0,586
-11.0,-39.0,233
-11.0,-37.0,-7
-11.0,-35.0,-4058
-11.0,-33.0,-4733
-11.0,-31.0,-5235
-11.0,-29.0,-5423
-11.0,-27.0,-5219
-11.0,-25.0,-5553
-11.0,-23.0,-5168
-11.0,-21.0,-5261
-11.0,-19.0,-4270
-11.0,-17.0,-4002
-11.0,-15.0,-3401
-11.0,-13.0,-2742
-11.0,-11.0,-3629
-11.0,-9.0,-4178
-11.0,-7.0,-4243
-11.0,-5.0,-4745
-11.0,-3.0,-5124
-11.0,-1.0,-5294
-11.0,1.0,-5618
-11.0,3.0,-5579
-11.0,5.0,-5552
-11.0,7.0,-5099
-11.0,9.0,-4620
-11.0,11.0,-3848
-11.0,13.0,-1258
-11.0,15.0,1218
-11.0,17.0,1205
-11.0,19.0,1271
-11.0,21.0,1147
-11.0,23.0,1186
-11.0,25.0,1272
-11.0,27.0,1123
-11.0,29.0,1251
-11.0,31.0,1226
-11.0,33.0,690
-11.0,35.0,1439
-11.0,37.0,757
-11.0,39.0,191
-11.0,41.0,-1103
-11.0,43.0,-3260
-11.0,45.0,-3451
-11.0,47.0,-2687
-11.0,49.0,-4020
-11.0,51.0,-4146
-11.0,53.0,-4827
-11.0,55.0,-4286
-11.0,57.0,-3812
-11.0,59.0,-3381
-11.0,61.0,-218
-11.0,63.0,-2736
-11.0,65.0,-3947
-11.0,67.0,-3486
-11.0,69.0,-3651
-11.0,71.0,-3037
-11.0,73.0,-5179
-11.0,75.0,-5195
-11.0,77.0,-5293
-11.0,79.0,-5151
-11.0,81.0,-5061
-11.0,83.0,-5171
-11.0,85.0,-4884
-11.0,87.0,-4837
-11.0,89.0,-2419
-11.0,91.0,-5107
-11.0,93.0,-4919
-11.0,95.0,-5363
-11.0,97.0,-5006
-11.0,99.0,-5077
-11.0,101.0,-4948
-11.0,103.0,-5139
-11.0,105.0,-2883
-11.0,107.0,-5718
-11.0,109.0,-4515
-11.0,111.0,-4926
-11.0,113.0,-4873
-11.0,115.0,-5885
-11.0,117.0,-3996
-11.0,119.0,-5224
-11.0,121.0,-1363
-11.0,123.0,-315
-11.0,125.0,-615
-11.0,127.0,-104
-11.0,129.0,-51
-11.0,131.0,-34
-11.0,133.0,-10
-11.0,135.0,-45
-11.0,137.0,-16
-11.0,139.0,-41
-11.0,141.0,-19
-11.0,143.0,-5
-11.0,145.0,-1396
-11.0,147.0,-2174
-11.0,149.0,-2145
-11.0,151.0,-5
-11.0,153.0,-173
-11.0,155.0,-426
-11.0,157.0,-1447
-11.0,159.0,-3397
-11.0,161.0,-5180
-11.0,163.0,-4908
-11.0,165.0,-5766
-11.0,167.0,-2666
-11.0,169.0,-3405
-11.0,171.0,-3814
-11.0,173.0,-3010
-11.0,175.0,-3374
-11.0,177.0,-4734
-11.0,179.0,-3092
-9.0,-179.0,-4969
-9.0,-177.0,-5448
-9.0,-175.0,-5080
-9.0,-173.0,-4639
-9.0,-171.0,-4099
-9.0,-169.0,-4844
-9.0,-167.0,-2893
-9.0,-165.0,-3570
-9.0,-163.0,-2708
-9.0,-161.0,-4111
-9.0,-159.0,-5634
-9.0,-157.0,-5534
-9.0,-155.0,-5314
-9.0,-153.0,-4924
-9.0,-151.0,-4519
-9.0,-149.0,-4579
-9.0,-147.0,-5160
-9.0,-145.0,-4990
-9.0,-143.0,-4560
-9.0,-141.0,-3874
-9.0,-139.0,-3815
-9.0,-137.0,-4254
-9.0,-135.0,-4471
-9.0,-133.0,-4680
-9.0,-131.0,-4594
-9.0,-129.0,-4498
-9.0,-127.0,-4347
-9.0,-125.0,-4100
-9.0,-123.0,-3898
-9.0,-121.0,-4189
-9.0,-119.0,-4117
-9.0,-117.0,-3732
-9.0,-115.0,-4407
-9.0,-113.0,-3533
-9.0,-111.0,-3161
-9.0,-109.0,-3212
-9.0,-107.0,-3510
-9.0,-105.0,-3702
-9.0,-103.0,-4294
-9.0,-101.0,-4942
-9.0,-99.0,-4113
-9.0,-97.0,-3662
-9.0,-95.0,-4267
-9.0,-93.0,-4045
-9.0,-91.0,-4204
-9.0,-89.0,-4116
-9.0,-87.0,-4392
-9.0,-85.0,-4376
-9.0,-83.0,-4423
-9.0,-81.0,-5535
-9.0,-79.0,-94
-9.0,-77.0,3158
-9.0,-75.0,224
-9.0,-73.0,266
-9.0,-71.0,270
-9.0,-69.0,197
-9.0,-67.0,168
-9.0,-65.0,104
-9.0,-63.0,110
-9.0,-61.0,125
-9.0,-59.0,135
-9.0,-57.0,230
-9.0,-55.0,520
-9.0,-53.0,313
-9.0,-51.0,278
-9.0,-49.0,225
-9.0,-47.0,525
-9.0,-45.0,389
-9.0,-43.0,623
-9.0,-41.0,428
-9.0,-39.0,369
-9.0,-37.0,479
-9.0,-35.0,-34
-9.0,-33.0,-4776
-9.0,-31.0,-4904
-9.0,-29.0,-5513
-9.0,-27.0,-5665
-9.0,-25.0,-5609
-9.0,-23.0,-5862
-9.0,-21.0,-4814
-9.0,-19.0,-4287
-9.0,-17.0,-3675
-9.0,-15.0,-3487
-9.0,-13.0,-2532
-9.0,-11.0,-3029
-9.0,-9.0,-4054
-9.0,-7.0,-3993
-9.0,-5.0,-4401
-9.0,-3.0,-4511
-9.0,-1.0,-5397
-9.0,1.0,-5574
-9.0,3.0,-5662
-9.0,5.0,-5310
-9.0,7.0,-4832
-9.0,9.0,-4500
-9.0,11.0,-2794
-9.0,13.0,-23
-9.0,15.0,724
-9.0,17.0,787
-9.0,19.0,1139
-9.0,21.0,1044
-9.0,23.0,1077
-9.0,25.0,1086
-9.0,27.0,1818
-9.0,29.0,921
-9.0,31.0,1375
-9.0,33.0,1569
-9.0,35.0,1571
-9.0,37.0,510
-9.0,39.0,124
-9.0,41.0,-3274
-9.0,43.0,-3616
-9.0,45.0,-3998
-9.0,47.0,-107
-9.0,49.0,-3930
-9.0,51.0,-64
-9.0,53.0,-4718
-9.0,55.0,-4028
-9.0,57.0,-3811
-9.0,59.0,-2128
-9.0,61.0,-1569
-9.0,63.0,-3320
-9.0,65.0,-4091
-9.0,67.0,-3542
-9.0,69.0,-3832
-9.0,71.0,-2318
-9.0,73.0,-4609
-9.0,75.0,-5187
-9.0,77.0,-5466
-9.0,79.0,-5353
-9.0,81.0,-5184
-9.0,83.0,-4715
-9.0,85.0,-4588
-9.0,87.0,-4909
-9.0,89.0,-3038
-9.0,91.0,-4688
-9.0,93.0,-5301
-9.0,95.0,-5632
-9.0,97.0,-5354
-9.0,99.0,-5703
-9.0,101.0,-5416
-9.0,103.0,-5326
-9.0,105.0,-5689
-9.0,107.0,-3103
-9.0,109.0,-3483
-9.0,111.0,-2492
-9.0,113.0,-1662
-9.0,115.0,-1812
-9.0,117.0,319
-9.0,119.0,-1546
-9.0,121.0,-1328
-9.0,123.0,-3321
-9.0,125.0,209
-9.0,127.0,-1589
-9.0,129.0,-2096
-9.0,131.0,-652
-9.0,133.0,-229
-9.0,135.0,-111
-9.0,137.0,-56
-9.0,139.0,-10
-9.0,141.0,5
-9.0,143.0,30
-9.0,145.0,-117
-9.0,147.0,88
-9.0,149.0,-25
-9.0,151.0,-71
-9.0,153.0,-1481
-9.0,155.0,-3492
-9.0,157.0,-3896
-9.0,159.0,-323
-9.0,161.0,474
-9.0,163.0,-2470
-9.0,165.0,-3473
-9.0,167.0,-3801
-9.0,169.0,-3814
-9.0,171.0,-5021
-9.0,173.0,-5310
-9.0,175.0,-5276
-9.0,177.0,-5099
-9.0,179.0,-5012
-7.0,-179.0,-5518
-7.0,-177.0,-5602
-7.0,-175.0,-5746
-7.0,-173.0,-5489
-7.0,-171.0,-5156
-7.0,-169.0,-5834
-7.0,-167.0,-4877
-7.0,-165.0,-3581
-7.0,-163.0,-4151
-7.0,-161.0,-4021
-7.0,-159.0,-5439
-7.0,-157.0,-5567
-7.0,-155.0,-5193
-7.0,-153.0,-4732
-7.0,-151.0,-5274
-7.0,-149.0,-5548
-7.0,-147.0,-5165
-7.0,-145.0,-4874
-7.0,-143.0,-4398
-7.0,-141.0,-4223
-7.0,-139.0,-4137
-7.0,-137.0,-4441
-7.0,-135.0,-4385
-7.0,-133.0,-4496
-7.0,-131.0,-4694
-7.0,-129.0,-4606
-7.0,-127.0,-4380
-7.0,-125.0,-4821
-7.0,-123.0,-4372
-7.0,-121.0,-4298
-7.0,-119.0,-4443
-7.0,-117.0,-4264
-7.0,-115.0,-4201
-7.0,-113.0,-4264
-7.0,-111.0,-3624
-7.0,-109.0,-3373
-7.0,-107.0,-3175
-7.0,-105.0,-3628
-7.0,-103.0,-3672
-7.0,-101.0,-3928
-7.0,-99.0,-4000
-7.0,-97.0,-3844
-7.0,-95.0,-3973
-7.0,-93.0,-4070
-7.0,-91.0,-4153
-7.0,-89.0,-4122
-7.0,-87.0,-3975
-7.0,-85.0,-4153
-7.0,-83.0,-4116
-7.0,-81.0,-750
-7.0,-79.0,3364
-7.0,-77.0,1226
-7.0,-75.0,178
-7.0,-73.0,238
-7.0,-71.0,184
-7.0,-69.0,152
-7.0,-67.0,135
-7.0,-65.0,73
-7.0,-63.0,64
-7.0,-61.0,79
-7.0,-59.0,84
-7.0,-57.0,240
-7.0,-55.0,223
-7.0,-53.0,227
-7.0,-51.0,313
-7.0,-49.0,198
-7.0,-47.0,278
-7.0,-45.0,259
-7.0,-43.0,259
-7.0,-41.0,284
-7.0,-39.0,317
-7.0,-37.0,328
-7.0,-35.0,70
-7.0,-33.0,-4698
-7.0,-31.0,-5260
-7.0,-29.0,-4728
-7.0,-27.0,-5624
-7.0,-25.0,-5566
-7.0,-23.0,-5295
-7.0,-21.0,-4655
-7.0,-19.0,-4275
-7.0,-17.0,-4041
-7.0,-15.0,-3778
-7.0,-13.0,-3642
-7.0,-11.0,-3285
-7.0,-9.0,-3602
-7.0,-7.0,-4423
-7.0,-5.0,-4549
-7.0,-3.0,-4356
-7.0,-1.0,-4009
-7.0,1.0,-5319
-7.0,3.0,-5557
-7.0,5.0,-5113
-7.0,7.0,-4540
-7.0,9.0,-3969
-7.0,11.0,-1726
-7.0,13.0,123
-7.0,15.0,791
-7.0,17.0,630
-7.0,19.0,950
-7.0,21.0,655
-7.0,23.0,899
-7.0,25.0,963
-7.0,27.0,579
-7.0,29.0,1381
-7.0,31.0,1001
-7.0,33.0,1166
-7.0,35.0,1039
-7.0,37.0,524
-7.0,39.0,240
-7.0,41.0,-2412
-7.0,43.0,-3850
-7.0,45.0,-4348
-7.0,47.0,-4556
-7.0,49.0,-2772
-7.0,51.0,-4492
-7.0,53.0,-3780
-7.0,55.0,-3958
-7.0,57.0,-2453
-7.0,59.0,-2302
-7.0,61.0,-3737
-7.0,63.0,-3969
-7.0,65.0,-4284
-7.0,67.0,-3574
-7.0,69.0,-3181
-7.0,71.0,-713
-7.0,73.0,-2553
-7.0,75.0,-5150
-7.0,77.0,-5251
-7.0,79.0,-5330
-7.0,81.0,-5078
-7.0,83.0,-4876
-7.0,85.0,-4879
-7.0,87.0,-5177
-7.0,89.0,-3595
-7.0,91.0,-5123
-7.0,93.0,-4516
-7.0,95.0,-5203
-7.0,97.0,-4886
-7.0,99.0,-5319
-7.0,101.0,-5493
-7.0,103.0,-3559
-7.0,105.0,-1810
-7.0,107.0,934
-7.0,109.0,18
-7.0,111.0,121
-7.0,113.0,89
-7.0,115.0,-44
-7.0,117.0,-583
-7.0,119.0,-796
-7.0,121.0,-842
-7.0,123.0,-3641
-7.0,125.0,-2596
-7.0,127.0,-4332
-7.0,129.0,-2748
-7.0,131.0,-3089
-7.0,133.0,-263
-7.0,135.0,-29
-7.0,137.0,-27
-7.0,139.0,18
-7.0,141.0,21
-7.0,143.0,69
-7.0,145.0,97
-7.0,147.0,-7
-7.0,149.0,-5570
-7.0,151.0,-5335
-7.0,153.0,-4757
-7.0,155.0,-4306
-7.0,157.0,182
-7.0,159.0,-2091
-7.0,161.0,-1727
-7.0,163.0,-3463
-7.0,165.0,-3715
-7.0,167.0,-3772
-7.0,169.0,-4400
-7.0,171.0,-4935
-7.0,173.0,-5429
-7.0,175.0,-5700
-7.0,177.0,-4651
-7.0,179.0,-5411
-5.0,-179.0,-5665
-5.0,-177.0,-5976
-5.0,-175.0,-5972
-5.0,-173.0,-5246
-5.0,-171.0,-5544
-5.0,-169.0,-5402
-5.0,-167.0,-5218
-5.0,-165.0,-2021
-5.0,-163.0,-2213
-5.0,-161.0,-5144
-5.0,-159.0,-5611
-5.0,-157.0,-4552
-5.0,-155.0,-4906
-5.0,-153.0,-4604
-5.0,-151.0,-5028
-5.0,-149.0,-5116
-5.0,-147.0,-4663
-5.0,-145.0,-4058
-5.0,-143.0,-4803
-5.0,-141.0,-4528
-5.0,-139.0,-4338
-5.0,-137.0,-4518
-5.0,-135.0,-4640
-5.0,-133.0,-4731
-5.0,-131.0,-4585
-5.0,-129.0,-4454
-5.0,-127.0,-4769
-5.0,-125.0,-4386
-5.0,-123.0,-4277
-5.0,-121.0,-4255
-5.0,-119.0,-4284
-5.0,-117.0,-4257
-5.0,-115.0,-4253
-5.0,-113.0,-4108
-5.0,-111.0,-3693
-5.0,-109.0,-3170
-5.0,-107.0,-2811
-5.0,-105.0,-3400
-5.0,-103.0,-3375
-5.0,-101.0,-3695
-5.0,-99.0,-3410
-5.0,-97.0,-3747
-5.0,-95.0,-3904
-5.0,-93.0,-4025
-5.0,-91.0,-4000
-5.0,-89.0,-3825
-5.0,-87.0,-3823
-5.0,-85.0,-4058
-5.0,-83.0,-2780
-5.0,-81.0,90
-5.0,-79.0,880
-5.0,-77.0,145
-5.0,-75.0,120
-5.0,-73.0,153
-5.0,-71.0,126
-5.0,-69.0,162
-5.0,-67.0,92
-5.0,-65.0,87
-5.0,-63.0,45
-5.0,-61.0,51
-5.0,-59.0,84
-5.0,-57.0,128
-5.0,-55.0,216
-5.0,-53.0,222
-5.0,-51.0,187
-5.0,-49.0,159
-5.0,-47.0,260
-5.0,-45.0,121
-5.0,-43.0,104
-5.0,-41.0,530
-5.0,-39.0,211
-5.0,-37.0,152
-5.0,-35.0,-566
-5.0,-33.0,-4549
-5.0,-31.0,-4811
-5.0,-29.0,-5301
-5.0,-27.0,-5548
-5.0,-25.0,-5744
-5.0,-23.0,-4950
-5.0,-21.0,-5491
-5.0,-19.0,-4051
-5.0,-17.0,-3811
-5.0,-15.0,-3645
-5.0,-13.0,-2695
-5.0,-11.0,-2939
-5.0,-9.0,-3853
-5.0,-7.0,-4421
-5.0,-5.0,-4434
-5.0,-3.0,-4771
-5.0,-1.0,-4619
-5.0,1.0,-4761
-5.0,3.0,-4625
-5.0,5.0,-4945
-5.0,7.0,-4454
-5.0,9.0,-3566
-5.0,11.0,-1672
-5.0,13.0,227
-5.0,15.0,604
-5.0,17.0,429
-5.0,19.0,457
-5.0,21.0,510
-5.0,23.0,593
-5.0,25.0,636
-5.0,27.0,583
-5.0,29.0,1991
-5.0,31.0,1068
-5.0,33.0,1258
-5.0,35.0,1281
-5.0,37.0,1100
-5.0,39.0,101
-5.0,41.0,-2155
-5.0,43.0,-3915
-5.0,45.0,-4522
-5.0,47.0,-4649
-5.0,49.0,-4982
-5.0,51.0,-4505
-5.0,53.0,-4381
-5.0,55.0,-16
-5.0,57.0,-1049
-5.0,59.0,-4208
-5.0,61.0,-3865
-5.0,63.0,-4331
-5.0,65.0,-4067
-5.0,67.0,-3500
-5.0,69.0,-2912
-5.0,71.0,-4627
-5.0,73.0,-2231
-5.0,75.0,-5090
-5.0,77.0,-5137
-5.0,79.0,-5242
-5.0,81.0,-5127
-5.0,83.0,-4533
-5.0,85.0,-4987
-5.0,87.0,-5040
-5.0,89.0,-3610
-5.0,91.0,-4990
-5.0,93.0,-4676
-5.0,95.0,-5015
-5.0,97.0,-4909
-5.0,99.0,-4962
-5.0,101.0,-2690
-5.0,103.0,-1252
-5.0,105.0,57
-5.0,107.0,-23
-5.0,109.0,-97
-5.0,111.0,-47
-5.0,113.0,-44
-5.0,115.0,-30
-5.0,117.0,-25
-5.0,119.0,-402
-5.0,121.0,-1958
-5.0,123.0,-421
-5.0,125.0,-4072
-5.0,127.0,-3748
-5.0,129.0,-4778
-5.0,131.0,-6985
-5.0,133.0,-1043
-5.0,135.0,-57
-5.0,137.0,-2
-5.0,139.0,26
-5.0,141.0,2554
-5.0,143.0,1644
-5.0,145.0,94
-5.0,147.0,-1274
-5.0,149.0,-1528
-5.0,151.0,-492
-5.0,153.0,-1245
-5.0,155.0,-3162
-5.0,157.0,-1285
-5.0,159.0,-1690
-5.0,161.0,-1814
-5.0,163.0,-3002
-5.0,165.0,-2393
-5.0,167.0,-3147
-5.0,169.0,-3229
-5.0,171.0,-3580
-5.0,173.0,-4456
-5.0,175.0,-5502
-5.0,177.0,-5488
-5.0,179.0,-5616
-3.0,-179.0,-5514
-3.0,-177.0,-6263
-3.0,-175.0,-5977
-3.0,-173.0,-5350
-3.0,-171.0,-3679
-3.0,-169.0,-5375
-3.0,-167.0,-5678
-3.0,-165.0,-5330
-3.0,-163.0,-5313
-3.0,-161.0,-5321
-3.0,-159.0,-5292
-3.0,-157.0,-5218
-3.0,-155.0,-4941
-3.0,-153.0,-4973
-3.0,-151.0,-4628
-3.0,-149.0,-4771
-3.0,-147.0,-4865
-3.0,-145.0,-4619
-3.0,-143.0,-4522
-3.0,-141.0,-4624
-3.0,-139.0,-4110
-3.0,-137.0,-4454
-3.0,-135.0,-4574
-3.0,-133.0,-4583
-3.0,-131.0,-4430
-3.0,-129.0,-4577
-3.0,-127.0,-4569
-3.0,-125.0,-4628
-3.0,-123.0,-4447
-3.0,-121.0,-4238
-3.0,-119.0,-4236
-3.0,-117.0,-4165
-3.0,-115.0,-4327
-3.0,-113.0,-4038
-3.0,-111.0,-3890
-3.0,-109.0,-3880
-3.0,-107.0,-3574
-3.0,-105.0,-3737
-3.0,-103.0,-3251
-3.0,-101.0,-3522
-3.0,-99.0,-3472
-3.0,-97.0,-3596
-3.0,-95.0,-3553
-3.0,-93.0,-3536
-3.0,-91.0,-3369
-3.0,-89.0,-3308
-3.0,-87.0,-3231
-3.0,-85.0,-3258
-3.0,-83.0,-3099
-3.0,-81.0,-387
-3.0,-79.0,2816
-3.0,-77.0,241
-3.0,-75.0,170
-3.0,-73.0,146
-3.0,-71.0,111
-3.0,-69.0,67
-3.0,-67.0,52
-3.0,-65.0,46
-3.0,-63.0,62
-3.0,-61.0,74
-3.0,-59.0,23
-3.0,-57.0,55
-3.0,-55.0,179
-3.0,-53.0,119
-3.0,-51.0,73
-3.0,-49.0,52
-3.0,-47.0,88
-3.0,-45.0,14
-3.0,-43.0,54
-3.0,-41.0,16
-3.0,-39.0,-37
-3.0,-37.0,-3289
-3.0,-35.0,-3793
-3.0,-33.0,-4393
-3.0,-31.0,-4573
-3.0,-29.0,-4967
-3.0,-27.0,-5344
-3.0,-25.0,-5417
-3.0,-23.0,-4811
-3.0,-21.0,-5014
-3.0,-19.0,-5097
-3.0,-17.0,-4350
-3.0,-15.0,-3804
-3.0,-13.0,-2954
-3.0,-11.0,-3563
-3.0,-9.0,-3571
-3.0,-7.0,-4284
-3.0,-5.0,-4973
-3.0,-3.0,-4984
-3.0,-1.0,-4299
-3.0,1.0,-4256
-3.0,3.0,-4461
-3.0,5.0,-4382
-3.0,7.0,-4257
-3.0,9.0,-1324
-3.0,11.0,129
-3.0,13.0,469
-3.0,15.0,503
-3.0,17.0,286
-3.0,19.0,345
-3.0,21.0,448
-3.0,23.0,510
-3.0,25.0,484
-3.0,27.0,582
-3.0,29.0,1475
-3.0,31.0,1471
-3.0,33.0,1193
-3.0,35.0,1592
-3.0,37.0,1331
-3.0,39.0,240
-3.0,41.0,-913
-3.0,43.0,-3538
-3.0,45.0,-4306
-3.0,47.0,-4862
-3.0,49.0,-4997
-3.0,51.0,-5048
-3.0,53.0,-4950
-3.0,55.0,-3119
-3.0,57.0,-4290
-3.0,59.0,-4262
-3.0,61.0,-4215
-3.0,63.0,-4040
-3.0,65.0,-3719
-3.0,67.0,-3610
-3.0,69.0,-3381
-3.0,71.0,-3927
-3.0,73.0,-3112
-3.0,75.0,-5022
-3.0,77.0,-5157
-3.0,79.0,-4860
-3.0,81.0,-4885
-3.0,83.0,-2218
-3.0,85.0,-4775
-3.0,87.0,-4611
-3.0,89.0,-3589
-3.0,91.0,-4883
-3.0,93.0,-4812
-3.0,95.0,-4590
-3.0,97.0,-4694
-3.0,99.0,-5611
-3.0,101.0,-852
-3.0,103.0,36
-3.0,105.0,8
-3.0,107.0,-21
-3.0,109.0,-34
-3.0,111.0,6
-3.0,113.0,7
-3.0,115.0,5
-3.0,117.0,-49
-3.0,119.0,945
-3.0,121.0,-28
-3.0,123.0,-3065
-3.0,125.0,-5522
-3.0,127.0,-1051
-3.0,129.0,527
-3.0,131.0,-523
-3.0,133.0,73
-3.0,135.0,-89
-3.0,137.0,245
-3.0,139.0,104
-3.0,141.0,133
-3.0,143.0,-2188
-3.0,145.0,-1436
-3.0,147.0,-1774
-3.0,149.0,-2247
-3.0,151.0,-792
-3.0,153.0,-2307
-3.0,155.0,-2457
-3.0,157.0,-1709
-3.0,159.0,-2067
-3.0,161.0,-2529
-3.0,163.0,-3574
-3.0,165.0,-4145
-3.0,167.0,-4022
-3.0,169.0,-3446
-3.0,171.0,-4041
-3.0,173.0,-4298
-3.0,175.0,-5114
-3.0,177.0,-4407
-3.0,179.0,-5450
-1.0,-179.0,-5390
-1.0,-177.0,-5545
-1.0,-175.0,-5454
-1.0,-173.0,-5505
-1.0,-171.0,-5870
-1.0,-169.0,-5381
-1.0,-167.0,-4739
-1.0,-165.0,-5779
-1.0,-163.0,-5362
-1.0,-161.0,-5241
-1.0,-159.0,-5066
-1.0,-157.0,-4828
-1.0,-155.0,-4784
-1.0,-153.0,-4894
-1.0,-151.0,-4763
-1.0,-149.0,-4740
-1.0,-147.0,-4265
-1.0,-145.0,-4303
-1.0,-143.0,-4614
-1.0,-141.0,-4467
-1.0,-139.0,-4166
-1.0,-137.0,-4316
-1.0,-135.0,-4466
-1.0,-133.0,-4414
-1.0,-131.0,-4505
-1.0,-129.0,-4496
-1.0,-127.0,-4477
-1.0,-125.0,-4673
-1.0,-123.0,-4484
-1.0,-121.0,-4325
-1.0,-119.0,-4202
-1.0,-117.0,-4029
-1.0,-115.0,-4184
-1.0,-113.0,-4126
-1.0,-111.0,-4007
-1.0,-109.0,-3810
-1.0,-107.0,-3728
-1.0,-105.0,-3640
-1.0,-103.0,-3285
-1.0,-101.0,-2987
-1.0,-99.0,-3336
-1.0,-97.0,-3280
-1.0,-95.0,-3225
-1.0,-93.0,-3122
-1.0,-91.0,-25
-1.0,-89.0,-137
-1.0,-87.0,-2046
-1.0,-85.0,-2174
-1.0,-83.0,-1342
-1.0,-81.0,-233
-1.0,-79.0,2918
-1.0,-77.0,332
-1.0,-75.0,221
-1.0,-73.0,163
-1.0,-71.0,205
-1.0,-69.0,135
-1.0,-67.0,79
-1.0,-65.0,70
-1.0,-63.0,49
-1.0,-61.0,61
-1.0,-59.0,156
-1.0,-57.0,90
-1.0,-55.0,258
-1.0,-53.0,109
-1.0,-51.0,17
-1.0,-49.0,4
-1.0,-47.0,9
-1.0,-45.0,-24
-1.0,-43.0,-2720
-1.0,-41.0,-3488
-1.0,-39.0,-3583
-1.0,-37.0,-4461
-1.0,-35.0,-4371
-1.0,-33.0,-4121
-1.0,-31.0,-3940
-1.0,-29.0,-3672
-1.0,-27.0,-3441
-1.0,-25.0,-3407
-1.0,-23.0,-4619
-1.0,-21.0,-4589
-1.0,-19.0,-4356
-1.0,-17.0,-3553
-1.0,-15.0,-3846
-1.0,-13.0,-3268
-1.0,-11.0,-4147
-1.0,-9.0,-4910
-1.0,-7.0,-4680
-1.0,-5.0,-5098
-1.0,-3.0,-5152
-1.0,-1.0,-4734
-1.0,1.0,-4451
-1.0,3.0,-4248
-1.0,5.0,-3733
-1.0,7.0,-2971
-1.0,9.0,14
-1.0,11.0,337
-1.0,13.0,388
-1.0,15.0,403
-1.0,17.0,297
-1.0,19.0,368
-1.0,21.0,391
-1.0,23.0,385
-1.0,25.0,470
-1.0,27.0,585
-1.0,29.0,1840
-1.0,31.0,1334
-1.0,33.0,397
-1.0,35.0,1761
-1.0,37.0,1559
-1.0,39.0,326
-1.0,41.0,90
-1.0,43.0,-2540
-1.0,45.0,-3862
-1.0,47.0,-4669
-1.0,49.0,-4784
-1.0,51.0,-5111
-1.0,53.0,-5012
-1.0,55.0,-4754
-1.0,57.0,-4645
-1.0,59.0,-4651
-1.0,61.0,-4530
-1.0,63.0,-4455
-1.0,65.0,-3623
-1.0,67.0,-2450
-1.0,69.0,-3201
-1.0,71.0,-3422
-1.0,73.0,-2341
-1.0,75.0,-4799
-1.0,77.0,-4828
-1.0,79.0,-4797
-1.0,81.0,-4737
-1.0,83.0,-4711
-1.0,85.0,-4655
-1.0,87.0,-4623
-1.0,89.0,-2733
-1.0,91.0,-4906
-1.0,93.0,-4620
-1.0,95.0,-4625
-1.0,97.0,-5068
-1.0,99.0,-110
-1.0,101.0,1186
-1.0,103.0,11
-1.0,105.0,-4
-1.0,107.0,-39
-1.0,109.0,-18
-1.0,111.0,152
-1.0,113.0,86
-1.0,115.0,50
-1.0,117.0,18
-1.0,119.0,-1992
-1.0,121.0,-1498
-1.0,123.0,-792
-1.0,125.0,-2660
-1.0,127.0,-4268
-1.0,129.0,-985
-1.0,131.0,30
-1.0,133.0,940
-1.0,135.0,-85
-1.0,137.0,-1246
-1.0,139.0,-4236
-1.0,141.0,-3149
-1.0,143.0,-4209
-1.0,145.0,-2219
-1.0,147.0,-2019
-1.0,149.0,-2897
-1.0,151.0,-5779
-1.0,153.0,-4297
-1.0,155.0,-2393
-1.0,157.0,-1872
-1.0,159.0,-2172
-1.0,161.0,-3181
-1.0,163.0,-4387
-1.0,165.0,-4440
-1.0,167.0,-4306
-1.0,169.0,-4225
-1.0,171.0,-4350
-1.0,173.0,-4736
-1.0,175.0,-4469
-1.0,177.0,-5202
-1.0,179.0,-5436
1.0,-179.0,-5288
1.0,-177.0,-5331
1.0,-175.0,-5457
1.0,-173.0,-5718
1.0,-171.0,-5386
1.0,-169.0,-5466
1.0,-167.0,-5295
1.0,-165.0,-5223
1.0,-163.0,-5213
1.0,-161.0,-5376
1.0,-159.0,-4655
1.0,-157.0,-3430
1.0,-155.0,-4756
1.0,-153.0,-4340
1.0,-151.0,-4188
1.0,-149.0,-4424
1.0,-147.0,-4216
1.0,-145.0,-4542
1.0,-143.0,-4300
1.0,-141.0,-4450
1.0,-139.0,-4328
1.0,-137.0,-4471
1.0,-135.0,-4307
1.0,-133.0,-4316
1.0,-131.0,-4431
1.0,-129.0,-4548
1.0,-127.0,-4361
1.0,-125.0,-4533
1.0,-123.0,-4429
1.0,-121.0,-4417
1.0,-119.0,-4000
1.0,-117.0,-3939
1.0,-115.0,-3945
1.0,-113.0,-3902
1.0,-111.0,-3800
1.0,-109.0,-3577
1.0,-107.0,-3672
1.0,-105.0,-3545
1.0,-103.0,-3339
1.0,-101.0,-3351
1.0,-99.0,-3433
1.0,-97.0,-3289
1.0,-95.0,-3544
1.0,-93.0,-2820
1.0,-91.0,-2034
1.0,-89.0,-2343
1.0,-87.0,-2561
1.0,-85.0,-3130
1.0,-83.0,-3257
1.0,-81.0,-3129
1.0,-79.0,44
1.0,-77.0,3346
1.0,-75.0,292
1.0,-73.0,226
1.0,-71.0,241
1.0,-69.0,156
1.0,-67.0,101
1.0,-65.0,402
1.0,-63.0,102
1.0,-61.0,54
1.0,-59.0,420
1.0,-57.0,235
1.0,-55.0,385
1.0,-53.0,293
1.0,-51.0,27
1.0,-49.0,-9
1.0,-47.0,-69
1.0,-45.0,-3662
1.0,-43.0,-4405
1.0,-41.0,-4252
1.0,-39.0,-4433
1.0,-37.0,-4537
1.0,-35.0,-3707
1.0,-33.0,-3392
1.0,-31.0,-3007
1.0,-29.0,-2614
1.0,-27.0,-3374
1.0,-25.0,-3353
1.0,-23.0,-3888
1.0,-21.0,-4636
1.0,-19.0,-4795
1.0,-17.0,-5499
1.0,-15.0,-3741
1.0,-13.0,-4796
1.0,-11.0,-3792
1.0,-9.0,-5071
1.0,-7.0,-5169
1.0,-5.0,-5123
1.0,-3.0,-5117
1.0,-1.0,-5008
1.0,1.0,-4919
1.0,3.0,-4400
1.0,5.0,-3714
1.0,7.0,-2857
1.0,9.0,-377
1.0,11.0,498
1.0,13.0,501
1.0,15.0,440
1.0,17.0,329
1.0,19.0,339
1.0,21.0,404
1.0,23.0,504
1.0,25.0,497
1.0,27.0,661
1.0,29.0,900
1.0,31.0,1157
1.0,33.0,1065
1.0,35.0,1875
1.0,37.0,1226
1.0,39.0,248
1.0,41.0,94
1.0,43.0,31
1.0,45.0,-2694
1.0,47.0,-3993
1.0,49.0,-4724
1.0,51.0,-5099
1.0,53.0,-5119
1.0,55.0,-5020
1.0,57.0,-4553
1.0,59.0,-4512
1.0,61.0,-4214
1.0,63.0,-3639
1.0,65.0,-3317
1.0,67.0,-2684
1.0,69.0,-4058
1.0,71.0,-4079
1.0,73.0,-1615
1.0,75.0,-3106
1.0,77.0,-4504
1.0,79.0,-4644
1.0,81.0,-4530
1.0,83.0,-4210
1.0,85.0,-4487
1.0,87.0,-4462
1.0,89.0,-3964
1.0,91.0,-4385
1.0,93.0,-4401
1.0,95.0,-4382
1.0,97.0,-1212
1.0,99.0,33
1.0,101.0,41
1.0,103.0,25
1.0,105.0,-14
1.0,107.0,-63
1.0,109.0,1
1.0,111.0,355
1.0,113.0,91
1.0,115.0,1239
1.0,117.0,75
1.0,119.0,-17
1.0,121.0,748
1.0,123.0,-42
1.0,125.0,-174
1.0,127.0,-2363
1.0,129.0,-1074
1.0,131.0,-3014
1.0,133.0,-3440
1.0,135.0,-4369
1.0,137.0,-3943
1.0,139.0,-3851
1.0,141.0,-3357
1.0,143.0,-3368
1.0,145.0,-4253
1.0,147.0,-4469
1.0,149.0,-5454
1.0,151.0,-4981
1.0,153.0,-4192
1.0,155.0,-2783
1.0,157.0,-2217
1.0,159.0,-2651
1.0,161.0,-3553
1.0,163.0,-4335
1.0,165.0,-4333
1.0,167.0,-4242
1.0,169.0,-4272
1.0,171.0,-4168
1.0,173.0,-1
1.0,175.0,-3782
1.0,177.0,-5460
1.0,179.0,-5707
3.0,-179.0,-5454
3.0,-177.0,-5361
3.0,-175.0,-5196
3.0,-173.0,-5185
3.0,-171.0,-5360
3.0,-169.0,-5580
3.0,-167.0,-5426
3.0,-165.0,-4533
3.0,-163.0,-5183
3.0,-161.0,-4616
3.0,-159.0,-3077
3.0,-157.0,-4285
3.0,-155.0,-4747
3.0,-153.0,-4847
3.0,-151.0,-5101
3.0,-149.0,-4952
3.0,-147.0,-4733
3.0,-145.0,-4544
3.0,-143.0,-4485
3.0,-141.0,-4399
3.0,-139.0,-4301
3.0,-137.0,-4316
3.0,-135.0,-4367
3.0,-133.0,-4387
3.0,-131.0,-4349
3.0,-129.0,-4387
3.0,-127.0,-4418
3.0,-125.0,-4492
3.0,-123.0,-4578
3.0,-121.0,-4389
3.0,-119.0,-4211
3.0,-117.0,-4053
3.0,-115.0,-3972
3.0,-113.0,-3863
3.0,-111.0,-3864
3.0,-109.0,-3831
3.0,-107.0,-3790
3.0,-105.0,-3640
3.0,-103.0,-3318
3.0,-101.0,-3409
3.0,-99.0,-3210
3.0,-97.0,-2914
3.0,-95.0,-2742
3.0,-93.0,-2612
3.0,-91.0,-2344
3.0,-89.0,-1392
3.0,-87.0,-2865
3.0,-85.0,-3064
3.0,-83.0,-3145
3.0,-81.0,-3118
3.0,-79.0,-2634
3.0,-77.0,703
3.0,-75.0,1655
3.0,-73.0,231
3.0,-71.0,162
3.0,-69.0,126
3.0,-67.0,118
3.0,-65.0,158
3.0,-63.0,576
3.0,-61.0,86
3.0,-59.0,172
3.0,-57.0,217
3.0,-55.0,386
3.0,-53.0,184
3.0,-51.0,15
3.0,-49.0,-77
3.0,-47.0,-2221
3.0,-45.0,-3923
3.0,-43.0,-4287
3.0,-41.0,-4089
3.0,-39.0,-4577
3.0,-37.0,-4202
3.0,-35.0,-3809
3.0,-33.0,-3610
3.0,-31.0,-2898
3.0,-29.0,-3961
3.0,-27.0,-4174
3.0,-25.0,-4439
3.0,-23.0,-4551
3.0,-21.0,-4648
3.0,-19.0,-4992
3.0,-17.0,-4767
3.0,-15.0,-4662
3.0,-13.0,-4573
3.0,-11.0,-4667
3.0,-9.0,-4658
3.0,-7.0,-4668
3.0,-5.0,-4455
3.0,-3.0,-4913
3.0,-1.0,-5070
3.0,1.0,-4596
3.0,3.0,-4098
3.0,5.0,-3138
3.0,7.0,-1594
3.0,9.0,-1685
3.0,11.0,760
3.0,13.0,617
3.0,15.0,546
3.0,17.0,524
3.0,19.0,360
3.0,21.0,448
3.0,23.0,558
3.0,25.0,483
3.0,27.0,679
3.0,29.0,846
3.0,31.0,978
3.0,33.0,1050
3.0,35.0,1090
3.0,37.0,510
3.0,39.0,554
3.0,41.0,401
3.0,43.0,373
3.0,45.0,112
3.0,47.0,-1751
3.0,49.0,-3761
3.0,51.0,-5022
3.0,53.0,-5133
3.0,55.0,-4945
3.0,57.0,-4070
3.0,59.0,-4708
3.0,61.0,-3968
3.0,63.0,-3731
3.0,65.0,-3324
3.0,67.0,-2603
3.0,69.0,-4560
3.0,71.0,-3924
3.0,73.0,-11
3.0,75.0,-2965
3.0,77.0,-4109
3.0,79.0,-4177
3.0,81.0,-4371
3.0,83.0,-4277
3.0,85.0,-4222
3.0,87.0,-4271
3.0,89.0,-3523
3.0,91.0,-3507
3.0,93.0,-4620
3.0,95.0,-576
3.0,97.0,-816
3.0,99.0,452
3.0,101.0,-26
3.0,103.0,52
3.0,105.0,-62
3.0,107.0,-74
3.0,109.0,-36
3.0,111.0,-36
3.0,113.0,108
3.0,115.0,306
3.0,117.0,365
3.0,119.0,-3873
3.0,121.0,-5044
3.0,123.0,-4983
3.0,125.0,-4034
3.0,127.0,-2216
3.0,129.0,-4734
3.0,131.0,-3447
3.0,133.0,-3672
3.0,135.0,-4317
3.0,137.0,-4498
3.0,139.0,-4230
3.0,141.0,-3460
3.0,143.0,-4029
3.0,145.0,-4628
3.0,147.0,-4462
3.0,149.0,-4616
3.0,151.0,-4632
3.0,153.0,-4105
3.0,155.0,-2837
3.0,157.0,-2949
3.0,159.0,-3320
3.0,161.0,-3585
3.0,163.0,-4332
3.0,165.0,-4254
3.0,167.0,-4377
3.0,169.0,-4453
3.0,171.0,-4171
3.0,173.0,-2301
3.0,175.0,-5043
3.0,177.0,-5622
3.0,179.0,-5505
5.0,-179.0,-5478
5.0,-177.0,-5245
5.0,-175.0,-5408
5.0,-173.0,-5383
5.0,-171.0,-5720
5.0,-169.0,-5756
5.0,-167.0,-5458
5.0,-165.0,-4878
5.0,-163.0,-4450
5.0,-161.0,-3383
5.0,-159.0,-3716
5.0,-157.0,-3847
5.0,-155.0,-4541
5.0,-153.0,-4764
5.0,-151.0,-5092
5.0,-149.0,-4969
5.0,-147.0,-4862
5.0,-145.0,-5156
5.0,-143.0,-5018
5.0,-141.0,-4552
5.0,-139.0,-4484
5.0,-137.0,-4655
5.0,-135.0,-4557
5.0,-133.0,-4166
5.0,-131.0,-4175
5.0,-129.0,-4384
5.0,-127.0,-4425
5.0,-125.0,-4393
5.0,-123.0,-4567
5.0,-121.0,-4140
5.0,-119.0,-3958
5.0,-117.0,-4496
5.0,-115.0,-4202
5.0,-113.0,-4007
5.0,-111.0,-3953
5.0,-109.0,-3991
5.0,-107.0,-3751
5.0,-105.0,-3603
5.0,-103.0,-3225
5.0,-101.0,-3384
5.0,-99.0,-3571
5.0,-97.0,-3618
5.0,-95.0,-3544
5.0,-93.0,-3469
5.0,-91.0,-3178
5.0,-89.0,-2981
5.0,-87.0,-1790
5.0,-85.0,-2012
5.0,-83.0,-3314
5.0,-81.0,-3477
5.0,-79.0,-3447
5.0,-77.0,83
5.0,-75.0,1227
5.0,-73.0,1072
5.0,-71.0,119
5.0,-69.0,132
5.0,-67.0,1237
5.0,-65.0,629
5.0,-63.0,420
5.0,-61.0,1067
5.0,-59.0,152
5.0,-57.0,79
5.0,-55.0,66
5.0,-53.0,163
5.0,-51.0,-123
5.0,-49.0,-2687
5.0,-47.0,-3261
5.0,-45.0,-4045
5.0,-43.0,-4265
5.0,-41.0,-4680
5.0,-39.0,-4624
5.0,-37.0,-4209
5.0,-35.0,-3864
5.0,-33.0,-2672
5.0,-31.0,-3585
5.0,-29.0,-3613
5.0,-27.0,-4166
5.0,-25.0,-4295
5.0,-23.0,-4247
5.0,-21.0,-2746
5.0,-19.0,-4709
5.0,-17.0,-4958
5.0,-15.0,-4901
5.0,-13.0,-4552
5.0,-11.0,-3541
5.0,-9.0,15
5.0,-7.0,158
5.0,-5.0,-237
5.0,-3.0,-36
5.0,-1.0,-35
5.0,1.0,-3170
5.0,3.0,-3406
5.0,5.0,-78
5.0,7.0,31
5.0,9.0,541
5.0,11.0,702
5.0,13.0,622
5.0,15.0,704
5.0,17.0,666
5.0,19.0,383
5.0,21.0,607
5.0,23.0,541
5.0,25.0,607
5.0,27.0,665
5.0,29.0,692
5.0,31.0,621
5.0,33.0,506
5.0,35.0,455
5.0,37.0,610
5.0,39.0,1019
5.0,41.0,1019
5.0,43.0,451
5.0,45.0,197
5.0,47.0,155
5.0,49.0,-1992
5.0,51.0,-4847
5.0,53.0,-5106
5.0,55.0,-5084
5.0,57.0,-4603
5.0,59.0,-3553
5.0,61.0,-3450
5.0,63.0,-3040
5.0,65.0,-3923
5.0,67.0,-3971
5.0,69.0,-4329
5.0,71.0,-4087
5.0,73.0,-552
5.0,75.0,-2608
5.0,77.0,-3118
5.0,79.0,-4220
5.0,81.0,-4284
5.0,83.0,-4122
5.0,85.0,-4055
5.0,87.0,-4006
5.0,89.0,-3676
5.0,91.0,-2919
5.0,93.0,-2605
5.0,95.0,-716
5.0,97.0,358
5.0,99.0,-75
5.0,101.0,384
5.0,103.0,32
5.0,105.0,-74
5.0,107.0,-78
5.0,109.0,-113
5.0,111.0,-108
5.0,113.0,-69
5.0,115.0,15
5.0,117.0,513
5.0,119.0,-47
5.0,121.0,-4394
5.0,123.0,-4888
5.0,125.0,-5339
5.0,127.0,-1175
5.0,129.0,-5149
5.0,131.0,-4657
5.0,133.0,-3457
5.0,135.0,-4910
5.0,137.0,-5354
5.0,139.0,-4248
5.0,141.0,-4020
5.0,143.0,-2961
5.0,145.0,-4086
5.0,147.0,-4294
5.0,149.0,-4296
5.0,151.0,-4654
5.0,153.0,-4161
5.0,155.0,-3205
5.0,157.0,-3565
5.0,159.0,-3679
5.0,161.0,-3939
5.0,163.0,-3862
5.0,165.0,-4783
5.0,167.0,-4838
5.0,169.0,-4602
5.0,171.0,-4375
5.0,173.0,-4643
5.0,175.0,-5125
5.0,177.0,-6149
5.0,179.0,-6114
7.0,-179.0,-5638
7.0,-177.0,-3260
7.0,-175.0,-5942
7.0,-173.0,-5910
7.0,-171.0,-5733
7.0,-169.0,-5522
7.0,-167.0,-5013
7.0,-165.0,-5041
7.0,-163.0,-4540
7.0,-161.0,-3669
7.0,-159.0,-4589
7.0,-157.0,-4618
7.0,-155.0,-4976
7.0,-153.0,-5101
7.0,-151.0,-5080
7.0,-149.0,-4698
7.0,-147.0,-5092
7.0,-145.0,-5063
7.0,-143.0,-4978
7.0,-141.0,-5172
7.0,-139.0,-4994
7.0,-137.0,-4756
7.0,-135.0,-4636
7.0,-133.0,-4775
7.0,-131.0,-4450
7.0,-129.0,-4319
7.0,-127.0,-4355
7.0,-125.0,-4704
7.0,-123.0,-4218
7.0,-121.0,-4188
7.0,-119.0,-4263
7.0,-117.0,-4161
7.0,-115.0,-4045
7.0,-113.0,-3969
7.0,-111.0,-2801
7.0,-109.0,-3303
7.0,-107.0,-3790
7.0,-105.0,-3629
7.0,-103.0,-3135
7.0,-101.0,-3279
7.0,-99.0,-3495
7.0,-97.0,-3397
7.0,-95.0,-3690
7.0,-93.0,-3544
7.0,-91.0,-3703
7.0,-89.0,-3487
7.0,-87.0,-3127
7.0,-85.0,-1875
7.0,-83.0,-2270
7.0,-81.0,-2024
7.0,-79.0,-3380
7.0,-77.0,7
7.0,-75.0,1321
7.0,-73.0,1904
7.0,-71.0,139
7.0,-69.0,78
7.0,-67.0,362
7.0,-65.0,70
7.0,-63.0,270
7.0,-61.0,143
7.0,-59.0,57
7.0,-57.0,-41
7.0,-55.0,-67
7.0,-53.0,-187
7.0,-51.0,-4052
7.0,-49.0,-4140
7.0,-47.0,-4183
7.0,-45.0,-4411
7.0,-43.0,-4525
7.0,-41.0,-4814
7.0,-39.0,-4312
7.0,-37.0,-4100
7.0,-35.0,-3386
7.0,-33.0,-3214
7.0,-31.0,-3720
7.0,-29.0,-3419
7.0,-27.0,-4212
7.0,-25.0,-4267
7.0,-23.0,-1153
7.0,-21.0,-3813
7.0,-19.0,-4567
7.0,-17.0,-4868
7.0,-15.0,-4692
7.0,-13.0,-3075
7.0,-11.0,102
7.0,-9.0,249
7.0,-7.0,244
7.0,-5.0,172
7.0,-3.0,234
7.0,-1.0,107
7.0,1.0,159
7.0,3.0,38
7.0,5.0,201
7.0,7.0,44
7.0,9.0,185
7.0,11.0,1364
7.0,13.0,1083
7.0,15.0,1220
7.0,17.0,558
7.0,19.0,460
7.0,21.0,540
7.0,23.0,713
7.0,25.0,671
7.0,27.0,526
7.0,29.0,431
7.0,31.0,415
7.0,33.0,420
7.0,35.0,939
7.0,37.0,1990
7.0,39.0,2522
7.0,41.0,1238
7.0,43.0,637
7.0,45.0,721
7.0,47.0,373
7.0,49.0,93
7.0,51.0,-4892
7.0,53.0,-5049
7.0,55.0,-3681
7.0,57.0,-4136
7.0,59.0,-3123
7.0,61.0,-2579
7.0,63.0,-4233
7.0,65.0,-4341
7.0,67.0,-4171
7.0,69.0,-4446
7.0,71.0,-4095
7.0,73.0,1
7.0,75.0,-2753
7.0,77.0,-1948
7.0,79.0,-2529
7.0,81.0,821
7.0,83.0,-3959
7.0,85.0,-3851
7.0,87.0,-3829
7.0,89.0,-3774
7.0,91.0,-2963
7.0,93.0,-1689
7.0,95.0,-2665
7.0,97.0,-1035
7.0,99.0,-43
7.0,101.0,-12
7.0,103.0,-52
7.0,105.0,-49
7.0,107.0,-45
7.0,109.0,-143
7.0,111.0,-1733
7.0,113.0,-1713
7.0,115.0,-2618
7.0,117.0,-3
7.0,119.0,-2715
7.0,121.0,-3455
7.0,123.0,-2610
7.0,125.0,104
7.0,127.0,-5800
7.0,129.0,-5165
7.0,131.0,-5620
7.0,133.0,-4416
7.0,135.0,-4967
7.0,137.0,-4284
7.0,139.0,-4163
7.0,141.0,-2782
7.0,143.0,-3253
7.0,145.0,-2535
7.0,147.0,-3390
7.0,149.0,-1544
7.0,151.0,-3478
7.0,153.0,-2943
7.0,155.0,-4322
7.0,157.0,-3647
7.0,159.0,-4258
7.0,161.0,-4813
7.0,163.0,-4893
7.0,165.0,-5148
7.0,167.0,-5108
7.0,169.0,-4757
7.0,171.0,-3696
7.0,173.0,-4689
7.0,175.0,-5730
7.0,177.0,-5530
7.0,179.0,-5549
9.0,-179.0,-6014
9.0,-177.0,-5871
9.0,-175.0,-5969
9.0,-173.0,-5929
9.0,-171.0,-5141
9.0,-169.0,-5021
9.0,-167.0,-5130
9.0,-165.0,-4928
9.0,-163.0,-4739
9.0,-161.0,-3445
9.0,-159.0,-4441
9.0,-157.0,-5186
9.0,-155.0,-5285
9.0,-153.0,-5091
9.0,-151.0,-5024
9.0,-149.0,-5255
9.0,-147.0,-5034
9.0,-145.0,-5200
9.0,-143.0,-5156
9.0,-141.0,-5112
9.0,-139.0,-4942
9.0,-137.0,-4770
9.0,-135.0,-4733
9.0,-133.0,-4929
9.0,-131.0,-4976
9.0,-129.0,-4581
9.0,-127.0,-4582
9.0,-125.0,-4737
9.0,-123.0,-4555
9.0,-121.0,-4354
9.0,-119.0,-3891
9.0,-117.0,-3772
9.0,-115.0,-4218
9.0,-113.0,-3755
9.0,-111.0,-3565
9.0,-109.0,-3711
9.0,-107.0,-3388
9.0,-105.0,-3167
9.0,-103.0,-3243
9.0,-101.0,-3451
9.0,-99.0,-3811
9.0,-97.0,-3733
9.0,-95.0,-3477
9.0,-93.0,-3588
9.0,-91.0,-3791
9.0,-89.0,-3462
9.0,-87.0,-3189
9.0,-85.0,-3267
9.0,-83.0,994
9.0,-81.0,-458
9.0,-79.0,59
9.0,-77.0,-885
9.0,-75.0,33
9.0,-73.0,130
9.0,-71.0,1329
9.0,-69.0,88
9.0,-67.0,124
9.0,-65.0,122
9.0,-63.0,73
9.0,-61.0,17
9.0,-59.0,-538
9.0,-57.0,-3019
9.0,-55.0,-3220
9.0,-53.0,-4660
9.0,-51.0,-4685
9.0,-49.0,-4619
9.0,-47.0,-4668
9.0,-45.0,-4804
9.0,-43.0,-4508
9.0,-41.0,-4105
9.0,-39.0,-3461
9.0,-37.0,-4411
9.0,-35.0,-4724
9.0,-33.0,-5028
9.0,-31.0,-5324
9.0,-29.0,-5398
9.0,-27.0,-5155
9.0,-25.0,-5011
9.0,-23.0,-4848
9.0,-21.0,-2414
9.0,-19.0,-4308
9.0,-17.0,-2633
9.0,-15.0,-214
9.0,-13.0,17
9.0,-11.0,409
9.0,-9.0,549
9.0,-7.0,406
9.0,-5.0,302
9.0,-3.0,288
9.0,-1.0,149
9.0,1.0,431
9.0,3.0,351
9.0,5.0,159
9.0,7.0,238
9.0,9.0,669
9.0,11.0,120
9.0,13.0,230
9.0,15.0,371
9.0,17.0,413
9.0,19.0,378
9.0,21.0,433
9.0,23.0,657
9.0,25.0,711
9.0,27.0,450
9.0,29.0,397
9.0,31.0,403
9.0,33.0,401
9.0,35.0,1728
9.0,37.0,1590
9.0,39.0,2463
9.0,41.0,2249
9.0,43.0,1441
9.0,45.0,962
9.0,47.0,589
9.0,49.0,756
9.0,51.0,-834
9.0,53.0,-4812
9.0,55.0,-4802
9.0,57.0,-3921
9.0,59.0,-3041
9.0,61.0,-4207
9.0,63.0,-4515
9.0,65.0,-4537
9.0,67.0,-4472
9.0,69.0,-4595
9.0,71.0,-3928
9.0,73.0,-1828
9.0,75.0,-2615
9.0,77.0,95
9.0,79.0,-225
9.0,81.0,-31
9.0,83.0,-3716
9.0,85.0,-3670
9.0,87.0,-3609
9.0,89.0,-3489
9.0,91.0,-3542
9.0,93.0,-762
9.0,95.0,-2129
9.0,97.0,-393
9.0,99.0,72
9.0,101.0,-46
9.0,103.0,-48
9.0,105.0,2
9.0,107.0,-18
9.0,109.0,-145
9.0,111.0,-1617
9.0,113.0,-2655
9.0,115.0,-1867
9.0,117.0,-1416
9.0,119.0,-2029
9.0,121.0,-3870
9.0,123.0,-981
9.0,125.0,-322
9.0,127.0,-7964
9.0,129.0,-5962
9.0,131.0,-5995
9.0,133.0,-4863
9.0,135.0,-3214
9.0,137.0,-3828
9.0,139.0,-3736
9.0,141.0,-2371
9.0,143.0,-3071
9.0,145.0,-3788
9.0,147.0,-3881
9.0,149.0,-3404
9.0,151.0,-5113
9.0,153.0,-5011
9.0,155.0,-5317
9.0,157.0,-5049
9.0,159.0,-4929
9.0,161.0,-2563
9.0,163.0,-4206
9.0,165.0,-5212
9.0,167.0,-4191
9.0,169.0,-4634
9.0,171.0,-2394
9.0,173.0,-4992
9.0,175.0,-5463
9.0,177.0,-5190
9.0,179.0,-5801
11.0,-179.0,-5928
11.0,-177.0,-5658
11.0,-175.0,-4569
11.0,-173.0,-5635
11.0,-171.0,-4493
11.0,-169.0,-5229
11.0,-167.0,-5150
11.0,-165.0,-4821
11.0,-163.0,-5192
11.0,-161.0,-5291
11.0,-159.0,-5307
11.0,-157.0,-5282
11.0,-155.0,-5292
11.0,-153.0,-5195
11.0,-151.0,-5409
11.0,-149.0,-5310
11.0,-147.0,-5355
11.0,-145.0,-5255
11.0,-143.0,-4882
11.0,-141.0,-5074
11.0,-139.0,-4887
11.0,-137.0,-5007
11.0,-135.0,-4983
11.0,-133.0,-4903
11.0,-131.0,-4954
11.0,-129.0,-4769
11.0,-127.0,-4743
11.0,-125.0,-4643
11.0,-123.0,-4484
11.0,-121.0,-4405
11.0,-119.0,-4326
11.0,-117.0,-4218
11.0,-115.0,-4166
11.0,-113.0,-3834
11.0,-111.0,-3654
11.0,-109.0,-3401
11.0,-107.0,-3437
11.0,-105.0,-3237
11.0,-103.0,-3062
11.0,-101.0,-3438
11.0,-99.0,-4038
11.0,-97.0,-4132
11.0,-95.0,-3998
11.0,-93.0,-3785
11.0,-91.0,-3740
11.0,-89.0,-3283
11.0,-87.0,-1927
11.0,-85.0,36
11.0,-83.0,-1776
11.0,-81.0,-3221
11.0,-79.0,-3539
11.0,-77.0,-3225
11.0,-75.0,-1
11.0,-73.0,684
11.0,-71.0,15
11.0,-69.0,125
11.0,-67.0,-428
11.0,-65.0,-71
11.0,-63.0,-43
11.0,-61.0,-88
11.0,-59.0,-1558
11.0,-57.0,-4054
11.0,-55.0,-4525
11.0,-53.0,-4849
11.0,-51.0,-5007
11.0,-49.0,-4949
11.0,-47.0,-4590
11.0,-45.0,-4657
11.0,-43.0,-3731
11.0,-41.0,-4133
11.0,-39.0,-4681
11.0,-37.0,-4518
11.0,-35.0,-5094
11.0,-33.0,-5729
11.0,-31.0,-5409
11.0,-29.0,-5944
11.0,-27.0,-5659
11.0,-25.0,-5335
11.0,-23.0,-5154
11.0,-21.0,-5020
11.0,-19.0,-4387
11.0,-17.0,-47
11.0,-15.0,7
11.0,-13.0,577
11.0,-11.0,409
11.0,-9.0,405
11.0,-7.0,346
11.0,-5.0,549
11.0,-3.0,309
11.0,-1.0,209
11.0,1.0,155
11.0,3.0,251
11.0,5.0,229
11.0,7.0,634
11.0,9.0,845
11.0,11.0,404
11.0,13.0,419
11.0,15.0,307
11.0,17.0,339
11.0,19.0,468
11.0,21.0,452
11.0,23.0,531
11.0,25.0,488
11.0,27.0,433
11.0,29.0,480
11.0,31.0,550
11.0,33.0,406
11.0,35.0,730
11.0,37.0,2662
11.0,39.0,3151
11.0,41.0,767
11.0,43.0,393
11.0,45.0,-1401
11.0,47.0,-75
11.0,49.0,1163
11.0,51.0,60
11.0,53.0,-2599
11.0,55.0,-2733
11.0,57.0,-3614
11.0,59.0,-4176
11.0,61.0,-4625
11.0,63.0,-4381
11.0,65.0,-4330
11.0,67.0,-4342
11.0,69.0,-4409
11.0,71.0,-3187
11.0,73.0,-1848
11.0,75.0,-1001
11.0,77.0,401
11.0,79.0,63
11.0,81.0,-3471
11.0,83.0,-3632
11.0,85.0,-3458
11.0,87.0,-3362
11.0,89.0,-3278
11.0,91.0,-3348
11.0,93.0,-1201
11.0,95.0,-3159
11.0,97.0,-323
11.0,99.0,246
11.0,101.0,-58
11.0,103.0,-6
11.0,105.0,3
11.0,107.0,22
11.0,109.0,-56
11.0,111.0,-3100
11.0,113.0,-4252
11.0,115.0,-488
11.0,117.0,-333
11.0,119.0,-82
11.0,121.0,-2
11.0,123.0,-1
11.0,125.0,11
11.0,127.0,-5832
11.0,129.0,-5555
11.0,131.0,-6024
11.0,133.0,-5786
11.0,135.0,-3442
11.0,137.0,-5066
11.0,139.0,-5823
11.0,141.0,-7038
11.0,143.0,-6159
11.0,145.0,-2059
11.0,147.0,-5320
11.0,149.0,-5821
11.0,151.0,-5894
11.0,153.0,-5753
11.0,155.0,-5749
11.0,157.0,-3210
11.0,159.0,-5439
11.0,161.0,-4622
11.0,163.0,-4414
11.0,165.0,-4720
11.0,167.0,-2988
11.0,169.0,-4913
11.0,171.0,-4854
11.0,173.0,-5352
11.0,175.0,-5534
11.0,177.0,-5299
11.0,179.0,-5355
13.0,-179.0,-5694
13.0,-177.0,-4361
13.0,-175.0,-5451
13.0,-173.0,-5742
13.0,-171.0,-5514
13.0,-169.0,-5549
13.0,-167.0,-5105
13.0,-165.0,-3902
13.0,-163.0,-5419
13.0,-161.0,-5411
13.0,-159.0,-4790
13.0,-157.0,-5496
13.0,-155.0,-5382
13.0,-153.0,-5308
13.0,-151.0,-5740
13.0,-149.0,-5308
13.0,-147.0,-5358
13.0,-145.0,-5286
13.0,-143.0,-5135
13.0,-141.0,-4808
13.0,-139.0,-4823
13.0,-137.0,-4782
13.0,-135.0,-4920
13.0,-133.0,-5013
13.0,-131.0,-5041
13.0,-129.0,-4867
13.0,-127.0,-4738
13.0,-125.0,-4774
13.0,-123.0,-4636
13.0,-121.0,-4222
13.0,-119.0,-4244
13.0,-117.0,-4204
13.0,-115.0,-3923
13.0,-113.0,-4098
13.0,-111.0,-3474
13.0,-109.0,-3855
13.0,-107.0,-2753
13.0,-105.0,-3245
13.0,-103.0,-2936
13.0,-101.0,-3360
13.0,-99.0,-3410
13.0,-97.0,-4106
13.0,-95.0,-4096
13.0,-93.0,-4197
13.0,-91.0,-2806
13.0,-89.0,-79
13.0,-87.0,20
13.0,-85.0,148
13.0,-83.0,-19
13.0,-81.0,-2049
13.0,-79.0,-3455
13.0,-77.0,-3939
13.0,-75.0,-3947
13.0,-73.0,-2564
13.0,-71.0,-1590
13.0,-69.0,-2054
13.0,-67.0,-4381
13.0,-65.0,-3634
13.0,-63.0,-1764
13.0,-61.0,-907
13.0,-59.0,-1711
13.0,-57.0,-4795
13.0,-55.0,-4870
13.0,-53.0,-5053
13.0,-51.0,-4970
13.0,-49.0,-4999
13.0,-47.0,-4487
13.0,-45.0,-2242
13.0,-43.0,-3386
13.0,-41.0,-4905
13.0,-39.0,-5267
13.0,-37.0,-5979
13.0,-35.0,-6298
13.0,-33.0,-5761
13.0,-31.0,-5595
13.0,-29.0,-5691
13.0,-27.0,-5267
13.0,-25.0,-4811
13.0,-23.0,-4744
13.0,-21.0,-4704
13.0,-19.0,-4238
13.0,-17.0,-16
13.0,-15.0,53
13.0,-13.0,75
13.0,-11.0,285
13.0,-9.0,394
13.0,-7.0,360
13.0,-5.0,315
13.0,-3.0,295
13.0,-1.0,319
13.0,1.0,263
13.0,3.0,224
13.0,5.0,278
13.0,7.0,464
13.0,9.0,390
13.0,11.0,336
13.0,13.0,298
13.0,15.0,282
13.0,17.0,288
13.0,19.0,360
13.0,21.0,549
13.0,23.0,756
13.0,25.0,886
13.0,27.0,534
13.0,29.0,654
13.0,31.0,471
13.0,33.0,398
13.0,35.0,460
13.0,37.0,1096
13.0,39.0,1297
13.0,41.0,9
13.0,43.0,-43
13.0,45.0,35
13.0,47.0,-1654
13.0,49.0,-2190
13.0,51.0,-2211
13.0,53.0,-2420
13.0,55.0,-3774
13.0,57.0,-3744
13.0,59.0,-4290
13.0,61.0,-4243
13.0,63.0,-4191
13.0,65.0,-4112
13.0,67.0,-4141
13.0,69.0,-4178
13.0,71.0,-2425
13.0,73.0,-1919
13.0,75.0,72
13.0,77.0,762
13.0,79.0,294
13.0,81.0,-3178
13.0,83.0,-3397
13.0,85.0,-3270
13.0,87.0,-3129
13.0,89.0,-3038
13.0,91.0,-2949
13.0,93.0,-5
13.0,95.0,-1161
13.0,97.0,-169
13.0,99.0,576
13.0,101.0,63
13.0,103.0,24
13.0,105.0,40
13.0,107.0,152
13.0,109.0,274
13.0,111.0,-2708
13.0,113.0,-4249
13.0,115.0,-4295
13.0,117.0,-4174
13.0,119.0,-3010
13.0,121.0,979
13.0,123.0,-21
13.0,125.0,-3656
13.0,127.0,-5132
13.0,129.0,-5378
13.0,131.0,-5799
13.0,133.0,-5490
13.0,135.0,-4638
13.0,137.0,-4739
13.0,139.0,-5315
13.0,141.0,-3676
13.0,143.0,-3284
13.0,145.0,-4106
13.0,147.0,-6077
13.0,149.0,-5876
13.0,151.0,-5537
13.0,153.0,-5989
13.0,155.0,-6035
13.0,157.0,-2729
13.0,159.0,-5608
13.0,161.0,-5396
13.0,163.0,-5170
13.0,165.0,-5197
13.0,167.0,-4864
13.0,169.0,-5259
13.0,171.0,-5348
13.0,173.0,-5692
13.0,175.0,-5694
13.0,177.0,-5592
13.0,179.0,-4821
15.0,-179.0,-5452
15.0,-177.0,-3118
15.0,-175.0,-5704
15.0,-173.0,-2542
15.0,-171.0,-3451
15.0,-169.0,-4373
15.0,-167.0,-4245
15.0,-165.0,-5425
15.0,-163.0,-3903
15.0,-161.0,-5576
15.0,-159.0,-5636
15.0,-157.0,-5707
15.0,-155.0,-5466
15.0,-153.0,-5847
15.0,-151.0,-5581
15.0,-149.0,-5340
15.0,-147.0,-5340
15.0,-145.0,-5453
15.0,-143.0,-5127
15.0,-141.0,-4538
15.0,-139.0,-4787
15.0,-137.0,-4878
15.0,-135.0,-4771
15.0,-133.0,-4986
15.0,-131.0,-5012
15.0,-129.0,-4876
15.0,-127.0,-4618
15.0,-125.0,-4534
15.0,-123.0,-4497
15.0,-121.0,-4074
15.0,-119.0,-3993
15.0,-117.0,-4034
15.0,-115.0,-3947
15.0,-113.0,-3803
15.0,-111.0,-3383
15.0,-109.0,-3713
15.0,-107.0,-3714
15.0,-105.0,-2730
15.0,-103.0,-3217
15.0,-101.0,-3713
15.0,-99.0,-3569
15.0,-97.0,-3706
15.0,-95.0,-4524
15.0,-93.0,-33
15.0,-91.0,1880
15.0,-89.0,614
15.0,-87.0,1531
15.0,-85.0,137
15.0,-83.0,-1
15.0,-81.0,-714
15.0,-79.0,-2141
15.0,-77.0,-3619
15.0,-75.0,-4162
15.0,-73.0,-3181
15.0,-71.0,-3914
15.0,-69.0,-4109
15.0,-67.0,-5011
15.0,-65.0,-4101
15.0,-63.0,-1630
15.0,-61.0,-598
15.0,-59.0,-4026
15.0,-57.0,-5424
15.0,-55.0,-5482
15.0,-53.0,-5019
15.0,-51.0,-4757
15.0,-49.0,-2344
15.0,-47.0,-4483
15.0,-45.0,-3840
15.0,-43.0,-4826
15.0,-41.0,-4659
15.0,-39.0,-5335
15.0,-37.0,-5484
15.0,-35.0,-6064
15.0,-33.0,-5557
15.0,-31.0,-5232
15.0,-29.0,-5276
15.0,-27.0,-4854
15.0,-25.0,-4151
15.0,-23.0,-2878
15.0,-21.0,-4186
15.0,-19.0,-3339
15.0,-17.0,19
15.0,-15.0,51
15.0,-13.0,92
15.0,-11.0,68
15.0,-9.0,297
15.0,-7.0,279
15.0,-5.0,270
15.0,-3.0,379
15.0,-1.0,264
15.0,1.0,288
15.0,3.0,290
15.0,5.0,350
15.0,7.0,426
15.0,9.0,545
15.0,11.0,411
15.0,13.0,353
15.0,15.0,354
15.0,17.0,288
15.0,19.0,341
15.0,21.0,490
15.0,23.0,854
15.0,25.0,941
15.0,27.0,695
15.0,29.0,517
15.0,31.0,490
15.0,33.0,395
15.0,35.0,551
15.0,37.0,914
15.0,39.0,1855
15.0,41.0,-44
15.0,43.0,38
15.0,45.0,1422
15.0,47.0,1258
15.0,49.0,1294
15.0,51.0,-352
15.0,53.0,-2301
15.0,55.0,-2355
15.0,57.0,-3365
15.0,59.0,-4411
15.0,61.0,-4120
15.0,63.0,-3970
15.0,65.0,-3860
15.0,67.0,-3952
15.0,69.0,-3980
15.0,71.0,-2756
15.0,73.0,-226
15.0,75.0,535
15.0,77.0,440
15.0,79.0,186
15.0,81.0,-2490
15.0,83.0,-3108
15.0,85.0,-3092
15.0,87.0,-2917
15.0,89.0,-2804
15.0,91.0,-2704
15.0,93.0,-2728
15.0,95.0,-50
15.0,97.0,-28
15.0,99.0,802
15.0,101.0,47
15.0,103.0,170
15.0,105.0,139
15.0,107.0,624
15.0,109.0,-30
15.0,111.0,-1266
15.0,113.0,-3284
15.0,115.0,-4002
15.0,117.0,-4276
15.0,119.0,-4759
15.0,121.0,47
15.0,123.0,-1328
15.0,125.0,-6027
15.0,127.0,-5515
15.0,129.0,-5612
15.0,131.0,-5421
15.0,133.0,-5255
15.0,135.0,-4702
15.0,137.0,-5483
15.0,139.0,-4726
15.0,141.0,-4827
15.0,143.0,-1879
15.0,145.0,-2785
15.0,147.0,-5253
15.0,149.0,-5749
15.0,151.0,-6025
15.0,153.0,-6061
15.0,155.0,-5729
15.0,157.0,-5997
15.0,159.0,-5318
15.0,161.0,-5231
15.0,163.0,-4469
15.0,165.0,-5228
15.0,167.0,-5031
15.0,169.0,-4515
15.0,171.0,-5688
15.0,173.0,-5520
15.0,175.0,-5214
15.0,177.0,-4607
15.0,179.0,-5440
17.0,-179.0,-5109
17.0,-177.0,-3178
17.0,-175.0,-5034
17.0,-173.0,-5389
17.0,-171.0,-4801
17.0,-169.0,-5110
17.0,-167.0,-5361
17.0,-165.0,-5312
17.0,-163.0,-5754
17.0,-161.0,-5569
17.0,-159.0,-5404
17.0,-157.0,-4959
17.0,-155.0,-4886
17.0,-153.0,-5266
17.0,-151.0,-5551
17.0,-149.0,-5265
17.0,-147.0,-5491
17.0,-145.0,-5481
17.0,-143.0,-5464
17.0,-141.0,-5563
17.0,-139.0,-5443
17.0,-137.0,-5150
17.0,-135.0,-5321
17.0,-133.0,-4598
17.0,-131.0,-4800
17.0,-129.0,-4921
17.0,-127.0,-4544
17.0,-125.0,-4331
17.0,-123.0,-4263
17.0,-121.0,-3892
17.0,-119.0,-4006
17.0,-117.0,-3448
17.0,-115.0,-3687
17.0,-113.0,-3246
17.0,-111.0,-4078
17.0,-109.0,-3522
17.0,-107.0,-3720
17.0,-105.0,-3038
17.0,-103.0,-3824
17.0,-101.0,-2224
17.0,-99.0,830
17.0,-97.0,2373
17.0,-95.0,96
17.0,-93.0,1401
17.0,-91.0,170
17.0,-89.0,365
17.0,-87.0,-3390
17.0,-85.0,-3458
17.0,-83.0,-1127
17.0,-81.0,-500
17.0,-79.0,-1005
17.0,-77.0,-2142
17.0,-75.0,-1523
17.0,-73.0,-4301
17.0,-71.0,-3957
17.0,-69.0,-4983
17.0,-67.0,-4824
17.0,-65.0,-4440
17.0,-63.0,-944
17.0,-61.0,-3311
17.0,-59.0,-5954
17.0,-57.0,-5817
17.0,-55.0,-5612
17.0,-53.0,-5082
17.0,-51.0,-4810
17.0,-49.0,-3548
17.0,-47.0,-3141
17.0,-45.0,-3445
17.0,-43.0,-4929
17.0,-41.0,-4116
17.0,-39.0,-5169
17.0,-37.0,-5225
17.0,-35.0,-5108
17.0,-33.0,-5068
17.0,-31.0,-4717
17.0,-29.0,-4895
17.0,-27.0,-4431
17.0,-25.0,-197
17.0,-23.0,-2192
17.0,-21.0,-3530
17.0,-19.0,-3346
17.0,-17.0,-1600
17.0,-15.0,29
17.0,-13.0,89
17.0,-11.0,130
17.0,-9.0,194
17.0,-7.0,337
17.0,-5.0,274
17.0,-3.0,268
17.0,-1.0,264
17.0,1.0,323
17.0,3.0,419
17.0,5.0,368
17.0,7.0,422
17.0,9.0,598
17.0,11.0,422
17.0,13.0,440
17.0,15.0,326
17.0,17.0,195
17.0,19.0,255
17.0,21.0,457
17.0,23.0,1122
17.0,25.0,627
17.0,27.0,648
17.0,29.0,397
17.0,31.0,579
17.0,33.0,439
17.0,35.0,387
17.0,37.0,929
17.0,39.0,31
17.0,41.0,-796
17.0,43.0,194
17.0,45.0,1182
17.0,47.0,834
17.0,49.0,864
17.0,51.0,857
17.0,53.0,848
17.0,55.0,-22
17.0,57.0,-3843
17.0,59.0,-3688
17.0,61.0,-3943
17.0,63.0,-3768
17.0,65.0,-3594
17.0,67.0,-3682
17.0,69.0,-3236
17.0,71.0,-2403
17.0,73.0,-50
17.0,75.0,635
17.0,77.0,398
17.0,79.0,278
17.0,81.0,130
17.0,83.0,-242
17.0,85.0,-2743
17.0,87.0,-2574
17.0,89.0,-2423
17.0,91.0,-2315
17.0,93.0,-2415
17.0,95.0,4
17.0,97.0,-3
17.0,99.0,156
17.0,101.0,1203
17.0,103.0,187
17.0,105.0,177
17.0,107.0,12
17.0,109.0,-81
17.0,111.0,-1428
17.0,113.0,-1656
17.0,115.0,-2925
17.0,117.0,-4001
17.0,119.0,-4239
17.0,121.0,1732
17.0,123.0,-4881
17.0,125.0,-2979
17.0,127.0,-4895
17.0,129.0,-5670
17.0,131.0,-5626
17.0,133.0,-5740
17.0,135.0,-3339
17.0,137.0,-5004
17.0,139.0,-4574
17.0,141.0,-4860
17.0,143.0,-2729
17.0,145.0,-3594
17.0,147.0,-4391
17.0,149.0,-5450
17.0,151.0,-4710
17.0,153.0,-5766
17.0,155.0,-5728
17.0,157.0,-5789
17.0,159.0,-5773
17.0,161.0,-5605
17.0,163.0,-4757
17.0,165.0,-5416
17.0,167.0,-5318
17.0,169.0,-5123
17.0,171.0,-5565
17.0,173.0,-5434
17.0,175.0,-5061
17.0,177.0,-4128
17.0,179.0,-4729
19.0,-179.0,-4384
19.0,-177.0,-5130
19.0,-175.0,-3210
19.0,-173.0,-3249
19.0,-171.0,-3049
19.0,-169.0,-5042
19.0,-167.0,-5377
19.0,-165.0,-5529
19.0,-163.0,-5174
19.0,-161.0,-4979
19.0,-159.0,-4556
19.0,-157.0,-4426
19.0,-155.0,-4316
19.0,-153.0,-5085
19.0,-151.0,-5351
19.0,-149.0,-5414
19.0,-147.0,-5244
19.0,-145.0,-5382
19.0,-143.0,-5412
19.0,-141.0,-5469
19.0,-139.0,-5288
19.0,-137.0,-5138
19.0,-135.0,-5186
19.0,-133.0,-5227
19.0,-131.0,-5130
19.0,-129.0,-4858
19.0,-127.0,-4819
19.0,-125.0,-3998
19.0,-123.0,-4271
19.0,-121.0,-4177
19.0,-119.0,-3855
19.0,-117.0,-3689
19.0,-115.0,-3711
19.0,-113.0,-3471
19.0,-111.0,-2776
19.0,-109.0,-3144
19.0,-107.0,-3269
19.0,-105.0,-1544
19.0,-103.0,825
19.0,-101.0,919
19.0,-99.0,2005
19.0,-97.0,1221
19.0,-95.0,-1164
19.0,-93.0,-97
19.0,-91.0,1
19.0,-89.0,95
19.0,-87.0,-1732
19.0,-85.0,-4550
19.0,-83.0,-2617
19.0,-81.0,-6217
19.0,-79.0,-5353
19.0,-77.0,-4517
19.0,-75.0,-2305
19.0,-73.0,-726
19.0,-71.0,2421
19.0,-69.0,4
19.0,-67.0,-4123
19.0,-65.0,-3106
19.0,-63.0,-5577
19.0,-61.0,-6796
19.0,-59.0,-5120
19.0,-57.0,-5685
19.0,-55.0,-5258
19.0,-53.0,-5141
19.0,-51.0,-4942
19.0,-49.0,-4163
19.0,-47.0,-3878
19.0,-45.0,-3455
19.0,-43.0,-4105
19.0,-41.0,-5243
19.0,-39.0,-5167
19.0,-37.0,-5171
19.0,-35.0,-5455
19.0,-33.0,-5068
19.0,-31.0,-4818
19.0,-29.0,-4607
19.0,-27.0,-4454
19.0,-25.0,-4035
19.0,-23.0,-3783
19.0,-21.0,-3267
19.0,-19.0,-3015
19.0,-17.0,-1129
19.0,-15.0,26
19.0,-13.0,155
19.0,-11.0,433
19.0,-9.0,373
19.0,-7.0,337
19.0,-5.0,306
19.0,-3.0,269
19.0,-1.0,352
19.0,1.0,451
19.0,3.0,480
19.0,5.0,380
19.0,7.0,413
19.0,9.0,870
19.0,11.0,413
19.0,13.0,504
19.0,15.0,500
19.0,17.0,515
19.0,19.0,515
19.0,21.0,528
19.0,23.0,625
19.0,25.0,577
19.0,27.0,637
19.0,29.0,325
19.0,31.0,264
19.0,33.0,436
19.0,35.0,414
19.0,37.0,796
19.0,39.0,-636
19.0,41.0,-1
19.0,43.0,1613
19.0,45.0,910
19.0,47.0,623
19.0,49.0,385
19.0,51.0,292
19.0,53.0,220
19.0,55.0,197
19.0,57.0,107
19.0,59.0,-3403
19.0,61.0,-3733
19.0,63.0,-3514
19.0,65.0,-3286
19.0,67.0,-3210
19.0,69.0,-2898
19.0,71.0,-56
19.0,73.0,-2
19.0,75.0,704
19.0,77.0,389
19.0,79.0,212
19.0,81.0,359
19.0,83.0,855
19.0,85.0,-44
19.0,87.0,-1829
19.0,89.0,-1737
19.0,91.0,-1864
19.0,93.0,-1237
19.0,95.0,79
19.0,97.0,872
19.0,99.0,364
19.0,101.0,561
19.0,103.0,1282
19.0,105.0,34
19.0,107.0,-60
19.0,109.0,131
19.0,111.0,-96
19.0,113.0,-495
19.0,115.0,-2394
19.0,117.0,-3779
19.0,119.0,-3828
19.0,121.0,-2766
19.0,123.0,-4659
19.0,125.0,-5870
19.0,127.0,-4726
19.0,129.0,-5438
19.0,131.0,-5964
19.0,133.0,-6072
19.0,135.0,-5749
19.0,137.0,-4882
19.0,139.0,-4819
19.0,141.0,-4652
19.0,143.0,-2112
19.0,145.0,-3796
19.0,147.0,-2410
19.0,149.0,-4739
19.0,151.0,-5600
19.0,153.0,-5682
19.0,155.0,-5250
19.0,157.0,-5612
19.0,159.0,-5649
19.0,161.0,-4865
19.0,163.0,-4981
19.0,165.0,-2261
19.0,167.0,-4864
19.0,169.0,-5267
19.0,171.0,-4344
19.0,173.0,-3926
19.0,175.0,-4064
19.0,177.0,-3851
19.0,179.0,-4816
21.0,-179.0,-5148
21.0,-177.0,-5543
21.0,-175.0,-5419
21.0,-173.0,-5298
21.0,-171.0,-3612
21.0,-169.0,-5223
21.0,-167.0,-4779
21.0,-165.0,-4806
21.0,-163.0,-4747
21.0,-161.0,-4558
21.0,-159.0,-4685
21.0,-157.0,-110
21.0,-155.0,-5395
21.0,-153.0,-5083
21.0,-151.0,-5415
21.0,-149.0,-5853
21.0,-147.0,-5341
21.0,-145.0,-5476
21.0,-143.0,-5554
21.0,-141.0,-5381
21.0,-139.0,-5042
21.0,-137.0,-5228
21.0,-135.0,-5296
21.0,-133.0,-5079
21.0,-131.0,-4902
21.0,-129.0,-4819
21.0,-127.0,-4406
21.0,-125.0,-4575
21.0,-123.0,-4215
21.0,-121.0,-4025
21.0,-119.0,-4113
21.0,-117.0,-3978
21.0,-115.0,-2622
21.0,-113.0,-3431
21.0,-111.0,-3350
21.0,-109.0,-2765
21.0,-107.0,-3326
21.0,-105.0,664
21.0,-103.0,1964
21.0,-101.0,2063
21.0,-99.0,727
21.0,-97.0,-44
21.0,-95.0,-3238
21.0,-93.0,-2414
21.0,-91.0,-24
21.0,-89.0,13
21.0,-87.0,16
21.0,-85.0,-4362
21.0,-83.0,-4447
21.0,-81.0,-4192
21.0,-79.0,-1
21.0,-77.0,100
21.0,-75.0,-1555
21.0,-73.0,-2746
21.0,-71.0,-726
21.0,-69.0,-5352
21.0,-67.0,-5157
21.0,-65.0,-5432
21.0,-63.0,-5342
21.0,-61.0,-5550
21.0,-59.0,-5311
21.0,-57.0,-4958
21.0,-55.0,-5162
21.0,-53.0,-4903
21.0,-51.0,-5004
21.0,-49.0,-4077
21.0,-47.0,-4280
21.0,-45.0,-3794
21.0,-43.0,-3976
21.0,-41.0,-4629
21.0,-39.0,-4734
21.0,-37.0,-5998
21.0,-35.0,-5543
21.0,-33.0,-4946
21.0,-31.0,-4618
21.0,-29.0,-4758
21.0,-27.0,-5095
21.0,-25.0,-4875
21.0,-23.0,-4585
21.0,-21.0,-4152
21.0,-19.0,-3136
21.0,-17.0,-1
21.0,-15.0,142
21.0,-13.0,421
21.0,-11.0,424
21.0,-9.0,380
21.0,-7.0,338
21.0,-5.0,273
21.0,-3.0,311
21.0,-1.0,331
21.0,1.0,390
21.0,3.0,554
21.0,5.0,585
21.0,7.0,540
21.0,9.0,658
21.0,11.0,473
21.0,13.0,734
21.0,15.0,509
21.0,17.0,2507
21.0,19.0,968
21.0,21.0,562
21.0,23.0,628
21.0,25.0,694
21.0,27.0,465
21.0,29.0,326
21.0,31.0,298
21.0,33.0,350
21.0,35.0,627
21.0,37.0,188
21.0,39.0,-345
21.0,41.0,1565
21.0,43.0,963
21.0,45.0,708
21.0,47.0,488
21.0,49.0,271
21.0,51.0,177
21.0,53.0,107
21.0,55.0,74
21.0,57.0,129
21.0,59.0,-10
21.0,61.0,-3246
21.0,63.0,-3414
21.0,65.0,-3003
21.0,67.0,-2509
21.0,69.0,-950
21.0,71.0,167
21.0,73.0,15
21.0,75.0,223
21.0,77.0,271
21.0,79.0,280
21.0,81.0,311
21.0,83.0,216
21.0,85.0,141
21.0,87.0,-3
21.0,89.0,-75
21.0,91.0,-31
21.0,93.0,18
21.0,95.0,286
21.0,97.0,1019
21.0,99.0,787
21.0,101.0,927
21.0,103.0,924
21.0,105.0,380
21.0,107.0,1
21.0,109.0,-25
21.0,111.0,-25
21.0,113.0,-68
21.0,115.0,-108
21.0,117.0,-237
21.0,119.0,-2734
21.0,121.0,-1749
21.0,123.0,-5133
21.0,125.0,-5732
21.0,127.0,-4808
21.0,129.0,-5618
21.0,131.0,-5919
21.0,133.0,-5941
21.0,135.0,-5802
21.0,137.0,-4781
21.0,139.0,-4425
21.0,141.0,-4504
21.0,143.0,-3762
21.0,145.0,-1957
21.0,147.0,-6482
21.0,149.0,-5308
21.0,151.0,-5898
21.0,153.0,-5726
21.0,155.0,-1753
21.0,157.0,-2907
21.0,159.0,-5535
21.0,161.0,-4968
21.0,163.0,-4426
21.0,165.0,-5524
21.0,167.0,-5563
21.0,169.0,-5487
21.0,171.0,-5742
21.0,173.0,-4413
21.0,175.0,-3570
21.0,177.0,-2816
21.0,179.0,-2865
23.0,-179.0,-5732
23.0,-177.0,-5732
23.0,-175.0,-5254
23.0,-173.0,-5028
23.0,-171.0,-4745
23.0,-169.0,-4708
23.0,-167.0,-4848
23.0,-165.0,-4453
23.0,-163.0,-3986
23.0,-161.0,-4212
23.0,-159.0,-4840
23.0,-157.0,-4373
23.0,-155.0,-4395
23.0,-153.0,-5089
23.0,-151.0,-5452
23.0,-149.0,-5121
23.0,-147.0,-5483
23.0,-145.0,-5577
23.0,-143.0,-5419
23.0,-141.0,-5186
23.0,-139.0,-5091
23.0,-137.0,-4825
23.0,-135.0,-5164
23.0,-133.0,-4667
23.0,-131.0,-4684
23.0,-129.0,-4522
23.0,-127.0,-3947
23.0,-125.0,-3784
23.0,-123.0,-3535
23.0,-121.0,-3842
23.0,-119.0,-4165
23.0,-117.0,-4039
23.0,-115.0,-3736
23.0,-113.0,-3207
23.0,-111.0,-2179
23.0,-109.0,-3022
23.0,-107.0,-1541
23.0,-105.0,790
23.0,-103.0,2498
23.0,-101.0,1800
23.0,-99.0,86
23.0,-97.0,-1531
23.0,-95.0,-3641
23.0,-93.0,-3750
23.0,-91.0,-3461
23.0,-89.0,-79
23.0,-87.0,-404
23.0,-85.0,-2006
23.0,-83.0,9
23.0,-81.0,5
23.0,-79.0,-454
23.0,-77.0,-1
23.0,-75.0,-258
23.0,-73.0,-4776
23.0,-71.0,-5417
23.0,-69.0,-5500
23.0,-67.0,-5787
23.0,-65.0,-5828
23.0,-63.0,-5850
23.0,-61.0,-5916
23.0,-59.0,-6036
23.0,-57.0,-5735
23.0,-55.0,-5594
23.0,-53.0,-5640
23.0,-51.0,-4874
23.0,-49.0,-4803
23.0,-47.0,-4328
23.0,-45.0,-3125
23.0,-43.0,-4010
23.0,-41.0,-4488
23.0,-39.0,-4633
23.0,-37.0,-6392
23.0,-35.0,-6103
23.0,-33.0,-5454
23.0,-31.0,-5339
23.0,-29.0,-5665
23.0,-27.0,-5469
23.0,-25.0,-5201
23.0,-23.0,-4850
23.0,-21.0,-4328
23.0,-19.0,-3387
23.0,-17.0,-71
23.0,-15.0,219
23.0,-13.0,319
23.0,-11.0,254
23.0,-9.0,264
23.0,-7.0,327
23.0,-5.0,277
23.0,-3.0,275
23.0,-1.0,321
23.0,1.0,371
23.0,3.0,521
23.0,5.0,987
23.0,7.0,978
23.0,9.0,839
23.0,11.0,896
23.0,13.0,738
23.0,15.0,762
23.0,17.0,630
23.0,19.0,796
23.0,21.0,605
23.0,23.0,497
23.0,25.0,634
23.0,27.0,465
23.0,29.0,257
23.0,31.0,162
23.0,33.0,206
23.0,35.0,434
23.0,37.0,-893
23.0,39.0,109
23.0,41.0,976
23.0,43.0,1021
23.0,45.0,724
23.0,47.0,628
23.0,49.0,201
23.0,51.0,103
23.0,53.0,136
23.0,55.0,103
23.0,57.0,609
23.0,59.0,1033
23.0,61.0,-3331
23.0,63.0,-2900
23.0,65.0,-1808
23.0,67.0,-168
23.0,69.0,13
23.0,71.0,39
23.0,73.0,72
23.0,75.0,427
23.0,77.0,522
23.0,79.0,347
23.0,81.0,709
23.0,83.0,573
23.0,85.0,536
23.0,87.0,89
23.0,89.0,8
23.0,91.0,10
23.0,93.0,1153
23.0,95.0,291
23.0,97.0,899
23.0,99.0,1078
23.0,101.0,1443
23.0,103.0,2267
23.0,105.0,1036
23.0,107.0,513
23.0,109.0,147
23.0,111.0,206
23.0,113.0,1
23.0,115.0,390
23.0,117.0,-30
23.0,119.0,-20
23.0,121.0,2197
23.0,123.0,-5035
23.0,125.0,-6310
23.0,127.0,-5646
23.0,129.0,-5242
23.0,131.0,-5800
23.0,133.0,-5645
23.0,135.0,-4313
23.0,137.0,-2950
23.0,139.0,-3589
23.0,141.0,-3246
23.0,143.0,-3594
23.0,145.0,-6847
23.0,147.0,-5981
23.0,149.0,-5786
23.0,151.0,-5860
23.0,153.0,-4351
23.0,155.0,-4866
23.0,157.0,-3208
23.0,159.0,-5445
23.0,161.0,-5502
23.0,163.0,-3106
23.0,165.0,-5788
23.0,167.0,-5763
23.0,169.0,-5333
23.0,171.0,-5757
23.0,173.0,-5739
23.0,175.0,-5230
23.0,177.0,-5148
23.0,179.0,-5701
25.0,-179.0,-5526
25.0,-177.0,-5232
25.0,-175.0,-4959
25.0,-173.0,-5068
25.0,-171.0,-4399
25.0,-169.0,-3620
25.0,-167.0,-4109
25.0,-165.0,-4962
25.0,-163.0,-4844
25.0,-161.0,-4613
25.0,-159.0,-4656
25.0,-157.0,-4553
25.0,-155.0,-4820
25.0,-153.0,-5281
25.0,-151.0,-5115
25.0,-149.0,-5420
25.0,-147.0,-5285
25.0,-145.0,-5110
25.0,-143.0,-4866
25.0,-141.0,-4758
25.0,-139.0,-4854
25.0,-137.0,-4864
25.0,-135.0,-4750
25.0,-133.0,-4866
25.0,-131.0,-4525
25.0,-129.0,-4366
25.0,-127.0,-3424
25.0,-125.0,-4490
25.0,-123.0,-4274
25.0,-121.0,-4098
25.0,-119.0,-4135
25.0,-117.0,-3921
25.0,-115.0,-3853
25.0,-113.0,-1516
25.0,-111.0,497
25.0,-109.0,-699
25.0,-107.0,482
25.0,-105.0,1972
25.0,-103.0,1524
25.0,-101.0,1976
25.0,-99.0,170
25.0,-97.0,-68
25.0,-95.0,-3581
25.0,-93.0,-3637
25.0,-91.0,-3533
25.0,-89.0,-3488
25.0,-87.0,-3371
25.0,-85.0,-3347
25.0,-83.0,-52
25.0,-81.0,-1
25.0,-79.0,-9
25.0,-77.0,-1
25.0,-75.0,-4602
25.0,-73.0,-5404
25.0,-71.0,-5548
25.0,-69.0,-5689
25.0,-67.0,-5488
25.0,-65.0,-5692
25.0,-63.0,-5772
25.0,-61.0,-5900
25.0,-59.0,-5738
25.0,-57.0,-5993
25.0,-55.0,-6187
25.0,-53.0,-6101
25.0,-51.0,-5118
25.0,-49.0,-4258
25.0,-47.0,-3722
25.0,-45.0,-3243
25.0,-43.0,-4220
25.0,-41.0,-4021
25.0,-39.0,-4259
25.0,-37.0,-4987
25.0,-35.0,-5460
25.0,-33.0,-5847
25.0,-31.0,-5653
25.0,-29.0,-5667
25.0,-27.0,-5372
25.0,-25.0,-5246
25.0,-23.0,-4924
25.0,-21.0,-4405
25.0,-19.0,-3196
25.0,-17.0,-2590
25.0,-15.0,-32
25.0,-13.0,226
25.0,-11.0,288
25.0,-9.0,313
25.0,-7.0,322
25.0,-5.0,240
25.0,-3.0,263
25.0,-1.0,264
25.0,1.0,302
25.0,3.0,410
25.0,5.0,911
25.0,7.0,1089
25.0,9.0,1431
25.0,11.0,719
25.0,13.0,689
25.0,15.0,554
25.0,17.0,435
25.0,19.0,396
25.0,21.0,316
25.0,23.0,428
25.0,25.0,474
25.0,27.0,536
25.0,29.0,346
25.0,31.0,390
25.0,33.0,113
25.0,35.0,-48
25.0,37.0,-32
25.0,39.0,443
25.0,41.0,1068
25.0,43.0,856
25.0,45.0,790
25.0,47.0,695
25.0,49.0,321
25.0,51.0,57
25.0,53.0,-25
25.0,55.0,-8
25.0,57.0,-933
25.0,59.0,-890
25.0,61.0,-445
25.0,63.0,-61
25.0,65.0,-1033
25.0,67.0,52
25.0,69.0,12
25.0,71.0,82
25.0,73.0,324
25.0,75.0,419
25.0,77.0,411
25.0,79.0,279
25.0,81.0,236
25.0,83.0,149
25.0,85.0,85
25.0,87.0,62
25.0,89.0,20
25.0,91.0,5
25.0,93.0,450
25.0,95.0,147
25.0,97.0,185
25.0,99.0,1592
25.0,101.0,2438
25.0,103.0,2230
25.0,105.0,1053
25.0,107.0,500
25.0,109.0,128
25.0,111.0,1017
25.0,113.0,936
25.0,115.0,519
25.0,117.0,455
25.0,119.0,1
25.0,121.0,-10
25.0,123.0,-1769
25.0,125.0,-1107
25.0,127.0,-1807
25.0,129.0,-4726
25.0,131.0,-2571
25.0,133.0,-5186
25.0,135.0,-5390
25.0,137.0,-4993
25.0,139.0,-4866
25.0,141.0,-1323
25.0,143.0,-4342
25.0,145.0,-5050
25.0,147.0,-4750
25.0,149.0,-5037
25.0,151.0,-5697
25.0,153.0,-5587
25.0,155.0,-5683
25.0,157.0,-5916
25.0,159.0,-5709
25.0,161.0,-5624
25.0,163.0,-5933
25.0,165.0,-5915
25.0,167.0,-5746
25.0,169.0,-5655
25.0,171.0,-6109
25.0,173.0,-5818
25.0,175.0,-5828
25.0,177.0,-5943
25.0,179.0,-5724
27.0,-179.0,-5310
27.0,-177.0,-4384
27.0,-175.0,-5325
27.0,-173.0,-5073
27.0,-171.0,-4764
27.0,-169.0,-4429
27.0,-167.0,-4067
27.0,-165.0,-4778
27.0,-163.0,-5172
27.0,-161.0,-3418
27.0,-159.0,-5096
27.0,-157.0,-5222
27.0,-155.0,-5509
27.0,-153.0,-5453
27.0,-151.0,-5395
27.0,-149.0,-5322
27.0,-147.0,-5189
27.0,-145.0,-4918
27.0,-143.0,-4826
27.0,-141.0,-4827
27.0,-139.0,-4910
27.0,-137.0,-5064
27.0,-135.0,-4461
27.0,-133.0,-4578
27.0,-131.0,-4568
27.0,-129.0,-4474
27.0,-127.0,-4411
27.0,-125.0,-4373
27.0,-123.0,-4068
27.0,-121.0,-4275
27.0,-119.0,-4486
27.0,-117.0,-3771
27.0,-115.0,-4031
27.0,-113.0,24
27.0,-111.0,-1725
27.0,-109.0,1144
27.0,-107.0,2355
27.0,-105.0,1439
27.0,-103.0,1224
27.0,-101.0,574
27.0,-99.0,142
27.0,-97.0,-41
27.0,-95.0,-1471
27.0,-93.0,-1264
27.0,-91.0,-1688
27.0,-89.0,-2372
27.0,-87.0,-2960
27.0,-85.0,-843
27.0,-83.0,-34
27.0,-81.0,-1
27.0,-79.0,-83
27.0,-77.0,-1070
27.0,-75.0,-4600
27.0,-73.0,-5035
27.0,-71.0,-5466
27.0,-69.0,-5427
27.0,-67.0,-5128
27.0,-65.0,-5433
27.0,-63.0,-5548
27.0,-61.0,-6169
27.0,-59.0,-6077
27.0,-57.0,-5608
27.0,-55.0,-5917
27.0,-53.0,-5809
27.0,-51.0,-4577
27.0,-49.0,-5058
27.0,-47.0,-4098
27.0,-45.0,-2684
27.0,-43.0,-3990
27.0,-41.0,-4069
27.0,-39.0,-4295
27.0,-37.0,-4685
27.0,-35.0,-5397
27.0,-33.0,-5426
27.0,-31.0,-5569
27.0,-29.0,-5377
27.0,-27.0,-4914
27.0,-25.0,-5158
27.0,-23.0,-4950
27.0,-21.0,-4662
27.0,-19.0,-3836
27.0,-17.0,-3646
27.0,-15.0,-2836
27.0,-13.0,110
27.0,-11.0,230
27.0,-9.0,456
27.0,-7.0,317
27.0,-5.0,442
27.0,-3.0,411
27.0,-1.0,273
27.0,1.0,282
27.0,3.0,354
27.0,5.0,568
27.0,7.0,468
27.0,9.0,530
27.0,11.0,565
27.0,13.0,503
27.0,15.0,468
27.0,17.0,722
27.0,19.0,281
27.0,21.0,190
27.0,23.0,198
27.0,25.0,208
27.0,27.0,180
27.0,29.0,268
27.0,31.0,244
27.0,33.0,442
27.0,35.0,-1086
27.0,37.0,948
27.0,39.0,1036
27.0,41.0,1213
27.0,43.0,791
27.0,45.0,589
27.0,47.0,377
27.0,49.0,34
27.0,51.0,-44
27.0,53.0,-84
27.0,55.0,155
27.0,57.0,6
27.0,59.0,447
27.0,61.0,1442
27.0,63.0,1011
27.0,65.0,1114
27.0,67.0,822
27.0,69.0,49
27.0,71.0,204
27.0,73.0,295
27.0,75.0,362
27.0,77.0,229
27.0,79.0,152
27.0,81.0,124
27.0,83.0,83
27.0,85.0,93
27.0,87.0,1784
27.0,89.0,1187
27.0,91.0,1800
27.0,93.0,354
27.0,95.0,114
27.0,97.0,1840
27.0,99.0,3530
27.0,101.0,2873
27.0,103.0,3233
27.0,105.0,1803
27.0,107.0,1176
27.0,109.0,721
27.0,111.0,394
27.0,113.0,145
27.0,115.0,79
27.0,117.0,480
27.0,119.0,997
27.0,121.0,-37
27.0,123.0,-116
27.0,125.0,-113
27.0,127.0,-1513
27.0,129.0,-1967
27.0,131.0,-4848
27.0,133.0,-5230
27.0,135.0,-3980
27.0,137.0,-4772
27.0,139.0,-4371
27.0,141.0,-2568
27.0,143.0,-5433
27.0,145.0,-3750
27.0,147.0,-5561
27.0,149.0,-5715
27.0,151.0,-6027
27.0,153.0,-6129
27.0,155.0,-5932
27.0,157.0,-6128
27.0,159.0,-5608
27.0,161.0,-5923
27.0,163.0,-5839
27.0,165.0,-5793
27.0,167.0,-5914
27.0,169.0,-6152
27.0,171.0,-6106
27.0,173.0,-6071
27.0,175.0,-5710
27.0,177.0,-5434
27.0,179.0,-5409
29.0,-179.0,-3686
29.0,-177.0,-5416
29.0,-175.0,-5336
29.0,-173.0,-5210
29.0,-171.0,-4000
29.0,-169.0,-5075
29.0,-167.0,-5271
29.0,-165.0,-5092
29.0,-163.0,-5431
29.0,-161.0,-5586
29.0,-159.0,-5654
29.0,-157.0,-5685
29.0,-155.0,-5621
29.0,-153.0,-5342
29.0,-151.0,-5328
29.0,-149.0,-5350
29.0,-147.0,-5058
29.0,-145.0,-4859
29.0,-143.0,-4738
29.0,-141.0,-4793
29.0,-139.0,-4869
29.0,-137.0,-4660
29.0,-135.0,-4472
29.0,-133.0,-4245
29.0,-131.0,-4325
29.0,-129.0,-4809
29.0,-127.0,-4266
29.0,-125.0,-4518
29.0,-123.0,-4390
29.0,-121.0,-4158
29.0,-119.0,-3562
29.0,-117.0,-3793
29.0,-115.0,-92
29.0,-113.0,-290
29.0,-111.0,198
29.0,-109.0,1260
29.0,-107.0,2162
29.0,-105.0,1157
29.0,-103.0,740
29.0,-101.0,363
29.0,-99.0,182
29.0,-97.0,55
29.0,-95.0,-16
29.0,-93.0,-24
29.0,-91.0,-6
29.0,-89.0,-71
29.0,-87.0,-694
29.0,-85.0,-40
29.0,-83.0,-5
29.0,-81.0,13
29.0,-79.0,-808
29.0,-77.0,-1133
29.0,-75.0,-4869
29.0,-73.0,-4381
29.0,-71.0,-5431
29.0,-69.0,-5284
29.0,-67.0,-5248
29.0,-65.0,-5064
29.0,-63.0,-5121
29.0,-61.0,-5567
29.0,-59.0,-5534
29.0,-57.0,-5738
29.0,-55.0,-5499
29.0,-53.0,-5107
29.0,-51.0,-4887
29.0,-49.0,-4955
29.0,-47.0,-4415
29.0,-45.0,-3911
29.0,-43.0,-2737
29.0,-41.0,-4058
29.0,-39.0,-3809
29.0,-37.0,-4611
29.0,-35.0,-5231
29.0,-33.0,-4640
29.0,-31.0,-4658
29.0,-29.0,-4703
29.0,-27.0,-5197
29.0,-25.0,-5462
29.0,-23.0,-5045
29.0,-21.0,-4761
29.0,-19.0,-4407
29.0,-17.0,-3693
29.0,-15.0,-3596
29.0,-13.0,-1336
29.0,-11.0,-87
29.0,-9.0,585
29.0,-7.0,536
29.0,-5.0,517
29.0,-3.0,461
29.0,-1.0,322
29.0,1.0,342
29.0,3.0,521
29.0,5.0,326
29.0,7.0,369
29.0,9.0,504
29.0,11.0,664
29.0,13.0,628
29.0,15.0,441
29.0,17.0,268
29.0,19.0,127
29.0,21.0,94
29.0,23.0,114
29.0,25.0,46
29.0,27.0,-68
29.0,29.0,161
29.0,31.0,28
29.0,33.0,-21
29.0,35.0,775
29.0,37.0,1123
29.0,39.0,810
29.0,41.0,766
29.0,43.0,561
29.0,45.0,387
29.0,47.0,268
29.0,49.0,-31
29.0,51.0,3
29.0,53.0,1457
29.0,55.0,1576
29.0,57.0,1816
29.0,59.0,585
29.0,61.0,1841
29.0,63.0,834
29.0,65.0,818
29.0,67.0,2121
29.0,69.0,529
29.0,71.0,96
29.0,73.0,147
29.0,75.0,200
29.0,77.0,225
29.0,79.0,206
29.0,81.0,1340
29.0,83.0,4829
29.0,85.0,5549
29.0,87.0,5198
29.0,89.0,4698
29.0,91.0,4577
29.0,93.0,3859
29.0,95.0,1368
29.0,97.0,3631
29.0,99.0,3261
29.0,101.0,4433
29.0,103.0,3141
29.0,105.0,319
29.0,107.0,958
29.0,109.0,531
29.0,111.0,324
29.0,113.0,42
29.0,115.0,789
29.0,117.0,42
29.0,119.0,54
29.0,121.0,249
29.0,123.0,-69
29.0,125.0,-93
29.0,127.0,-174
29.0,129.0,-822
29.0,131.0,-3483
29.0,133.0,-4408
29.0,135.0,-4802
29.0,137.0,-4395
29.0,139.0,-2368
29.0,141.0,-3883
29.0,143.0,-9016
29.0,145.0,-5895
29.0,147.0,-6136
29.0,149.0,-6069
29.0,151.0,-5839
29.0,153.0,-5980
29.0,155.0,-5957
29.0,157.0,-5955
29.0,159.0,-6035
29.0,161.0,-5818
29.0,163.0,-5999
29.0,165.0,-5826
29.0,167.0,-5776
29.0,169.0,-5630
29.0,171.0,-6052
29.0,173.0,-5773
29.0,175.0,-5469
29.0,177.0,-3208
29.0,179.0,-5297
31.0,-179.0,-5162
31.0,-177.0,-5412
31.0,-175.0,-5476
31.0,-173.0,-5091
31.0,-171.0,-5532
31.0,-169.0,-5493
31.0,-167.0,-5535
31.0,-165.0,-5561
31.0,-163.0,-5594
31.0,-161.0,-5343
31.0,-159.0,-5862
31.0,-157.0,-5912
31.0,-155.0,-5758
31.0,-153.0,-5537
31.0,-151.0,-5270
31.0,-149.0,-5173
31.0,-147.0,-5286
31.0,-145.0,-5326
31.0,-143.0,-4786
31.0,-141.0,-4985
31.0,-139.0,-4373
31.0,-137.0,-4689
31.0,-135.0,-4650
31.0,-133.0,-4748
31.0,-131.0,-4588
31.0,-129.0,-4395
31.0,-127.0,-4373
31.0,-125.0,-4067
31.0,-123.0,-4001
31.0,-121.0,-3991
31.0,-119.0,-3689
31.0,-117.0,-2224
31.0,-115.0,650
31.0,-113.0,21
31.0,-111.0,1332
31.0,-109.0,2074
31.0,-107.0,1174
31.0,-105.0,1304
31.0,-103.0,884
31.0,-101.0,785
31.0,-99.0,525
31.0,-97.0,139
31.0,-95.0,118
31.0,-93.0,82
31.0,-91.0,95
31.0,-89.0,59
31.0,-87.0,70
31.0,-85.0,37
31.0,-83.0,62
31.0,-81.0,-16
31.0,-79.0,-778
31.0,-77.0,-2630
31.0,-75.0,-3634
31.0,-73.0,-5301
31.0,-71.0,-5421
31.0,-69.0,-5247
31.0,-67.0,-5077
31.0,-65.0,-4507
31.0,-63.0,-4890
31.0,-61.0,-5121
31.0,-59.0,-5535
31.0,-57.0,-5570
31.0,-55.0,-5614
31.0,-53.0,-5612
31.0,-51.0,-4807
31.0,-49.0,-4716
31.0,-47.0,-5026
31.0,-45.0,-3769
31.0,-43.0,-3049
31.0,-41.0,-2272
31.0,-39.0,-3305
31.0,-37.0,-3321
31.0,-35.0,-4561
31.0,-33.0,-4630
31.0,-31.0,-4255
31.0,-29.0,-4148
31.0,-27.0,-4670
31.0,-25.0,-5449
31.0,-23.0,-5246
31.0,-21.0,-4925
31.0,-19.0,-4702
31.0,-17.0,-4468
31.0,-15.0,-3924
31.0,-13.0,-2818
31.0,-11.0,-1865
31.0,-9.0,1154
31.0,-7.0,1217
31.0,-5.0,863
31.0,-3.0,741
31.0,-1.0,637
31.0,1.0,549
31.0,3.0,505
31.0,5.0,173
31.0,7.0,167
31.0,9.0,244
31.0,11.0,595
31.0,13.0,702
31.0,15.0,88
31.0,17.0,89
31.0,19.0,-734
31.0,21.0,66
31.0,23.0,125
31.0,25.0,189
31.0,27.0,209
31.0,29.0,-38
31.0,31.0,5
31.0,33.0,14
31.0,35.0,599
31.0,37.0,735
31.0,39.0,861
31.0,41.0,553
31.0,43.0,319
31.0,45.0,96
31.0,47.0,1
31.0,49.0,10
31.0,51.0,2120
31.0,53.0,1818
31.0,55.0,1594
31.0,57.0,1737
31.0,59.0,914
31.0,61.0,518
31.0,63.0,761
31.0,65.0,1110
31.0,67.0,2366
31.0,69.0,1655
31.0,71.0,147
31.0,73.0,172
31.0,75.0,208
31.0,77.0,1003
31.0,79.0,4106
31.0,81.0,4644
31.0,83.0,5766
31.0,85.0,4869
31.0,87.0,4685
31.0,89.0,4701
31.0,91.0,4782
31.0,93.0,5228
31.0,95.0,4545
31.0,97.0,4581
31.0,99.0,4564
31.0,101.0,4251
31.0,103.0,4349
31.0,105.0,455
31.0,107.0,425
31.0,109.0,619
31.0,111.0,838
31.0,113.0,147
31.0,115.0,65
31.0,117.0,39
31.0,119.0,14
31.0,121.0,4
31.0,123.0,-46
31.0,125.0,-51
31.0,127.0,-99
31.0,129.0,-580
31.0,131.0,-97
31.0,133.0,-4787
31.0,135.0,-4332
31.0,137.0,-4206
31.0,139.0,-379
31.0,141.0,-2819
31.0,143.0,-5769
31.0,145.0,-6034
31.0,147.0,-6031
31.0,149.0,-6192
31.0,151.0,-5880
31.0,153.0,-5643
31.0,155.0,-5600
31.0,157.0,-4163
31.0,159.0,-4554
31.0,161.0,-5766
31.0,163.0,-5925
31.0,165.0,-6051
31.0,167.0,-5986
31.0,169.0,-5699
31.0,171.0,-5493
31.0,173.0,-5425
31.0,175.0,-5242
31.0,177.0,-5618
31.0,179.0,-5333
33.0,-179.0,-5358
33.0,-177.0,-5473
33.0,-175.0,-4685
33.0,-173.0,-5541
33.0,-171.0,-5605
33.0,-169.0,-5725
33.0,-167.0,-5815
33.0,-165.0,-4724
33.0,-163.0,-5521
33.0,-161.0,-5784
33.0,-159.0,-5898
33.0,-157.0,-5984
33.0,-155.0,-5571
33.0,-153.0,-5354
33.0,-151.0,-5542
33.0,-149.0,-5543
33.0,-147.0,-5637
33.0,-145.0,-5417
33.0,-143.0,-5344
33.0,-141.0,-5191
33.0,-139.0,-4987
33.0,-137.0,-4803
33.0,-135.0,-4883
33.0,-133.0,-4314
33.0,-131.0,-4597
33.0,-129.0,-4606
33.0,-127.0,-4319
33.0,-125.0,-4576
33.0,-123.0,-4213
33.0,-121.0,-3276
33.0,-119.0,-1743
33.0,-117.0,395
33.0,-115.0,157
33.0,-113.0,229
33.0,-111.0,1004
33.0,-109.0,1932
33.0,-107.0,1419
33.0,-105.0,1543
33.0,-103.0,1123
33.0,-101.0,729
33.0,-99.0,371
33.0,-97.0,167
33.0,-95.0,126
33.0,-93.0,86
33.0,-91.0,32
33.0,-89.0,141
33.0,-87.0,122
33.0,-85.0,215
33.0,-83.0,106
33.0,-81.0,37
33.0,-79.0,-17
33.0,-77.0,-468
33.0,-75.0,-4142
33.0,-73.0,-5250
33.0,-71.0,-5399
33.0,-69.0,-5308
33.0,-67.0,-5013
33.0,-65.0,-4662
33.0,-63.0,-4636
33.0,-61.0,-4798
33.0,-59.0,-4830
33.0,-57.0,-5188
33.0,-55.0,-4870
33.0,-53.0,-5652
33.0,-51.0,-5463
33.0,-49.0,-4789
33.0,-47.0,-4708
33.0,-45.0,-4197
33.0,-43.0,-3873
33.0,-41.0,-2951
33.0,-39.0,-2999
33.0,-37.0,-3339
33.0,-35.0,-3504
33.0,-33.0,-3607
33.0,-31.0,-3779
33.0,-29.0,-3384
33.0,-27.0,-4557
33.0,-25.0,-5356
33.0,-23.0,-5376
33.0,-21.0,-5227
33.0,-19.0,-3700
33.0,-17.0,-2498
33.0,-15.0,-4242
33.0,-13.0,-3971
33.0,-11.0,-4031
33.0,-9.0,-97
33.0,-7.0,760
33.0,-5.0,1966
33.0,-3.0,1536
33.0,-1.0,1306
33.0,1.0,953
33.0,3.0,728
33.0,5.0,240
33.0,7.0,98
33.0,9.0,126
33.0,11.0,36
33.0,13.0,-68
33.0,15.0,-614
33.0,17.0,-2055
33.0,19.0,-1805
33.0,21.0,-968
33.0,23.0,-151
33.0,25.0,-2201
33.0,27.0,-2770
33.0,29.0,-2867
33.0,31.0,-2163
33.0,33.0,-1480
33.0,35.0,-43
33.0,37.0,709
33.0,39.0,774
33.0,41.0,517
33.0,43.0,113
33.0,45.0,28
33.0,47.0,774
33.0,49.0,1238
33.0,51.0,1959
33.0,53.0,1859
33.0,55.0,1257
33.0,57.0,1095
33.0,59.0,1664
33.0,61.0,806
33.0,63.0,1297
33.0,65.0,1608
33.0,67.0,2839
33.0,69.0,2518
33.0,71.0,456
33.0,73.0,490
33.0,75.0,1257
33.0,77.0,5454
33.0,79.0,5294
33.0,81.0,5087
33.0,83.0,4616
33.0,85.0,4828
33.0,87.0,5030
33.0,89.0,4995
33.0,91.0,5233
33.0,93.0,4856
33.0,95.0,4431
33.0,97.0,3749
33.0,99.0,4708
33.0,101.0,4444
33.0,103.0,3504
33.0,105.0,1580
33.0,107.0,550
33.0,109.0,1144
33.0,111.0,456
33.0,113.0,124
33.0,115.0,40
33.0,117.0,22
33.0,119.0,11
33.0,121.0,-1
33.0,123.0,-39
33.0,125.0,-78
33.0,127.0,-106
33.0,129.0,-50
33.0,131.0,900
33.0,133.0,42
33.0,135.0,-1711
33.0,137.0,-4311
33.0,139.0,-1785
33.0,141.0,-2319
33.0,143.0,-5568
33.0,145.0,-5717
33.0,147.0,-5976
33.0,149.0,-6128
33.0,151.0,-5945
33.0,153.0,-5702
33.0,155.0,-5276
33.0,157.0,-4634
33.0,159.0,-3023
33.0,161.0,-5597
33.0,163.0,-6297
33.0,165.0,-6253
33.0,167.0,-6050
33.0,169.0,-5693
33.0,171.0,-5672
33.0,173.0,-5224
33.0,175.0,-4448
33.0,177.0,-5646
33.0,179.0,-4823
35.0,-179.0,-3941
35.0,-177.0,-3008
35.0,-175.0,-5421
35.0,-173.0,-5712
35.0,-171.0,-5930
35.0,-169.0,-6055
35.0,-167.0,-6006
35.0,-165.0,-5767
35.0,-163.0,-5821
35.0,-161.0,-5775
35.0,-159.0,-5880
35.0,-157.0,-5899
35.0,-155.0,-5753
35.0,-153.0,-5800
35.0,-151.0,-5626
35.0,-149.0,-5532
35.0,-147.0,-5449
35.0,-145.0,-5283
35.0,-143.0,-5462
35.0,-141.0,-5330
35.0,-139.0,-5172
35.0,-137.0,-4809
35.0,-135.0,-5210
35.0,-133.0,-5164
35.0,-131.0,-5123
35.0,-129.0,-4805
35.0,-127.0,-4691
35.0,-125.0,-4477
35.0,-123.0,-4121
35.0,-121.0,-417
35.0,-119.0,467
35.0,-117.0,845
35.0,-115.0,862
35.0,-113.0,1972
35.0,-111.0,1691
35.0,-109.0,1898
35.0,-107.0,1665
35.0,-105.0,1626
35.0,-103.0,1333
35.0,-101.0,879
35.0,-99.0,455
35.0,-97.0,314
35.0,-95.0,172
35.0,-93.0,249
35.0,-91.0,62
35.0,-89.0,171
35.0,-87.0,189
35.0,-85.0,290
35.0,-83.0,513
35.0,-81.0,167
35.0,-79.0,53
35.0,-77.0,10
35.0,-75.0,-2468
35.0,-73.0,-4214
35.0,-71.0,-4557
35.0,-69.0,-5224
35.0,-67.0,-5246
35.0,-65.0,-4934
35.0,-63.0,-4964
35.0,-61.0,-4505
35.0,-59.0,-4895
35.0,-57.0,-4866
35.0,-55.0,-5358
35.0,-53.0,-5552
35.0,-51.0,-4230
35.0,-49.0,-263
35.0,-47.0,-4616
35.0,-45.0,-4384
35.0,-43.0,-3976
35.0,-41.0,-3676
35.0,-39.0,-3037
35.0,-37.0,-2487
35.0,-35.0,-3409
35.0,-33.0,-2929
35.0,-31.0,-2981
35.0,-29.0,-3801
35.0,-27.0,-4149
35.0,-25.0,-4133
35.0,-23.0,-4984
35.0,-21.0,-5306
35.0,-19.0,-5082
35.0,-17.0,-2986
35.0,-15.0,-3678
35.0,-13.0,-1748
35.0,-11.0,-4437
35.0,-9.0,-3544
35.0,-7.0,-660
35.0,-5.0,1098
35.0,-3.0,172
35.0,-1.0,624
35.0,1.0,972
35.0,3.0,836
35.0,5.0,509
35.0,7.0,1194
35.0,9.0,668
35.0,11.0,-4
35.0,13.0,-88
35.0,15.0,-401
35.0,17.0,-2362
35.0,19.0,-3819
35.0,21.0,-2552
35.0,23.0,-3252
35.0,25.0,229
35.0,27.0,-3158
35.0,29.0,-2798
35.0,31.0,-2346
35.0,33.0,716
35.0,35.0,-1284
35.0,37.0,435
35.0,39.0,412
35.0,41.0,206
35.0,43.0,104
35.0,45.0,465
35.0,47.0,1744
35.0,49.0,1607
35.0,51.0,798
35.0,53.0,770
35.0,55.0,722
35.0,57.0,781
35.0,59.0,1022
35.0,61.0,702
35.0,63.0,859
35.0,65.0,2973
35.0,67.0,3585
35.0,69.0,2408
35.0,71.0,2675
35.0,73.0,2454
35.0,75.0,4413
35.0,77.0,5420
35.0,79.0,5600
35.0,81.0,5080
35.0,83.0,4974
35.0,85.0,5007
35.0,87.0,4825
35.0,89.0,5119
35.0,91.0,5096
35.0,93.0,4582
35.0,95.0,4662
35.0,97.0,4363
35.0,99.0,4684
35.0,101.0,3971
35.0,103.0,3134
35.0,105.0,1961
35.0,107.0,1305
35.0,109.0,803
35.0,111.0,327
35.0,113.0,109
35.0,115.0,64
35.0,117.0,40
35.0,119.0,60
35.0,121.0,-24
35.0,123.0,-72
35.0,125.0,-92
35.0,127.0,175
35.0,129.0,-42
35.0,131.0,-112
35.0,133.0,577
35.0,135.0,76
35.0,137.0,10
35.0,139.0,250
35.0,141.0,-2173
35.0,143.0,-5961
35.0,145.0,-5822
35.0,147.0,-5648
35.0,149.0,-6134
35.0,151.0,-6073
35.0,153.0,-6036
35.0,155.0,-5672
35.0,157.0,-5039
35.0,159.0,-4916
35.0,161.0,-4068
35.0,163.0,-5619
35.0,165.0,-5914
35.0,167.0,-5529
35.0,169.0,-5515
35.0,171.0,-4344
35.0,173.0,-4762
35.0,175.0,-3412
35.0,177.0,-2571
35.0,179.0,-3533
37.0,-179.0,-5148
37.0,-177.0,-5326
37.0,-175.0,-4304
37.0,-173.0,-5297
37.0,-171.0,-5435
37.0,-169.0,-5827
37.0,-167.0,-5524
37.0,-165.0,-6045
37.0,-163.0,-5603
37.0,-161.0,-5720
37.0,-159.0,-5640
37.0,-157.0,-5542
37.0,-155.0,-5716
37.0,-153.0,-5348
37.0,-151.0,-5421
37.0,-149.0,-5298
37.0,-147.0,-5514
37.0,-145.0,-5062
37.0,-143.0,-5529
37.0,-141.0,-5415
37.0,-139.0,-5259
37.0,-137.0,-5393
37.0,-135.0,-5081
37.0,-133.0,-5323
37.0,-131.0,-4971
37.0,-129.0,-4828
37.0,-127.0,-4634
37.0,-125.0,-4378
37.0,-123.0,-1967
37.0,-121.0,193
37.0,-119.0,2129
37.0,-117.0,1443
37.0,-115.0,807
37.0,-113.0,1538
37.0,-111.0,1418
37.0,-109.0,1438
37.0,-107.0,2535
37.0,-105.0,2761
37.0,-103.0,1352
37.0,-101.0,882
37.0,-99.0,557
37.0,-97.0,361
37.0,-95.0,243
37.0,-93.0,413
37.0,-91.0,196
37.0,-89.0,142
37.0,-87.0,144
37.0,-85.0,258
37.0,-83.0,577
37.0,-81.0,782
37.0,-79.0,170
37.0,-77.0,35
37.0,-75.0,-43
37.0,-73.0,-3044
37.0,-71.0,-4159
37.0,-69.0,-4610
37.0,-67.0,-5001
37.0,-65.0,-4954
37.0,-63.0,-5013
37.0,-61.0,-5233
37.0,-59.0,-4721
37.0,-57.0,-5347
37.0,-55.0,-5323
37.0,-53.0,-5427
37.0,-51.0,-5152
37.0,-49.0,-5121
37.0,-47.0,-4842
37.0,-45.0,-5121
37.0,-43.0,-4566
37.0,-41.0,-4168
37.0,-39.0,-3825
37.0,-37.0,-3693
37.0,-35.0,-2854
37.0,-33.0,-2805
37.0,-31.0,-2560
37.0,-29.0,-2812
37.0,-27.0,-2527
37.0,-25.0,-378
37.0,-23.0,-4297
37.0,-21.0,-3680
37.0,-19.0,-4866
37.0,-17.0,-4801
37.0,-15.0,-3300
37.0,-13.0,-4993
37.0,-11.0,-2336
37.0,-9.0,-43
37.0,-7.0,-49
37.0,-5.0,485
37.0,-3.0,834
37.0,-1.0,-2556
37.0,1.0,-2744
37.0,3.0,-2664
37.0,5.0,-1957
37.0,7.0,-188
37.0,9.0,50
37.0,11.0,20
37.0,13.0,-242
37.0,15.0,484
37.0,17.0,-3394
37.0,19.0,-3413
37.0,21.0,-2165
37.0,23.0,133
37.0,25.0,-56
37.0,27.0,239
37.0,29.0,725
37.0,31.0,42
37.0,33.0,1383
37.0,35.0,65
37.0,37.0,839
37.0,39.0,390
37.0,41.0,433
37.0,43.0,722
37.0,45.0,1610
37.0,47.0,2083
37.0,49.0,1565
37.0,51.0,-503
37.0,53.0,-210
37.0,55.0,42
37.0,57.0,982
37.0,59.0,2022
37.0,61.0,227
37.0,63.0,442
37.0,65.0,293
37.0,67.0,308
37.0,69.0,825
37.0,71.0,2630
37.0,73.0,4843
37.0,75.0,5048
37.0,77.0,2982
37.0,79.0,2172
37.0,81.0,1377
37.0,83.0,1525
37.0,85.0,4189
37.0,87.0,4305
37.0,89.0,4361
37.0,91.0,4358
37.0,93.0,2904
37.0,95.0,2682
37.0,97.0,2993
37.0,99.0,3855
37.0,101.0,3097
37.0,103.0,2850
37.0,105.0,1663
37.0,107.0,1507
37.0,109.0,1304
37.0,111.0,1307
37.0,113.0,1101
37.0,115.0,34
37.0,117.0,20
37.0,119.0,4
37.0,121.0,100
37.0,123.0,-45
37.0,125.0,-52
37.0,127.0,6
37.0,129.0,734
37.0,131.0,-2193
37.0,133.0,-300
37.0,135.0,-900
37.0,137.0,353
37.0,139.0,1134
37.0,141.0,-20
37.0,143.0,-5098
37.0,145.0,-4962
37.0,147.0,-5607
37.0,149.0,-5870
37.0,151.0,-5771
37.0,153.0,-5765
37.0,155.0,-5686
37.0,157.0,-5514
37.0,159.0,-3989
37.0,161.0,-4925
37.0,163.0,-4623
37.0,165.0,-4230
37.0,167.0,-4903
37.0,169.0,-4966
37.0,171.0,-5123
37.0,173.0,-5475
37.0,175.0,-5176
37.0,177.0,-3764
37.0,179.0,-5217
39.0,-179.0,-5455
39.0,-177.0,-5174
39.0,-175.0,-5680
39.0,-173.0,-5530
39.0,-171.0,-5545
39.0,-169.0,-5929
39.0,-167.0,-6120
39.0,-165.0,-5424
39.0,-163.0,-5282
39.0,-161.0,-4999
39.0,-159.0,-5265
39.0,-157.0,-6061
39.0,-155.0,-5234
39.0,-153.0,-5537
39.0,-151.0,-6071
39.0,-149.0,-5286
39.0,-147.0,-4727
39.0,-145.0,-5203
39.0,-143.0,-5248
39.0,-141.0,-4796
39.0,-139.0,-5153
39.0,-137.0,-4973
39.0,-135.0,-4766
39.0,-133.0,-4642
39.0,-131.0,-2830
39.0,-129.0,-4478
39.0,-127.0,-4373
39.0,-125.0,-3409
39.0,-123.0,789
39.0,-121.0,619
39.0,-119.0,1536
39.0,-117.0,1768
39.0,-115.0,1830
39.0,-113.0,1490
39.0,-111.0,1808
39.0,-109.0,1861
39.0,-107.0,3175
39.0,-105.0,2816
39.0,-103.0,1480
39.0,-101.0,960
39.0,-99.0,556
39.0,-97.0,363
39.0,-95.0,247
39.0,-93.0,200
39.0,-91.0,172
39.0,-89.0,162
39.0,-87.0,155
39.0,-85.0,189
39.0,-83.0,202
39.0,-81.0,329
39.0,-79.0,426
39.0,-77.0,86
39.0,-75.0,-5
39.0,-73.0,-82
39.0,-71.0,-2906
39.0,-69.0,-3146
39.0,-67.0,-4362
39.0,-65.0,-4803
39.0,-63.0,-5018
39.0,-61.0,-1072
39.0,-59.0,-5180
39.0,-57.0,-5279
39.0,-55.0,-5297
39.0,-53.0,-5312
39.0,-51.0,-5379
39.0,-49.0,-5372
39.0,-47.0,-5232
39.0,-45.0,-5019
39.0,-43.0,-4830
39.0,-41.0,-5052
39.0,-39.0,-5228
39.0,-37.0,-4674
39.0,-35.0,-3828
39.0,-33.0,-1840
39.0,-31.0,-1787
39.0,-29.0,-1704
39.0,-27.0,-1504
39.0,-25.0,-3236
39.0,-23.0,-3892
39.0,-21.0,-5001
39.0,-19.0,-4945
39.0,-17.0,-5022
39.0,-15.0,-3978
39.0,-13.0,-3852
39.0,-11.0,-3202
39.0,-9.0,60
39.0,-7.0,213
39.0,-5.0,445
39.0,-3.0,823
39.0,-1.0,841
39.0,1.0,-613
39.0,3.0,-1193
39.0,5.0,-2684
39.0,7.0,-2864
39.0,9.0,9
39.0,11.0,-2107
39.0,13.0,-3271
39.0,15.0,-2925
39.0,17.0,150
39.0,19.0,-1403
39.0,21.0,-5
39.0,23.0,348
39.0,25.0,-447
39.0,27.0,3
39.0,29.0,1068
39.0,31.0,1111
39.0,33.0,1064
39.0,35.0,1149
39.0,37.0,1722
39.0,39.0,1033
39.0,41.0,1731
39.0,43.0,2107
39.0,45.0,1330
39.0,47.0,903
39.0,49.0,-29
39.0,51.0,-624
39.0,53.0,-30
39.0,55.0,102
39.0,57.0,56
39.0,59.0,98
39.0,61.0,142
39.0,63.0,182
39.0,65.0,284
39.0,67.0,853
39.0,69.0,3552
39.0,71.0,3421
39.0,73.0,5013
39.0,75.0,3842
39.0,77.0,1183
39.0,79.0,1163
39.0,81.0,1130
39.0,83.0,1122
39.0,85.0,1105
39.0,87.0,970
39.0,89.0,1723
39.0,91.0,3355
39.0,93.0,2734
39.0,95.0,3398
39.0,97.0,3711
39.0,99.0,3966
39.0,101.0,2166
39.0,103.0,1410
39.0,105.0,1328
39.0,107.0,1155
39.0,109.0,1331
39.0,111.0,821
39.0,113.0,1273
39.0,115.0,331
39.0,117.0,2
39.0,119.0,-20
39.0,121.0,-19
39.0,123.0,-25
39.0,125.0,-10
39.0,127.0,876
39.0,129.0,-1678
39.0,131.0,-2956
39.0,133.0,-2200
39.0,135.0,-2810
39.0,137.0,-2406
39.0,139.0,-581
39.0,141.0,179
39.0,143.0,-1630
39.0,145.0,-5545
39.0,147.0,-5375
39.0,149.0,-5695
39.0,151.0,-5524
39.0,153.0,-5769
39.0,155.0,-5765
39.0,157.0,-5709
39.0,159.0,-5440
39.0,161.0,-5384
39.0,163.0,-4882
39.0,165.0,-5113
39.0,167.0,-5565
39.0,169.0,-5749
39.0,171.0,-5434
39.0,173.0,-5737
39.0,175.0,-5042
39.0,177.0,-5475
39.0,179.0,-5546
41.0,-179.0,-5964
41.0,-177.0,-5918
41.0,-175.0,-5915
41.0,-173.0,-5698
41.0,-171.0,-5681
41.0,-169.0,-5702
41.0,-167.0,-5607
41.0,-165.0,-5306
41.0,-163.0,-5635
41.0,-161.0,-5164
41.0,-159.0,-5338
41.0,-157.0,-5400
41.0,-155.0,-5390
41.0,-153.0,-5260
41.0,-151.0,-5132
41.0,-149.0,-5042
41.0,-147.0,-5029
41.0,-145.0,-4903
41.0,-143.0,-4612
41.0,-141.0,-4805
41.0,-139.0,-4417
41.0,-137.0,-4273
41.0,-135.0,-4054
41.0,-133.0,-3743
41.0,-131.0,-3418
41.0,-129.0,-3300
41.0,-127.0,-3122
41.0,-125.0,-3018
41.0,-123.0,1939
41.0,-121.0,1654
41.0,-119.0,1255
41.0,-117.0,1411
41.0,-115.0,1771
41.0,-113.0,1448
41.0,-111.0,2354
41.0,-109.0,2524
41.0,-107.0,2542
41.0,-105.0,1951
41.0,-103.0,1331
41.0,-101.0,954
41.0,-99.0,651
41.0,-97.0,447
41.0,-95.0,320
41.0,-93.0,281
41.0,-91.0,161
41.0,-89.0,208
41.0,-87.0,206
41.0,-85.0,245
41.0,-83.0,281
41.0,-81.0,326
41.0,-79.0,499
41.0,-77.0,189
41.0,-75.0,271
41.0,-73.0,-22
41.0,-71.0,-47
41.0,-69.0,-80
41.0,-67.0,-71
41.0,-65.0,-3653
41.0,-63.0,-4262
41.0,-61.0,-4699
41.0,-59.0,-4989
41.0,-57.0,-5116
41.0,-55.0,-5014
41.0,-53.0,-5101
41.0,-51.0,-4827
41.0,-49.0,-3112
41.0,-47.0,-4104
41.0,-45.0,-4775
41.0,-43.0,-4915
41.0,-41.0,-4706
41.0,-39.0,-4835
41.0,-37.0,-4590
41.0,-35.0,-4215
41.0,-33.0,-3386
41.0,-31.0,-2345
41.0,-29.0,-1689
41.0,-27.0,-2710
41.0,-25.0,-3602
41.0,-23.0,-3725
41.0,-21.0,-3764
41.0,-19.0,-5003
41.0,-17.0,-5259
41.0,-15.0,-5316
41.0,-13.0,-5340
41.0,-11.0,-3962
41.0,-9.0,-67
41.0,-7.0,306
41.0,-5.0,846
41.0,-3.0,888
41.0,-1.0,1195
41.0,1.0,-47
41.0,3.0,-2025
41.0,5.0,-2680
41.0,7.0,-2730
41.0,9.0,347
41.0,11.0,-1847
41.0,13.0,-124
41.0,15.0,413
41.0,17.0,138
41.0,19.0,-131
41.0,21.0,844
41.0,23.0,408
41.0,25.0,45
41.0,27.0,135
41.0,29.0,-5
41.0,31.0,229
41.0,33.0,1171
41.0,35.0,619
41.0,37.0,580
41.0,39.0,143
41.0,41.0,966
41.0,43.0,2388
41.0,45.0,1350
41.0,47.0,120
41.0,49.0,662
41.0,51.0,-288
41.0,53.0,-28
41.0,55.0,152
41.0,57.0,101
41.0,59.0,106
41.0,61.0,116
41.0,63.0,165
41.0,65.0,135
41.0,67.0,244
41.0,69.0,306
41.0,71.0,850
41.0,73.0,851
41.0,75.0,3055
41.0,77.0,3666
41.0,79.0,2212
41.0,81.0,1050
41.0,83.0,961
41.0,85.0,916
41.0,87.0,869
41.0,89.0,1089
41.0,91.0,792
41.0,93.0,1388
41.0,95.0,1852
41.0,97.0,1898
41.0,99.0,1497
41.0,101.0,1017
41.0,103.0,1412
41.0,105.0,1376
41.0,107.0,1033
41.0,109.0,1026
41.0,111.0,1975
41.0,113.0,1484
41.0,115.0,1027
41.0,117.0,497
41.0,119.0,528
41.0,121.0,35
41.0,123.0,96
41.0,125.0,517
41.0,127.0,1427
41.0,129.0,1467
41.0,131.0,-3332
41.0,133.0,-3459
41.0,135.0,-3519
41.0,137.0,-3282
41.0,139.0,-3308
41.0,141.0,-44
41.0,143.0,-1877
41.0,145.0,-5350
41.0,147.0,-5096
41.0,149.0,-5326
41.0,151.0,-5349
41.0,153.0,-5520
41.0,155.0,-5534
41.0,157.0,-5550
41.0,159.0,-5646
41.0,161.0,-5666
41.0,163.0,-5599
41.0,165.0,-5266
41.0,167.0,-5581
41.0,169.0,-5763
41.0,171.0,-4484
41.0,173.0,-4893
41.0,175.0,-5687
41.0,177.0,-5963
41.0,179.0,-5532
43.0,-179.0,-5774
43.0,-177.0,-4726
43.0,-175.0,-5975
43.0,-173.0,-5481
43.0,-171.0,-5117
43.0,-169.0,-5563
43.0,-167.0,-5912
43.0,-165.0,-5627
43.0,-163.0,-5659
43.0,-161.0,-5687
43.0,-159.0,-5476
43.0,-157.0,-5380
43.0,-155.0,-5306
43.0,-153.0,-5089
43.0,-151.0,-5236
43.0,-149.0,-5041
43.0,-147.0,-4683
43.0,-145.0,-4579
43.0,-143.0,-4371
43.0,-141.0,-4432
43.0,-139.0,-4033
43.0,-137.0,-4116
43.0,-135.0,-3995
43.0,-133.0,-3677
43.0,-131.0,-3533
43.0,-129.0,-3292
43.0,-127.0,-2792
43.0,-125.0,-1170
43.0,-123.0,598
43.0,-121.0,1750
43.0,-119.0,1487
43.0,-117.0,1587
43.0,-115.0,1051
43.0,-113.0,1452
43.0,-111.0,1803
43.0,-109.0,1896
43.0,-107.0,1813
43.0,-105.0,1460
43.0,-103.0,1023
43.0,-101.0,896
43.0,-99.0,571
43.0,-97.0,357
43.0,-95.0,424
43.0,-93.0,333
43.0,-91.0,331
43.0,-89.0,261
43.0,-87.0,88
43.0,-85.0,234
43.0,-83.0,255
43.0,-81.0,264
43.0,-79.0,173
43.0,-77.0,156
43.0,-75.0,167
43.0,-73.0,672
43.0,-71.0,33
43.0,-69.0,-137
43.0,-67.0,-196
43.0,-65.0,-135
43.0,-63.0,-131
43.0,-61.0,-1860
43.0,-59.0,-3542
43.0,-57.0,-4101
43.0,-55.0,-4349
43.0,-53.0,-3781
43.0,-51.0,-989
43.0,-49.0,-1913
43.0,-47.0,-4031
43.0,-45.0,-4729
43.0,-43.0,-4773
43.0,-41.0,-4905
43.0,-39.0,-4306
43.0,-37.0,-3953
43.0,-35.0,-3508
43.0,-33.0,-3511
43.0,-31.0,-2859
43.0,-29.0,-1685
43.0,-27.0,-2742
43.0,-25.0,-3051
43.0,-23.0,-3309
43.0,-21.0,-4115
43.0,-19.0,-4208
43.0,-17.0,-4284
43.0,-15.0,-4940
43.0,-13.0,-5200
43.0,-11.0,-2448
43.0,-9.0,285
43.0,-7.0,618
43.0,-5.0,1144
43.0,-3.0,285
43.0,-1.0,1315
43.0,1.0,836
43.0,3.0,101
43.0,5.0,-186
43.0,7.0,-2503
43.0,9.0,-2034
43.0,11.0,147
43.0,13.0,897
43.0,15.0,-190
43.0,17.0,-2
43.0,19.0,1091
43.0,21.0,1324
43.0,23.0,655
43.0,25.0,447
43.0,27.0,317
43.0,29.0,-2061
43.0,31.0,-2108
43.0,33.0,-2220
43.0,35.0,-2140
43.0,37.0,-2124
43.0,39.0,-2308
43.0,41.0,5
43.0,43.0,2728
43.0,45.0,774
43.0,47.0,556
43.0,49.0,-123
43.0,51.0,-70
43.0,53.0,116
43.0,55.0,279
43.0,57.0,224
43.0,59.0,60
43.0,61.0,64
43.0,63.0,174
43.0,65.0,216
43.0,67.0,181
43.0,69.0,244
43.0,71.0,483
43.0,73.0,651
43.0,75.0,817
43.0,77.0,3210
43.0,79.0,1792
43.0,81.0,1657
43.0,83.0,3519
43.0,85.0,2509
43.0,87.0,3879
43.0,89.0,193
43.0,91.0,460
43.0,93.0,796
43.0,95.0,1989
43.0,97.0,1380
43.0,99.0,1375
43.0,101.0,1512
43.0,103.0,1245
43.0,105.0,1648
43.0,107.0,1172
43.0,109.0,1119
43.0,111.0,1073
43.0,113.0,988
43.0,115.0,1190
43.0,117.0,1267
43.0,119.0,614
43.0,121.0,320
43.0,123.0,165
43.0,125.0,260
43.0,127.0,362
43.0,129.0,571
43.0,131.0,317
43.0,133.0,507
43.0,135.0,-1962
43.0,137.0,-3635
43.0,139.0,-3513
43.0,141.0,944
43.0,143.0,166
43.0,145.0,47
43.0,147.0,-2857
43.0,149.0,-6702
43.0,151.0,-4801
43.0,153.0,-5184
43.0,155.0,-5401
43.0,157.0,-5507
43.0,159.0,-5837
43.0,161.0,-5515
43.0,163.0,-4710
43.0,165.0,-5413
43.0,167.0,-4840
43.0,169.0,-5118
43.0,171.0,-5662
43.0,173.0,-5236
43.0,175.0,-5743
43.0,177.0,-5455
43.0,179.0,-5685
45.0,-179.0,-5626
45.0,-177.0,-5843
45.0,-175.0,-5669
45.0,-173.0,-6247
45.0,-171.0,-6371
45.0,-169.0,-5963
45.0,-167.0,-5610
45.0,-165.0,-5404
45.0,-163.0,-5380
45.0,-161.0,-5361
45.0,-159.0,-5364
45.0,-157.0,-5281
45.0,-155.0,-5334
45.0,-153.0,-5294
45.0,-151.0,-5240
45.0,-149.0,-5167
45.0,-147.0,-4953
45.0,-145.0,-4654
45.0,-143.0,-4609
45.0,-141.0,-4444
45.0,-139.0,-4255
45.0,-137.0,-4159
45.0,-135.0,-3998
45.0,-133.0,-3766
45.0,-131.0,-2857
45.0,-129.0,-2823
45.0,-127.0,-2874
45.0,-125.0,-955
45.0,-123.0,47
45.0,-121.0,1004
45.0,-119.0,1057
45.0,-117.0,1549
45.0,-115.0,1921
45.0,-113.0,1734
45.0,-111.0,2417
45.0,-109.0,1410
45.0,-107.0,1197
45.0,-105.0,1205
45.0,-103.0,869
45.0,-101.0,667
45.0,-99.0,443
45.0,-97.0,602
45.0,-95.0,337
45.0,-93.0,308
45.0,-91.0,346
45.0,-89.0,386
45.0,-87.0,119
45.0,-85.0,285
45.0,-83.0,140
45.0,-81.0,84
45.0,-79.0,324
45.0,-77.0,288
45.0,-75.0,84
45.0,-73.0,85
45.0,-71.0,487
45.0,-69.0,94
45.0,-67.0,-26
45.0,-65.0,70
45.0,-63.0,118
45.0,-61.0,-195
45.0,-59.0,-116
45.0,-57.0,-432
45.0,-55.0,-773
45.0,-53.0,-87
45.0,-51.0,-91
45.0,-49.0,-165
45.0,-47.0,-3582
45.0,-45.0,-4435
45.0,-43.0,-4780
45.0,-41.0,-1978
45.0,-39.0,-4320
45.0,-37.0,-4353
45.0,-35.0,-4239
45.0,-33.0,-3624
45.0,-31.0,-3014
45.0,-29.0,-2932
45.0,-27.0,-3009
45.0,-25.0,-2771
45.0,-23.0,-3503
45.0,-21.0,-4224
45.0,-19.0,-4822
45.0,-17.0,-3790
45.0,-15.0,-4016
45.0,-13.0,-3783
45.0,-11.0,-4918
45.0,-9.0,-4944
45.0,-7.0,-4667
45.0,-5.0,-4769
45.0,-3.0,-2693
45.0,-1.0,30
45.0,1.0,211
45.0,3.0,1007
45.0,5.0,173
45.0,7.0,2557
45.0,9.0,88
45.0,11.0,13
45.0,13.0,-34
45.0,15.0,810
45.0,17.0,551
45.0,19.0,91
45.0,21.0,153
45.0,23.0,279
45.0,25.0,447
45.0,27.0,58
45.0,29.0,-1
45.0,31.0,-72
45.0,33.0,-85
45.0,35.0,387
45.0,37.0,-24
45.0,39.0,18
45.0,41.0,215
45.0,43.0,403
45.0,45.0,44
45.0,47.0,-27
45.0,49.0,-38
45.0,51.0,-29
45.0,53.0,-4
45.0,55.0,51
45.0,57.0,133
45.0,59.0,40
45.0,61.0,40
45.0,63.0,90
45.0,65.0,118
45.0,67.0,130
45.0,69.0,214
45.0,71.0,299
45.0,73.0,471
45.0,75.0,359
45.0,77.0,398
45.0,79.0,1875
45.0,81.0,1374
45.0,83.0,217
45.0,85.0,296
45.0,87.0,443
45.0,89.0,632
45.0,91.0,1292
45.0,93.0,1775
45.0,95.0,2454
45.0,97.0,1541
45.0,99.0,1963
45.0,101.0,1321
45.0,103.0,1279
45.0,105.0,1350
45.0,107.0,1135
45.0,109.0,1007
45.0,111.0,1017
45.0,113.0,1181
45.0,115.0,1357
45.0,117.0,1061
45.0,119.0,1011
45.0,121.0,440
45.0,123.0,147
45.0,125.0,165
45.0,127.0,168
45.0,129.0,956
45.0,131.0,398
45.0,133.0,67
45.0,135.0,509
45.0,137.0,-145
45.0,139.0,-2000
45.0,141.0,-99
45.0,143.0,-126
45.0,145.0,-2169
45.0,147.0,-1357
45.0,149.0,-32
45.0,151.0,-5081
45.0,153.0,-6436
45.0,155.0,-4858
45.0,157.0,-4816
45.0,159.0,-5134
45.0,161.0,-5630
45.0,163.0,-5876
45.0,165.0,-5962
45.0,167.0,-5743
45.0,169.0,-5957
45.0,171.0,-6582
45.0,173.0,-5502
45.0,175.0,-5630
45.0,177.0,-5501
45.0,179.0,-5816
47.0,-179.0,-5332
47.0,-177.0,-5630
47.0,-175.0,-5510
47.0,-173.0,-6190
47.0,-171.0,-5476
47.0,-169.0,-5689
47.0,-167.0,-5457
47.0,-165.0,-5336
47.0,-163.0,-5177
47.0,-161.0,-5101
47.0,-159.0,-4923
47.0,-157.0,-5218
47.0,-155.0,-5208
47.0,-153.0,-5217
47.0,-151.0,-5292
47.0,-149.0,-5024
47.0,-147.0,-4910
47.0,-145.0,-4724
47.0,-143.0,-4515
47.0,-141.0,-4354
47.0,-139.0,-4223
47.0,-137.0,-4166
47.0,-135.0,-3647
47.0,-133.0,-3505
47.0,-131.0,-3008
47.0,-129.0,-2650
47.0,-127.0,-2621
47.0,-125.0,-435
47.0,-123.0,66
47.0,-121.0,1682
47.0,-119.0,357
47.0,-117.0,854
47.0,-115.0,1511
47.0,-113.0,1281
47.0,-111.0,2151
47.0,-109.0,1266
47.0,-107.0,994
47.0,-105.0,786
47.0,-103.0,767
47.0,-101.0,558
47.0,-99.0,509
47.0,-97.0,271
47.0,-95.0,455
47.0,-93.0,385
47.0,-91.0,130
47.0,-89.0,179
47.0,-87.0,-61
47.0,-85.0,21
47.0,-83.0,478
47.0,-81.0,447
47.0,-79.0,301
47.0,-77.0,428
47.0,-75.0,404
47.0,-73.0,350
47.0,-71.0,105
47.0,-69.0,418
47.0,-67.0,534
47.0,-65.0,17
47.0,-63.0,-59
47.0,-61.0,-101
47.0,-59.0,-443
47.0,-57.0,-220
47.0,-55.0,-77
47.0,-53.0,89
47.0,-51.0,-93
47.0,-49.0,-88
47.0,-47.0,-1147
47.0,-45.0,-151
47.0,-43.0,-3666
47.0,-41.0,-4384
47.0,-39.0,-4594
47.0,-37.0,-4352
47.0,-35.0,-4344
47.0,-33.0,-3815
47.0,-31.0,-3375
47.0,-29.0,-3547
47.0,-27.0,-2138
47.0,-25.0,-3273
47.0,-23.0,-3351
47.0,-21.0,-4256
47.0,-19.0,-4632
47.0,-17.0,-4716
47.0,-15.0,-4795
47.0,-13.0,-4363
47.0,-11.0,-4740
47.0,-9.0,-4376
47.0,-7.0,-4355
47.0,-5.0,-148
47.0,-3.0,-60
47.0,-1.0,92
47.0,1.0,140
47.0,3.0,204
47.0,5.0,195
47.0,7.0,427
47.0,9.0,2626
47.0,11.0,1709
47.0,13.0,2634
47.0,15.0,884
47.0,17.0,160
47.0,19.0,95
47.0,21.0,80
47.0,23.0,483
47.0,25.0,959
47.0,27.0,250
47.0,29.0,94
47.0,31.0,17
47.0,33.0,56
47.0,35.0,75
47.0,37.0,77
47.0,39.0,-5
47.0,41.0,50
47.0,43.0,62
47.0,45.0,-3
47.0,47.0,-7
47.0,49.0,-18
47.0,51.0,-28
47.0,53.0,-25
47.0,55.0,63
47.0,57.0,99
47.0,59.0,160
47.0,61.0,100
47.0,63.0,80
47.0,65.0,141
47.0,67.0,313
47.0,69.0,318
47.0,71.0,546
47.0,73.0,582
47.0,75.0,461
47.0,77.0,524
47.0,79.0,399
47.0,81.0,435
47.0,83.0,1125
47.0,85.0,1864
47.0,87.0,797
47.0,89.0,937
47.0,91.0,2241
47.0,93.0,1657
47.0,95.0,1608
47.0,97.0,2293
47.0,99.0,2206
47.0,101.0,2551
47.0,103.0,1566
47.0,105.0,1504
47.0,107.0,1346
47.0,109.0,1170
47.0,111.0,1260
47.0,113.0,1073
47.0,115.0,1070
47.0,117.0,681
47.0,119.0,986
47.0,121.0,864
47.0,123.0,193
47.0,125.0,151
47.0,127.0,162
47.0,129.0,339
47.0,131.0,74
47.0,133.0,53
47.0,135.0,128
47.0,137.0,1237
47.0,139.0,-83
47.0,141.0,-975
47.0,143.0,425
47.0,145.0,-2846
47.0,147.0,-3321
47.0,149.0,-3355
47.0,151.0,-3253
47.0,153.0,-2219
47.0,155.0,-7096
47.0,157.0,-4790
47.0,159.0,-5036
47.0,161.0,-5499
47.0,163.0,-5694
47.0,165.0,-5904
47.0,167.0,-5815
47.0,169.0,-5191
47.0,171.0,-6039
47.0,173.0,-5339
47.0,175.0,-5511
47.0,177.0,-5588
47.0,179.0,-5725
49.0,-179.0,-4990
49.0,-177.0,-4646
49.0,-175.0,-5449
49.0,-173.0,-4816
49.0,-171.0,-4544
49.0,-169.0,-5242
49.0,-167.0,-5337
49.0,-165.0,-5116
49.0,-163.0,-5064
49.0,-161.0,-4995
49.0,-159.0,-5059
49.0,-157.0,-5091
49.0,-155.0,-4946
49.0,-153.0,-4969
49.0,-151.0,-4947
49.0,-149.0,-4113
49.0,-147.0,-4667
49.0,-145.0,-4372
49.0,-143.0,-4052
49.0,-141.0,-4104
49.0,-139.0,-3799
49.0,-137.0,-3874
49.0,-135.0,-3993
49.0,-133.0,-3181
49.0,-131.0,-2061
49.0,-129.0,-2371
49.0,-127.0,-1081
49.0,-125.0,0
49.0,-123.0,-5
49.0,-121.0,1674
49.0,-119.0,988
49.0,-117.0,2004
49.0,-115.0,1684
49.0,-113.0,1291
49.0,-111.0,1062
49.0,-109.0,919
49.0,-107.0,830
49.0,-105.0,716
49.0,-103.0,575
49.0,-101.0,450
49.0,-99.0,471
49.0,-97.0,244
49.0,-95.0,320
49.0,-93.0,432
49.0,-91.0,464
49.0,-89.0,488
49.0,-87.0,449
49.0,-85.0,360
49.0,-83.0,265
49.0,-81.0,261
49.0,-79.0,296
49.0,-77.0,287
49.0,-75.0,469
49.0,-73.0,287
49.0,-71.0,489
49.0,-69.0,157
49.0,-67.0,7
49.0,-65.0,497
49.0,-63.0,-324
49.0,-61.0,-124
49.0,-59.0,-48
49.0,-57.0,323
49.0,-55.0,188
49.0,-53.0,-228
49.0,-51.0,-300
49.0,-49.0,-1883
49.0,-47.0,-2718
49.0,-45.0,-1581
49.0,-43.0,-3880
49.0,-41.0,-4508
49.0,-39.0,-4312
49.0,-37.0,-4298
49.0,-35.0,-4145
49.0,-33.0,-3974
49.0,-31.0,-3636
49.0,-29.0,-2598
49.0,-27.0,-3153
49.0,-25.0,-3842
49.0,-23.0,-4196
49.0,-21.0,-3960
49.0,-19.0,-4199
49.0,-17.0,-4850
49.0,-15.0,-4686
49.0,-13.0,-2641
49.0,-11.0,-769
49.0,-9.0,-118
49.0,-7.0,-142
49.0,-5.0,-100
49.0,-3.0,-51
49.0,-1.0,109
49.0,1.0,135
49.0,3.0,60
49.0,5.0,154
49.0,7.0,240
49.0,9.0,316
49.0,11.0,552
49.0,13.0,544
49.0,15.0,501
49.0,17.0,237
49.0,19.0,638
49.0,21.0,573
49.0,23.0,685
49.0,25.0,258
49.0,27.0,304
49.0,29.0,278
49.0,31.0,141
49.0,33.0,147
49.0,35.0,116
49.0,37.0,178
49.0,39.0,62
49.0,41.0,100
49.0,43.0,167
49.0,45.0,20
49.0,47.0,17
49.0,49.0,-5
49.0,51.0,-4
49.0,53.0,8
49.0,55.0,117
49.0,57.0,229
49.0,59.0,352
49.0,61.0,180
49.0,63.0,157
49.0,65.0,214
49.0,67.0,515
49.0,69.0,480
49.0,71.0,548
49.0,73.0,764
49.0,75.0,871
49.0,77.0,1044
49.0,79.0,690
49.0,81.0,551
49.0,83.0,853
49.0,85.0,2395
49.0,87.0,1886
49.0,89.0,1891
49.0,91.0,1596
49.0,93.0,1387
49.0,95.0,1444
49.0,97.0,2069
49.0,99.0,2394
49.0,101.0,1679
49.0,103.0,1684
49.0,105.0,797
49.0,107.0,1357
49.0,109.0,1753
49.0,111.0,1217
49.0,113.0,974
49.0,115.0,789
49.0,117.0,577
49.0,119.0,662
49.0,121.0,772
49.0,123.0,648
49.0,125.0,241
49.0,127.0,409
49.0,129.0,323
49.0,131.0,402
49.0,133.0,138
49.0,135.0,119
49.0,137.0,444
49.0,139.0,876
49.0,141.0,-164
49.0,143.0,-10
49.0,145.0,-217
49.0,147.0,-1196
49.0,149.0,-1395
49.0,151.0,-2001
49.0,153.0,-3075
49.0,155.0,-264
49.0,157.0,-6688
49.0,159.0,-5652
49.0,161.0,-5503
49.0,163.0,-5638
49.0,165.0,-5620
49.0,167.0,-5352
49.0,169.0,-3554
49.0,171.0,-6029
49.0,173.0,-5667
49.0,175.0,-5035
49.0,177.0,-4854
49.0,179.0,-4891
51.0,-179.0,-3326
51.0,-177.0,-3750
51.0,-175.0,-4330
51.0,-173.0,-6204
51.0,-171.0,-7119
51.0,-169.0,-5188
51.0,-167.0,-4770
51.0,-165.0,-4763
51.0,-163.0,-4800
51.0,-161.0,-4759
51.0,-159.0,-4905
51.0,-157.0,-4996
51.0,-155.0,-4715
51.0,-153.0,-4796
51.0,-151.0,-4957
51.0,-149.0,-4634
51.0,-147.0,-4307
51.0,-145.0,-4256
51.0,-143.0,-3609
51.0,-141.0,-3887
51.0,-139.0,-3763
51.0,-137.0,-3640
51.0,-135.0,-3526
51.0,-133.0,-2919
51.0,-131.0,-2527
51.0,-129.0,-71
51.0,-127.0,112
51.0,-125.0,1016
51.0,-123.0,1548
51.0,-121.0,1263
51.0,-119.0,359
51.0,-117.0,1964
51.0,-115.0,1587
51.0,-113.0,875
51.0,-111.0,721
51.0,-109.0,696
51.0,-107.0,586
51.0,-105.0,536
51.0,-103.0,587
51.0,-101.0,574
51.0,-99.0,263
51.0,-97.0,219
51.0,-95.0,348
51.0,-93.0,391
51.0,-91.0,372
51.0,-89.0,351
51.0,-87.0,274
51.0,-85.0,136
51.0,-83.0,134
51.0,-81.0,28
51.0,-79.0,91
51.0,-77.0,251
51.0,-75.0,369
51.0,-73.0,413
51.0,-71.0,557
51.0,-69.0,581
51.0,-67.0,539
51.0,-65.0,741
51.0,-63.0,521
51.0,-61.0,325
51.0,-59.0,33
51.0,-57.0,1
51.0,-55.0,-183
51.0,-53.0,-408
51.0,-51.0,-283
51.0,-49.0,-2136
51.0,-47.0,-3152
51.0,-45.0,-4124
51.0,-43.0,-4268
51.0,-41.0,-4221
51.0,-39.0,-4048
51.0,-37.0,-4035
51.0,-35.0,-4206
51.0,-33.0,-3863
51.0,-31.0,-3185
51.0,-29.0,-2571
51.0,-27.0,-3868
51.0,-25.0,-3807
51.0,-23.0,-3782
51.0,-21.0,-2934
51.0,-19.0,-4633
51.0,-17.0,-4670
51.0,-15.0,-2146
51.0,-13.0,-2032
51.0,-11.0,-177
51.0,-9.0,-125
51.0,-7.0,-97
51.0,-5.0,-60
51.0,-3.0,26
51.0,-1.0,123
51.0,1.0,-4
51.0,3.0,11
51.0,5.0,19
51.0,7.0,47
51.0,9.0,411
51.0,11.0,192
51.0,13.0,254
51.0,15.0,306
51.0,17.0,127
51.0,19.0,208
51.0,21.0,303
51.0,23.0,241
51.0,25.0,180
51.0,27.0,188
51.0,29.0,169
51.0,31.0,112
51.0,33.0,132
51.0,35.0,137
51.0,37.0,204
51.0,39.0,171
51.0,41.0,182
51.0,43.0,156
51.0,45.0,159
51.0,47.0,70
51.0,49.0,61
51.0,51.0,30
51.0,53.0,61
51.0,55.0,198
51.0,57.0,336
51.0,59.0,224
51.0,61.0,308
51.0,63.0,282
51.0,65.0,140
51.0,67.0,285
51.0,69.0,350
51.0,71.0,341
51.0,73.0,582
51.0,75.0,332
51.0,77.0,224
51.0,79.0,181
51.0,81.0,240
51.0,83.0,1159
51.0,85.0,1316
51.0,87.0,1700
51.0,89.0,2261
51.0,91.0,1200
51.0,93.0,2346
51.0,95.0,942
51.0,97.0,1093
51.0,99.0,2105
51.0,101.0,1956
51.0,103.0,1550
51.0,105.0,1441
51.0,107.0,669
51.0,109.0,738
51.0,111.0,1052
51.0,113.0,1157
51.0,115.0,691
51.0,117.0,1134
51.0,119.0,743
51.0,121.0,854
51.0,123.0,729
51.0,125.0,463
51.0,127.0,162
51.0,129.0,255
51.0,131.0,647
51.0,133.0,474
51.0,135.0,813
51.0,137.0,41
51.0,139.0,854
51.0,141.0,-67
51.0,143.0,357
51.0,145.0,-597
51.0,147.0,-1331
51.0,149.0,-1376
51.0,151.0,-1224
51.0,153.0,-869
51.0,155.0,-907
51.0,157.0,-18
51.0,159.0,-3849
51.0,161.0,-5406
51.0,163.0,-5458
51.0,165.0,-4856
51.0,167.0,-3109
51.0,169.0,-3342
51.0,171.0,-4242
51.0,173.0,-4939
51.0,175.0,-6287
51.0,177.0,-4551
51.0,179.0,-3051
53.0,-179.0,-3413
53.0,-177.0,-3722
53.0,-175.0,-3702
53.0,-173.0,-1924
53.0,-171.0,-1333
53.0,-169.0,-37
53.0,-167.0,-1905
53.0,-165.0,-3645
53.0,-163.0,-6831
53.0,-161.0,-4910
53.0,-159.0,-4740
53.0,-157.0,-4540
53.0,-155.0,-4466
53.0,-153.0,-4552
53.0,-151.0,-4636
53.0,-149.0,-4370
53.0,-147.0,-4186
53.0,-145.0,-4152
53.0,-143.0,-3916
53.0,-141.0,-3665
53.0,-139.0,-3550
53.0,-137.0,-3439
53.0,-135.0,-2875
53.0,-133.0,-1659
53.0,-131.0,-47
53.0,-129.0,210
53.0,-127.0,1455
53.0,-125.0,1114
53.0,-123.0,955
53.0,-121.0,1700
53.0,-119.0,1336
53.0,-117.0,1615
53.0,-115.0,925
53.0,-113.0,740
53.0,-111.0,677
53.0,-109.0,560
53.0,-107.0,531
53.0,-105.0,450
53.0,-103.0,585
53.0,-101.0,259
53.0,-99.0,227
53.0,-97.0,238
53.0,-95.0,317
53.0,-93.0,274
53.0,-91.0,299
53.0,-89.0,250
53.0,-87.0,190
53.0,-85.0,106
53.0,-83.0,37
53.0,-81.0,12
53.0,-79.0,-1
53.0,-77.0,206
53.0,-75.0,374
53.0,-73.0,486
53.0,-71.0,547
53.0,-69.0,655
53.0,-67.0,723
53.0,-65.0,571
53.0,-63.0,419
53.0,-61.0,370
53.0,-59.0,382
53.0,-57.0,431
53.0,-55.0,-181
53.0,-53.0,-466
53.0,-51.0,-2730
53.0,-49.0,-3647
53.0,-47.0,-4040
53.0,-45.0,-3970
53.0,-43.0,-3584
53.0,-41.0,-3699
53.0,-39.0,-3769
53.0,-37.0,-3588
53.0,-35.0,-2729
53.0,-33.0,-2472
53.0,-31.0,-3176
53.0,-29.0,-3352
53.0,-27.0,-3638
53.0,-25.0,-3543
53.0,-23.0,-3967
53.0,-21.0,-3221
53.0,-19.0,-2682
53.0,-17.0,-3603
53.0,-15.0,-1396
53.0,-13.0,-375
53.0,-11.0,-128
53.0,-9.0,57
53.0,-7.0,58
53.0,-5.0,-78
53.0,-3.0,92
53.0,-1.0,20
53.0,1.0,-14
53.0,3.0,-31
53.0,5.0,-1
53.0,7.0,2
53.0,9.0,5
53.0,11.0,50
53.0,13.0,50
53.0,15.0,62
53.0,17.0,82
53.0,19.0,94
53.0,21.0,112
53.0,23.0,128
53.0,25.0,188
53.0,27.0,158
53.0,29.0,149
53.0,31.0,153
53.0,33.0,186
53.0,35.0,227
53.0,37.0,233
53.0,39.0,175
53.0,41.0,168
53.0,43.0,180
53.0,45.0,257
53.0,47.0,329
53.0,49.0,41
53.0,51.0,115
53.0,53.0,129
53.0,55.0,299
53.0,57.0,404
53.0,59.0,320
53.0,61.0,263
53.0,63.0,195
53.0,65.0,101
53.0,67.0,242
53.0,69.0,377
53.0,71.0,287
53.0,73.0,75
53.0,75.0,96
53.0,77.0,100
53.0,79.0,116
53.0,81.0,145
53.0,83.0,241
53.0,85.0,312
53.0,87.0,367
53.0,89.0,948
53.0,91.0,596
53.0,93.0,632
53.0,95.0,982
53.0,97.0,1114
53.0,99.0,1593
53.0,101.0,1407
53.0,103.0,598
53.0,105.0,631
53.0,107.0,449
53.0,109.0,817
53.0,111.0,1315
53.0,113.0,1113
53.0,115.0,965
53.0,117.0,928
53.0,119.0,464
53.0,121.0,653
53.0,123.0,531
53.0,125.0,424
53.0,127.0,315
53.0,129.0,333
53.0,131.0,482
53.0,133.0,703
53.0,135.0,1371
53.0,137.0,387
53.0,139.0,179
53.0,141.0,-1
53.0,143.0,4
53.0,145.0,-1294
53.0,147.0,-1448
53.0,149.0,-1441
53.0,151.0,-951
53.0,153.0,-492
53.0,155.0,-159
53.0,157.0,130
53.0,159.0,-58
53.0,161.0,-3197
53.0,163.0,-5874
53.0,165.0,-3068
53.0,167.0,-4682
53.0,169.0,-6272
53.0,171.0,-433
53.0,173.0,-4
53.0,175.0,-3930
53.0,177.0,-3794
53.0,179.0,-2552
55.0,-179.0,-3812
55.0,-177.0,-3778
55.0,-175.0,-3667
55.0,-173.0,-3559
55.0,-171.0,-3207
55.0,-169.0,-2469
55.0,-167.0,-165
55.0,-165.0,-100
55.0,-163.0,-49
55.0,-161.0,-76
55.0,-159.0,-40
55.0,-157.0,-783
55.0,-155.0,-3318
55.0,-153.0,-4300
55.0,-151.0,-3836
55.0,-149.0,-4233
55.0,-147.0,-4151
55.0,-145.0,-4030
55.0,-143.0,-3372
55.0,-141.0,-3493
55.0,-139.0,-3093
55.0,-137.0,-2972
55.0,-135.0,-2075
55.0,-133.0,465
55.0,-131.0,10
55.0,-129.0,314
55.0,-127.0,1263
55.0,-125.0,858
55.0,-123.0,826
55.0,-121.0,894
55.0,-119.0,681
55.0,-117.0,679
55.0,-115.0,1029
55.0,-113.0,584
55.0,-111.0,622
55.0,-109.0,703
55.0,-107.0,501
55.0,-105.0,360
55.0,-103.0,332
55.0,-101.0,347
55.0,-99.0,240
55.0,-97.0,207
55.0,-95.0,212
55.0,-93.0,174
55.0,-91.0,126
55.0,-89.0,84
55.0,-87.0,120
55.0,-85.0,47
55.0,-83.0,18
55.0,-81.0,-87
55.0,-79.0,-93
55.0,-77.0,217
55.0,-75.0,283
55.0,-73.0,391
55.0,-71.0,465
55.0,-69.0,581
55.0,-67.0,478
55.0,-65.0,536
55.0,-63.0,477
55.0,-61.0,95
55.0,-59.0,45
55.0,-57.0,-198
55.0,-55.0,-230
55.0,-53.0,-2201
55.0,-51.0,-3069
55.0,-49.0,-3698
55.0,-47.0,-3304
55.0,-45.0,-3412
55.0,-43.0,-3357
55.0,-41.0,-3353
55.0,-39.0,-2857
55.0,-37.0,-2548
55.0,-35.0,-1998
55.0,-33.0,-2590
55.0,-31.0,-2760
55.0,-29.0,-3047
55.0,-27.0,-3157
55.0,-25.0,-3108
55.0,-23.0,-2916
55.0,-21.0,-2841
55.0,-19.0,-1371
55.0,-17.0,-1230
55.0,-15.0,-2346
55.0,-13.0,-2938
55.0,-11.0,-2642
55.0,-9.0,-79
55.0,-7.0,190
55.0,-5.0,211
55.0,-3.0,10
55.0,-1.0,-76
55.0,1.0,-59
55.0,3.0,-23
55.0,5.0,-38
55.0,7.0,-32
55.0,9.0,10
55.0,11.0,-20
55.0,13.0,-22
55.0,15.0,4
55.0,17.0,-24
55.0,19.0,-98
55.0,21.0,-1
55.0,23.0,50
55.0,25.0,127
55.0,27.0,176
55.0,29.0,136
55.0,31.0,202
55.0,33.0,179
55.0,35.0,177
55.0,37.0,182
55.0,39.0,135
55.0,41.0,119
55.0,43.0,156
55.0,45.0,187
55.0,47.0,154
55.0,49.0,58
55.0,51.0,173
55.0,53.0,221
55.0,55.0,97
55.0,57.0,177
55.0,59.0,566
55.0,61.0,276
55.0,63.0,173
55.0,65.0,71
55.0,67.0,137
55.0,69.0,97
55.0,71.0,124
55.0,73.0,96
55.0,75.0,107
55.0,77.0,107
55.0,79.0,116
55.0,81.0,152
55.0,83.0,138
55.0,85.0,173
55.0,87.0,214
55.0,89.0,681
55.0,91.0,226
55.0,93.0,595
55.0,95.0,528
55.0,97.0,685
55.0,99.0,515
55.0,101.0,453
55.0,103.0,504
55.0,105.0,520
55.0,107.0,682
55.0,109.0,451
55.0,111.0,1479
55.0,113.0,1372
55.0,115.0,759
55.0,117.0,791
55.0,119.0,1062
55.0,121.0,647
55.0,123.0,1143
55.0,125.0,610
55.0,127.0,418
55.0,129.0,669
55.0,131.0,863
55.0,133.0,834
55.0,135.0,733
55.0,137.0,112
55.0,139.0,-85
55.0,141.0,-166
55.0,143.0,-175
55.0,145.0,-864
55.0,147.0,-1127
55.0,149.0,-531
55.0,151.0,-355
55.0,153.0,-410
55.0,155.0,-41
55.0,157.0,511
55.0,159.0,208
55.0,161.0,1209
55.0,163.0,-4239
55.0,165.0,-5898
55.0,167.0,-1
55.0,169.0,-3145
55.0,171.0,-3880
55.0,173.0,-3880
55.0,175.0,-3872
55.0,177.0,-843
55.0,179.0,-2076
57.0,-179.0,-3764
57.0,-177.0,-3632
57.0,-175.0,-3371
57.0,-173.0,-241
57.0,-171.0,-109
57.0,-169.0,-78
57.0,-167.0,-80
57.0,-165.0,-67
57.0,-163.0,-62
57.0,-161.0,-76
57.0,-159.0,-29
57.0,-157.0,377
57.0,-155.0,-115
57.0,-153.0,-114
57.0,-151.0,-846
57.0,-149.0,-5018
57.0,-147.0,-4184
57.0,-145.0,-3851
57.0,-143.0,-3693
57.0,-141.0,-3402
57.0,-139.0,-3257
57.0,-137.0,-2384
57.0,-135.0,1282
57.0,-133.0,-1
57.0,-131.0,1717
57.0,-129.0,1512
57.0,-127.0,1726
57.0,-125.0,836
57.0,-123.0,1049
57.0,-121.0,741
57.0,-119.0,757
57.0,-117.0,528
57.0,-115.0,491
57.0,-113.0,526
57.0,-111.0,496
57.0,-109.0,466
57.0,-107.0,520
57.0,-105.0,524
57.0,-103.0,357
57.0,-101.0,356
57.0,-99.0,292
57.0,-97.0,285
57.0,-95.0,219
57.0,-93.0,46
57.0,-91.0,44
57.0,-89.0,-15
57.0,-87.0,-60
57.0,-85.0,-108
57.0,-83.0,-129
57.0,-81.0,-148
57.0,-79.0,-20
57.0,-77.0,-49
57.0,-75.0,270
57.0,-73.0,296
57.0,-71.0,330
57.0,-69.0,245
57.0,-67.0,269
57.0,-65.0,564
57.0,-63.0,457
57.0,-61.0,-100
57.0,-59.0,-332
57.0,-57.0,-2321
57.0,-55.0,-3123
57.0,-53.0,-3475
57.0,-51.0,-3569
57.0,-49.0,-3617
57.0,-47.0,-3462
57.0,-45.0,-3444
57.0,-43.0,-3553
57.0,-41.0,-3411
57.0,-39.0,-3296
57.0,-37.0,-2606
57.0,-35.0,-2326
57.0,-33.0,-1563
57.0,-31.0,-2284
57.0,-29.0,-2659
57.0,-27.0,-2864
57.0,-25.0,-2888
57.0,-23.0,-3106
57.0,-21.0,-1915
57.0,-19.0,-1342
57.0,-17.0,-1178
57.0,-15.0,-230
57.0,-13.0,-1899
57.0,-11.0,-2345
57.0,-9.0,-169
57.0,-7.0,-130
57.0,-5.0,573
57.0,-3.0,605
57.0,-1.0,-65
57.0,1.0,-99
57.0,3.0,-63
57.0,5.0,-61
57.0,7.0,-30
57.0,9.0,-20
57.0,11.0,-8
57.0,13.0,142
57.0,15.0,200
57.0,17.0,-11
57.0,19.0,-124
57.0,21.0,-25
57.0,23.0,77
57.0,25.0,98
57.0,27.0,98
57.0,29.0,99
57.0,31.0,79
57.0,33.0,254
57.0,35.0,155
57.0,37.0,137
57.0,39.0,127
57.0,41.0,118
57.0,43.0,130
57.0,45.0,143
57.0,47.0,115
57.0,49.0,151
57.0,51.0,90
57.0,53.0,132
57.0,55.0,163
57.0,57.0,216
57.0,59.0,335
57.0,61.0,259
57.0,63.0,125
57.0,65.0,57
57.0,67.0,79
57.0,69.0,74
57.0,71.0,94
57.0,73.0,91
57.0,75.0,85
57.0,77.0,129
57.0,79.0,134
57.0,81.0,106
57.0,83.0,120
57.0,85.0,149
57.0,87.0,104
57.0,89.0,154
57.0,91.0,198
57.0,93.0,185
57.0,95.0,173
57.0,97.0,294
57.0,99.0,391
57.0,101.0,476
57.0,103.0,463
57.0,105.0,426
57.0,107.0,537
57.0,109.0,887
57.0,111.0,920
57.0,113.0,556
57.0,115.0,996
57.0,117.0,1334
57.0,119.0,930
57.0,121.0,709
57.0,123.0,898
57.0,125.0,745
57.0,127.0,933
57.0,129.0,1313
57.0,131.0,1010
57.0,133.0,834
57.0,135.0,368
57.0,137.0,691
57.0,139.0,-32
57.0,141.0,-143
57.0,143.0,-99
57.0,145.0,-194
57.0,147.0,-170
57.0,149.0,-215
57.0,151.0,-283
57.0,153.0,-609
57.0,155.0,-128
57.0,157.0,49
57.0,159.0,605
57.0,161.0,153
57.0,163.0,-24
57.0,165.0,-3362
57.0,167.0,-3800
57.0,169.0,-3715
57.0,171.0,-2010
57.0,173.0,-3731
57.0,175.0,-3784
57.0,177.0,-3815
57.0,179.0,-3809
59.0,-179.0,-3239
59.0,-177.0,-134
59.0,-175.0,-137
59.0,-173.0,-173
59.0,-171.0,-77
59.0,-169.0,-44
59.0,-167.0,-41
59.0,-165.0,-26
59.0,-163.0,-18
59.0,-161.0,187
59.0,-159.0,82
59.0,-157.0,20
59.0,-155.0,524
59.0,-153.0,-139
59.0,-151.0,-171
59.0,-149.0,-196
59.0,-147.0,-2496
59.0,-145.0,-4036
59.0,-143.0,-3403
59.0,-141.0,-190
59.0,-139.0,-116
59.0,-137.0,50
59.0,-135.0,391
59.0,-133.0,1303
59.0,-131.0,1450
59.0,-129.0,1307
59.0,-127.0,1033
59.0,-125.0,676
59.0,-123.0,504
59.0,-121.0,639
59.0,-119.0,368
59.0,-117.0,439
59.0,-115.0,920
59.0,-113.0,245
59.0,-111.0,258
59.0,-109.0,313
59.0,-107.0,421
59.0,-105.0,350
59.0,-103.0,435
59.0,-101.0,360
59.0,-99.0,325
59.0,-97.0,215
59.0,-95.0,35
59.0,-93.0,-49
59.0,-91.0,-98
59.0,-89.0,-150
59.0,-87.0,-211
59.0,-85.0,-93
59.0,-83.0,-179
59.0,-81.0,-151
59.0,-79.0,-65
59.0,-77.0,92
59.0,-75.0,142
59.0,-73.0,192
59.0,-71.0,223
59.0,-69.0,23
59.0,-67.0,-129
59.0,-65.0,552
59.0,-63.0,-123
59.0,-61.0,-180
59.0,-59.0,-2359
59.0,-57.0,-3144
59.0,-55.0,-3326
59.0,-53.0,-3407
59.0,-51.0,-3428
59.0,-49.0,-3316
59.0,-47.0,-2740
59.0,-45.0,-2253
59.0,-43.0,-1809
59.0,-41.0,-2802
59.0,-39.0,-3111
59.0,-37.0,-3162
59.0,-35.0,-2545
59.0,-33.0,-2309
59.0,-31.0,-1425
59.0,-29.0,-2129
59.0,-27.0,-2302
59.0,-25.0,-2476
59.0,-23.0,-2727
59.0,-21.0,-2874
59.0,-19.0,-1740
59.0,-17.0,-1019
59.0,-15.0,-1099
59.0,-13.0,-1547
59.0,-11.0,-2010
59.0,-9.0,-1669
59.0,-7.0,-175
59.0,-5.0,-77
59.0,-3.0,30
59.0,-1.0,-125
59.0,1.0,-124
59.0,3.0,-137
59.0,5.0,-232
59.0,7.0,1098
59.0,9.0,263
59.0,11.0,-16
59.0,13.0,44
59.0,15.0,120
59.0,17.0,43
59.0,19.0,-65
59.0,21.0,-106
59.0,23.0,-3
59.0,25.0,74
59.0,27.0,50
59.0,29.0,74
59.0,31.0,76
59.0,33.0,100
59.0,35.0,150
59.0,37.0,129
59.0,39.0,164
59.0,41.0,138
59.0,43.0,174
59.0,45.0,179
59.0,47.0,171
59.0,49.0,138
59.0,51.0,201
59.0,53.0,259
59.0,55.0,128
59.0,57.0,198
59.0,59.0,557
59.0,61.0,134
59.0,63.0,136
59.0,65.0,85
59.0,67.0,48
59.0,69.0,41
59.0,71.0,91
59.0,73.0,93
59.0,75.0,105
59.0,77.0,99
59.0,79.0,95
59.0,81.0,48
59.0,83.0,95
59.0,85.0,123
59.0,87.0,126
59.0,89.0,165
59.0,91.0,150
59.0,93.0,280
59.0,95.0,468
59.0,97.0,400
59.0,99.0,210
59.0,101.0,252
59.0,103.0,287
59.0,105.0,620
59.0,107.0,404
59.0,109.0,351
59.0,111.0,307
59.0,113.0,467
59.0,115.0,1333
59.0,117.0,500
59.0,119.0,283
59.0,121.0,470
59.0,123.0,602
59.0,125.0,461
59.0,127.0,571
59.0,129.0,477
59.0,131.0,195
59.0,133.0,391
59.0,135.0,525
59.0,137.0,618
59.0,139.0,714
59.0,141.0,339
59.0,143.0,-70
59.0,145.0,-105
59.0,147.0,-107
59.0,149.0,-99
59.0,151.0,-69
59.0,153.0,-9
59.0,155.0,-81
59.0,157.0,-197
59.0,159.0,-90
59.0,161.0,776
59.0,163.0,26
59.0,165.0,-303
59.0,167.0,-3438
59.0,169.0,-2942
59.0,171.0,-1108
59.0,173.0,-3354
59.0,175.0,-3617
59.0,177.0,-3682
59.0,179.0,-3771
61.0,-179.0,-117
61.0,-177.0,-116
61.0,-175.0,-93
61.0,-173.0,-69
61.0,-171.0,-56
61.0,-169.0,-41
61.0,-167.0,-21
61.0,-165.0,1
61.0,-163.0,19
61.0,-161.0,5
61.0,-159.0,218
61.0,-157.0,132
61.0,-155.0,437
61.0,-153.0,2028
61.0,-151.0,-22
61.0,-149.0,828
61.0,-147.0,-1
61.0,-145.0,219
61.0,-143.0,1586
61.0,-141.0,1991
61.0,-139.0,2144
61.0,-137.0,914
61.0,-135.0,789
61.0,-133.0,897
61.0,-131.0,1411
61.0,-129.0,1167
61.0,-127.0,1258
61.0,-125.0,898
61.0,-123.0,217
61.0,-121.0,411
61.0,-119.0,262
61.0,-117.0,187
61.0,-115.0,156
61.0,-113.0,223
61.0,-111.0,299
61.0,-109.0,458
61.0,-107.0,457
61.0,-105.0,390
61.0,-103.0,362
61.0,-101.0,337
61.0,-99.0,305
61.0,-97.0,161
61.0,-95.0,28
61.0,-93.0,-102
61.0,-91.0,-124
61.0,-89.0,-152
61.0,-87.0,-192
61.0,-85.0,-192
61.0,-83.0,-179
61.0,-81.0,-95
61.0,-79.0,-136
61.0,-77.0,137
61.0,-75.0,305
61.0,-73.0,353
61.0,-71.0,306
61.0,-69.0,-185
61.0,-67.0,-645
61.0,-65.0,-707
61.0,-63.0,-640
61.0,-61.0,-764
61.0,-59.0,-2445
61.0,-57.0,-2851
61.0,-55.0,-2931
61.0,-53.0,-3062
61.0,-51.0,-2946
61.0,-49.0,-150
61.0,-47.0,268
61.0,-45.0,278
61.0,-43.0,794
61.0,-41.0,-1823
61.0,-39.0,-2662
61.0,-37.0,-2894
61.0,-35.0,-2958
61.0,-33.0,-2691
61.0,-31.0,-2170
61.0,-29.0,-1322
61.0,-27.0,-1393
61.0,-25.0,-1860
61.0,-23.0,-1929
61.0,-21.0,-2172
61.0,-19.0,-2467
61.0,-17.0,-2468
61.0,-15.0,-2094
61.0,-13.0,-1711
61.0,-11.0,-679
61.0,-9.0,-144
61.0,-7.0,-229
61.0,-5.0,-827
61.0,-3.0,-679
61.0,-1.0,-119
61.0,1.0,-152
61.0,3.0,-301
61.0,5.0,15
61.0,7.0,951
61.0,9.0,797
61.0,11.0,534
61.0,13.0,582
61.0,15.0,294
61.0,17.0,56
61.0,19.0,-85
61.0,21.0,-4
61.0,23.0,94
61.0,25.0,165
61.0,27.0,95
61.0,29.0,24
61.0,31.0,1
61.0,33.0,18
61.0,35.0,48
61.0,37.0,171
61.0,39.0,139
61.0,41.0,192
61.0,43.0,117
61.0,45.0,111
61.0,47.0,127
61.0,49.0,163
61.0,51.0,162
61.0,53.0,192
61.0,55.0,186
61.0,57.0,217
61.0,59.0,680
61.0,61.0,179
61.0,63.0,97
61.0,65.0,67
61.0,67.0,41
61.0,69.0,70
61.0,71.0,30
61.0,73.0,36
61.0,75.0,47
61.0,77.0,36
61.0,79.0,51
61.0,81.0,101
61.0,83.0,145
61.0,85.0,140
61.0,87.0,140
61.0,89.0,93
61.0,91.0,329
61.0,93.0,135
61.0,95.0,320
61.0,97.0,274
61.0,99.0,403
61.0,101.0,377
61.0,103.0,391
61.0,105.0,392
61.0,107.0,310
61.0,109.0,312
61.0,111.0,456
61.0,113.0,409
61.0,115.0,293
61.0,117.0,328
61.0,119.0,299
61.0,121.0,299
61.0,123.0,391
61.0,125.0,398
61.0,127.0,386
61.0,129.0,318
61.0,131.0,357
61.0,133.0,295
61.0,135.0,211
61.0,137.0,1206
61.0,139.0,1683
61.0,141.0,867
61.0,143.0,1222
61.0,145.0,921
61.0,147.0,909
61.0,149.0,710
61.0,151.0,912
61.0,153.0,942
61.0,155.0,996
61.0,157.0,-48
61.0,159.0,-75
61.0,161.0,363
61.0,163.0,-19
61.0,165.0,355
61.0,167.0,141
61.0,169.0,286
61.0,171.0,650
61.0,173.0,-59
61.0,175.0,-1523
61.0,177.0,-2787
61.0,179.0,-282
63.0,-179.0,-90
63.0,-177.0,-117
63.0,-175.0,-99
63.0,-173.0,-66
63.0,-171.0,-38
63.0,-169.0,-30
63.0,-167.0,-23
63.0,-165.0,-6
63.0,-163.0,36
63.0,-161.0,250
63.0,-159.0,29
63.0,-157.0,381
63.0,-155.0,150
63.0,-153.0,372
63.0,-151.0,2828
63.0,-149.0,1453
63.0,-147.0,826
63.0,-145.0,1030
63.0,-143.0,1272
63.0,-141.0,718
63.0,-139.0,958
63.0,-137.0,912
63.0,-135.0,867
63.0,-133.0,1139
63.0,-131.0,1171
63.0,-129.0,1479
63.0,-127.0,1708
63.0,-125.0,603
63.0,-123.0,570
63.0,-121.0,287
63.0,-119.0,241
63.0,-117.0,241
63.0,-115.0,214
63.0,-113.0,306
63.0,-111.0,526
63.0,-109.0,390
63.0,-107.0,380
63.0,-105.0,262
63.0,-103.0,303
63.0,-101.0,235
63.0,-99.0,305
63.0,-97.0,112
63.0,-95.0,149
63.0,-93.0,58
63.0,-91.0,6
63.0,-89.0,-151
63.0,-87.0,-76
63.0,-85.0,-43
63.0,-83.0,-49
63.0,-81.0,-239
63.0,-79.0,-250
63.0,-77.0,-284
63.0,-75.0,-88
63.0,-73.0,-314
63.0,-71.0,8
63.0,-69.0,643
63.0,-67.0,-58
63.0,-65.0,327
63.0,-63.0,-180
63.0,-61.0,-450
63.0,-59.0,-956
63.0,-57.0,-2252
63.0,-55.0,-1856
63.0,-53.0,-2321
63.0,-51.0,-58
63.0,-49.0,1482
63.0,-47.0,2488
63.0,-45.0,2831
63.0,-43.0,910
63.0,-41.0,-402
63.0,-39.0,-2000
63.0,-37.0,-2128
63.0,-35.0,-2613
63.0,-33.0,-2798
63.0,-31.0,-2314
63.0,-29.0,-1709
63.0,-27.0,-1376
63.0,-25.0,-518
63.0,-23.0,-961
63.0,-21.0,-849
63.0,-19.0,-1361
63.0,-17.0,-1393
63.0,-15.0,-1702
63.0,-13.0,-671
63.0,-11.0,-454
63.0,-9.0,-448
63.0,-7.0,-837
63.0,-5.0,-1978
63.0,-3.0,-1686
63.0,-1.0,-1662
63.0,1.0,-1138
63.0,3.0,-784
63.0,5.0,-308
63.0,7.0,-3
63.0,9.0,140
63.0,11.0,703
63.0,13.0,1127
63.0,15.0,388
63.0,17.0,227
63.0,19.0,-155
63.0,21.0,-1
63.0,23.0,55
63.0,25.0,170
63.0,27.0,105
63.0,29.0,185
63.0,31.0,170
63.0,33.0,158
63.0,35.0,138
63.0,37.0,167
63.0,39.0,126
63.0,41.0,76
63.0,43.0,58
63.0,45.0,147
63.0,47.0,201
63.0,49.0,208
63.0,51.0,114
63.0,53.0,189
63.0,55.0,188
63.0,57.0,131
63.0,59.0,415
63.0,61.0,111
63.0,63.0,50
63.0,65.0,6
63.0,67.0,157
63.0,69.0,106
63.0,71.0,109
63.0,73.0,102
63.0,75.0,116
63.0,77.0,126
63.0,79.0,77
63.0,81.0,187
63.0,83.0,66
63.0,85.0,88
63.0,87.0,57
63.0,89.0,182
63.0,91.0,329
63.0,93.0,487
63.0,95.0,452
63.0,97.0,549
63.0,99.0,294
63.0,101.0,394
63.0,103.0,628
63.0,105.0,319
63.0,107.0,260
63.0,109.0,357
63.0,111.0,264
63.0,113.0,241
63.0,115.0,310
63.0,117.0,146
63.0,119.0,230
63.0,121.0,225
63.0,123.0,236
63.0,125.0,229
63.0,127.0,214
63.0,129.0,175
63.0,131.0,160
63.0,133.0,119
63.0,135.0,134
63.0,137.0,443
63.0,139.0,1675
63.0,141.0,1303
63.0,143.0,875
63.0,145.0,1152
63.0,147.0,936
63.0,149.0,913
63.0,151.0,469
63.0,153.0,396
63.0,155.0,612
63.0,157.0,647
63.0,159.0,1223
63.0,161.0,241
63.0,163.0,327
63.0,165.0,290
63.0,167.0,40
63.0,169.0,322
63.0,171.0,348
63.0,173.0,441
63.0,175.0,205
63.0,177.0,395
63.0,179.0,327
65.0,-179.0,-67
65.0,-177.0,-49
65.0,-175.0,498
65.0,-173.0,565
65.0,-171.0,-37
65.0,-169.0,-49
65.0,-167.0,-17
65.0,-165.0,535
65.0,-163.0,39
65.0,-161.0,32
65.0,-159.0,552
65.0,-157.0,40
65.0,-155.0,617
65.0,-153.0,197
65.0,-151.0,231
65.0,-149.0,97
65.0,-147.0,206
65.0,-145.0,1136
65.0,-143.0,1300
65.0,-141.0,374
65.0,-139.0,1088
65.0,-137.0,1226
65.0,-135.0,981
65.0,-133.0,1512
65.0,-131.0,1348
65.0,-129.0,751
65.0,-127.0,255
65.0,-125.0,76
65.0,-123.0,163
65.0,-121.0,156
65.0,-119.0,261
65.0,-117.0,303
65.0,-115.0,534
65.0,-113.0,483
65.0,-111.0,479
65.0,-109.0,428
65.0,-107.0,326
65.0,-105.0,244
65.0,-103.0,185
65.0,-101.0,189
65.0,-99.0,154
65.0,-97.0,113
65.0,-95.0,149
65.0,-93.0,156
65.0,-91.0,186
65.0,-89.0,257
65.0,-87.0,-2
65.0,-85.0,22
65.0,-83.0,-190
65.0,-81.0,-411
65.0,-79.0,-76
65.0,-77.0,100
65.0,-75.0,7
65.0,-73.0,105
65.0,-71.0,112
65.0,-69.0,376
65.0,-67.0,455
65.0,-65.0,-817
65.0,-63.0,-174
65.0,-61.0,-283
65.0,-59.0,-469
65.0,-57.0,-702
65.0,-55.0,-589
65.0,-53.0,-393
65.0,-51.0,393
65.0,-49.0,1576
65.0,-47.0,2275
65.0,-45.0,2591
65.0,-43.0,2331
65.0,-41.0,130
65.0,-39.0,-250
65.0,-37.0,-232
65.0,-35.0,-320
65.0,-33.0,-1638
65.0,-31.0,-1892
65.0,-29.0,-1467
65.0,-27.0,-273
65.0,-25.0,-138
65.0,-23.0,286
65.0,-21.0,260
65.0,-19.0,808
65.0,-17.0,856
65.0,-15.0,158
65.0,-13.0,-110
65.0,-11.0,-550
65.0,-9.0,-1409
65.0,-7.0,-1940
65.0,-5.0,-2827
65.0,-3.0,-3334
65.0,-1.0,-2971
65.0,1.0,-2765
65.0,3.0,-1812
65.0,5.0,-770
65.0,7.0,-291
65.0,9.0,-246
65.0,11.0,-1
65.0,13.0,525
65.0,15.0,872
65.0,17.0,418
65.0,19.0,309
65.0,21.0,83
65.0,23.0,-84
65.0,25.0,-6
65.0,27.0,117
65.0,29.0,210
65.0,31.0,189
65.0,33.0,75
65.0,35.0,-2
65.0,37.0,97
65.0,39.0,-63
65.0,41.0,127
65.0,43.0,38
65.0,45.0,76
65.0,47.0,128
65.0,49.0,208
65.0,51.0,204
65.0,53.0,122
65.0,55.0,138
65.0,57.0,105
65.0,59.0,443
65.0,61.0,789
65.0,63.0,111
65.0,65.0,5
65.0,67.0,57
65.0,69.0,69
65.0,71.0,58
65.0,73.0,30
65.0,75.0,77
65.0,77.0,35
65.0,79.0,38
65.0,81.0,21
65.0,83.0,47
65.0,85.0,78
65.0,87.0,36
65.0,89.0,372
65.0,91.0,255
65.0,93.0,456
65.0,95.0,362
65.0,97.0,681
65.0,99.0,346
65.0,101.0,536
65.0,103.0,501
65.0,105.0,531
65.0,107.0,441
65.0,109.0,505
65.0,111.0,546
65.0,113.0,538
65.0,115.0,323
65.0,117.0,248
65.0,119.0,179
65.0,121.0,161
65.0,123.0,116
65.0,125.0,42
65.0,127.0,450
65.0,129.0,1277
65.0,131.0,1077
65.0,133.0,755
65.0,135.0,763
65.0,137.0,1025
65.0,139.0,1150
65.0,141.0,1118
65.0,143.0,768
65.0,145.0,1498
65.0,147.0,639
65.0,149.0,862
65.0,151.0,91
65.0,153.0,406
65.0,155.0,245
65.0,157.0,359
65.0,159.0,336
65.0,161.0,684
65.0,163.0,876
65.0,165.0,671
65.0,167.0,287
65.0,169.0,538
65.0,171.0,8
65.0,173.0,146
65.0,175.0,61
65.0,177.0,27
65.0,179.0,155
67.0,-179.0,165
67.0,-177.0,205
67.0,-175.0,37
67.0,-173.0,1
67.0,-171.0,-41
67.0,-169.0,-51
67.0,-167.0,-35
67.0,-165.0,-27
67.0,-163.0,-3
67.0,-161.0,108
67.0,-159.0,188
67.0,-157.0,492
67.0,-155.0,208
67.0,-153.0,464
67.0,-151.0,390
67.0,-149.0,880
67.0,-147.0,200
67.0,-145.0,150
67.0,-143.0,196
67.0,-141.0,478
67.0,-139.0,495
67.0,-137.0,331
67.0,-135.0,57
67.0,-133.0,144
67.0,-131.0,334
67.0,-129.0,266
67.0,-127.0,344
67.0,-125.0,304
67.0,-123.0,377
67.0,-121.0,206
67.0,-119.0,231
67.0,-117.0,583
67.0,-115.0,554
67.0,-113.0,407
67.0,-111.0,385
67.0,-109.0,336
67.0,-107.0,203
67.0,-105.0,194
67.0,-103.0,154
67.0,-101.0,106
67.0,-99.0,96
67.0,-97.0,86
67.0,-95.0,205
67.0,-93.0,133
67.0,-91.0,378
67.0,-89.0,396
67.0,-87.0,56
67.0,-85.0,93
67.0,-83.0,264
67.0,-81.0,-95
67.0,-79.0,-70
67.0,-77.0,-23
67.0,-75.0,-18
67.0,-73.0,-15
67.0,-71.0,30
67.0,-69.0,206
67.0,-67.0,462
67.0,-65.0,1280
67.0,-63.0,-1
67.0,-61.0,-449
67.0,-59.0,-1165
67.0,-57.0,-702
67.0,-55.0,-65
67.0,-53.0,536
67.0,-51.0,204
67.0,-49.0,1189
67.0,-47.0,1846
67.0,-45.0,2255
67.0,-43.0,2515
67.0,-41.0,2308
67.0,-39.0,2050
67.0,-37.0,2439
67.0,-35.0,1876
67.0,-33.0,-325
67.0,-31.0,-483
67.0,-29.0,-311
67.0,-27.0,-449
67.0,-25.0,-958
67.0,-23.0,-254
67.0,-21.0,-174
67.0,-19.0,-470
67.0,-17.0,-254
67.0,-15.0,-168
67.0,-13.0,-1481
67.0,-11.0,-1511
67.0,-9.0,-1622
67.0,-7.0,-2167
67.0,-5.0,-3446
67.0,-3.0,-3538
67.0,-1.0,-3507
67.0,1.0,-2840
67.0,3.0,-1322
67.0,5.0,-1318
67.0,7.0,-1209
67.0,9.0,-323
67.0,11.0,-256
67.0,13.0,-168
67.0,15.0,630
67.0,17.0,1125
67.0,19.0,524
67.0,21.0,424
67.0,23.0,182
67.0,25.0,158
67.0,27.0,225
67.0,29.0,187
67.0,31.0,308
67.0,33.0,443
67.0,35.0,134
67.0,37.0,245
67.0,39.0,156
67.0,41.0,166
67.0,43.0,-23
67.0,45.0,12
67.0,47.0,-10
67.0,49.0,244
67.0,51.0,26
67.0,53.0,45
67.0,55.0,118
67.0,57.0,118
67.0,59.0,129
67.0,61.0,110
67.0,63.0,68
67.0,65.0,182
67.0,67.0,265
67.0,69.0,19
67.0,71.0,20
67.0,73.0,-2
67.0,75.0,67
67.0,77.0,26
67.0,79.0,73
67.0,81.0,8
67.0,83.0,63
67.0,85.0,39
67.0,87.0,67
67.0,89.0,195
67.0,91.0,267
67.0,93.0,664
67.0,95.0,572
67.0,97.0,862
67.0,99.0,686
67.0,101.0,464
67.0,103.0,460
67.0,105.0,548
67.0,107.0,489
67.0,109.0,390
67.0,111.0,414
67.0,113.0,365
67.0,115.0,353
67.0,117.0,363
67.0,119.0,305
67.0,121.0,261
67.0,123.0,70
67.0,125.0,243
67.0,127.0,876
67.0,129.0,1105
67.0,131.0,633
67.0,133.0,133
67.0,135.0,477
67.0,137.0,601
67.0,139.0,1095
67.0,141.0,383
67.0,143.0,714
67.0,145.0,508
67.0,147.0,105
67.0,149.0,158
67.0,151.0,22
67.0,153.0,21
67.0,155.0,130
67.0,157.0,158
67.0,159.0,178
67.0,161.0,424
67.0,163.0,130
67.0,165.0,330
67.0,167.0,1040
67.0,169.0,472
67.0,171.0,707
67.0,173.0,447
67.0,175.0,534
67.0,177.0,734
67.0,179.0,271
69.0,-179.0,-39
69.0,-177.0,-51
69.0,-175.0,-50
69.0,-173.0,-52
69.0,-171.0,-53
69.0,-169.0,-53
69.0,-167.0,-44
69.0,-165.0,-10
69.0,-163.0,259
69.0,-161.0,320
69.0,-159.0,450
69.0,-157.0,312
69.0,-155.0,239
69.0,-153.0,260
69.0,-151.0,402
69.0,-149.0,490
69.0,-147.0,1142
69.0,-145.0,1509
69.0,-143.0,1419
69.0,-141.0,763
69.0,-139.0,231
69.0,-137.0,-5
69.0,-135.0,2
69.0,-133.0,1
69.0,-131.0,62
69.0,-129.0,294
69.0,-127.0,214
69.0,-125.0,263
69.0,-123.0,461
69.0,-121.0,664
69.0,-119.0,305
69.0,-117.0,-65
69.0,-115.0,-107
69.0,-113.0,87
69.0,-111.0,128
69.0,-109.0,84
69.0,-107.0,-71
69.0,-105.0,4
69.0,-103.0,57
69.0,-101.0,-28
69.0,-99.0,12
69.0,-97.0,48
69.0,-95.0,-7
69.0,-93.0,128
69.0,-91.0,190
69.0,-89.0,86
69.0,-87.0,-138
69.0,-85.0,-9
69.0,-83.0,90
69.0,-81.0,-24
69.0,-79.0,1
69.0,-77.0,-3
69.0,-75.0,1
69.0,-73.0,134
69.0,-71.0,304
69.0,-69.0,433
69.0,-67.0,-355
69.0,-65.0,-413
69.0,-63.0,-1853
69.0,-61.0,-1783
69.0,-59.0,-490
69.0,-57.0,-222
69.0,-55.0,-210
69.0,-53.0,-229
69.0,-51.0,201
69.0,-49.0,1022
69.0,-47.0,1760
69.0,-45.0,2151
69.0,-43.0,2484
69.0,-41.0,2720
69.0,-39.0,2897
69.0,-37.0,2895
69.0,-35.0,2511
69.0,-33.0,1540
69.0,-31.0,2419
69.0,-29.0,1825
69.0,-27.0,1118
69.0,-25.0,-160
69.0,-23.0,-1139
69.0,-21.0,-1124
69.0,-19.0,-1396
69.0,-17.0,-1820
69.0,-15.0,-1362
69.0,-13.0,-1839
69.0,-11.0,-1826
69.0,-9.0,-1157
69.0,-7.0,-2354
69.0,-5.0,-3367
69.0,-3.0,-3068
69.0,-1.0,-2596
69.0,1.0,-3004
69.0,3.0,-3253
69.0,5.0,-3210
69.0,7.0,-3085
69.0,9.0,-3035
69.0,11.0,-2953
69.0,13.0,-1764
69.0,15.0,-25
69.0,17.0,-14
69.0,19.0,88
69.0,21.0,826
69.0,23.0,375
69.0,25.0,327
69.0,27.0,192
69.0,29.0,87
69.0,31.0,270
69.0,33.0,13
69.0,35.0,197
69.0,37.0,-89
69.0,39.0,-178
69.0,41.0,-79
69.0,43.0,-60
69.0,45.0,-54
69.0,47.0,-54
69.0,49.0,118
69.0,51.0,-50
69.0,53.0,-21
69.0,55.0,-15
69.0,57.0,-11
69.0,59.0,-2
69.0,61.0,1
69.0,63.0,219
69.0,65.0,70
69.0,67.0,-11
69.0,69.0,10
69.0,71.0,41
69.0,73.0,-7
69.0,75.0,-6
69.0,77.0,6
69.0,79.0,79
69.0,81.0,39
69.0,83.0,35
69.0,85.0,100
69.0,87.0,94
69.0,89.0,82
69.0,91.0,64
69.0,93.0,807
69.0,95.0,1221
69.0,97.0,1074
69.0,99.0,651
69.0,101.0,408
69.0,103.0,315
69.0,105.0,235
69.0,107.0,311
69.0,109.0,267
69.0,111.0,286
69.0,113.0,266
69.0,115.0,226
69.0,117.0,292
69.0,119.0,252
69.0,121.0,137
69.0,123.0,159
69.0,125.0,56
69.0,127.0,505
69.0,129.0,1340
69.0,131.0,308
69.0,133.0,333
69.0,135.0,320
69.0,137.0,353
69.0,139.0,418
69.0,141.0,145
69.0,143.0,103
69.0,145.0,70
69.0,147.0,66
69.0,149.0,74
69.0,151.0,39
69.0,153.0,35
69.0,155.0,20
69.0,157.0,65
69.0,159.0,27
69.0,161.0,7
69.0,163.0,497
69.0,165.0,876
69.0,167.0,179
69.0,169.0,156
69.0,171.0,3
69.0,173.0,223
69.0,175.0,160
69.0,177.0,486
69.0,179.0,85
71.0,-179.0,210
71.0,-177.0,-33
71.0,-175.0,-74
71.0,-173.0,-40
71.0,-171.0,-46
71.0,-169.0,-44
71.0,-167.0,-42
71.0,-165.0,-38
71.0,-163.0,-42
71.0,-161.0,-48
71.0,-159.0,-39
71.0,-157.0,12
71.0,-155.0,1
71.0,-153.0,-11
71.0,-151.0,-21
71.0,-149.0,-36
71.0,-147.0,-382
71.0,-145.0,-713
71.0,-143.0,-1866
71.0,-141.0,-2337
71.0,-139.0,-1875
71.0,-137.0,-1335
71.0,-135.0,-488
71.0,-133.0,-73
71.0,-131.0,-56
71.0,-129.0,-38
71.0,-127.0,-253
71.0,-125.0,-373
71.0,-123.0,-291
71.0,-121.0,-253
71.0,-119.0,-153
71.0,-117.0,357
71.0,-115.0,372
71.0,-113.0,312
71.0,-111.0,274
71.0,-109.0,151
71.0,-107.0,114
71.0,-105.0,59
71.0,-103.0,-62
71.0,-101.0,-95
71.0,-99.0,-162
71.0,-97.0,-102
71.0,-95.0,286
71.0,-93.0,43
71.0,-91.0,-179
71.0,-89.0,33
71.0,-87.0,0
71.0,-85.0,27
71.0,-83.0,150
71.0,-81.0,123
71.0,-79.0,156
71.0,-77.0,421
71.0,-75.0,612
71.0,-73.0,1349
71.0,-71.0,367
71.0,-69.0,-161
71.0,-67.0,-1202
71.0,-65.0,-2143
71.0,-63.0,-2153
71.0,-61.0,-1133
71.0,-59.0,-387
71.0,-57.0,-392
71.0,-55.0,-468
71.0,-53.0,-551
71.0,-51.0,-243
71.0,-49.0,1790
71.0,-47.0,2194
71.0,-45.0,2531
71.0,-43.0,2752
71.0,-41.0,2937
71.0,-39.0,3082
71.0,-37.0,3160
71.0,-35.0,3037
71.0,-33.0,2828
71.0,-31.0,2484
71.0,-29.0,1281
71.0,-27.0,1648
71.0,-25.0,-431
71.0,-23.0,513
71.0,-21.0,-268
71.0,-19.0,-1298
71.0,-17.0,-1499
71.0,-15.0,-1099
71.0,-13.0,-510
71.0,-11.0,-1295
71.0,-9.0,-386
71.0,-7.0,-2158
71.0,-5.0,-1763
71.0,-3.0,-2501
71.0,-1.0,-2491
71.0,1.0,-3242
71.0,3.0,-3168
71.0,5.0,-3128
71.0,7.0,-3038
71.0,9.0,-2742
71.0,11.0,-2570
71.0,13.0,-2317
71.0,15.0,-2065
71.0,17.0,-635
71.0,19.0,-191
71.0,21.0,-162
71.0,23.0,-132
71.0,25.0,5
71.0,27.0,-178
71.0,29.0,-187
71.0,31.0,-268
71.0,33.0,-222
71.0,35.0,-172
71.0,37.0,-199
71.0,39.0,-272
71.0,41.0,-132
71.0,43.0,-96
71.0,45.0,-159
71.0,47.0,-192
71.0,49.0,-122
71.0,51.0,-130
71.0,53.0,1
71.0,55.0,159
71.0,57.0,-69
71.0,59.0,-181
71.0,61.0,-55
71.0,63.0,-150
71.0,65.0,-39
71.0,67.0,7
71.0,69.0,28
71.0,71.0,31
71.0,73.0,-6
71.0,75.0,27
71.0,77.0,18
71.0,79.0,7
71.0,81.0,78
71.0,83.0,-1
71.0,85.0,50
71.0,87.0,83
71.0,89.0,61
71.0,91.0,44
71.0,93.0,49
71.0,95.0,36
71.0,97.0,40
71.0,99.0,57
71.0,101.0,81
71.0,103.0,327
71.0,105.0,442
71.0,107.0,400
71.0,109.0,540
71.0,111.0,354
71.0,113.0,165
71.0,115.0,169
71.0,117.0,76
71.0,119.0,118
71.0,121.0,115
71.0,123.0,408
71.0,125.0,200
71.0,127.0,168
71.0,129.0,168
71.0,131.0,-12
71.0,133.0,13
71.0,135.0,31
71.0,137.0,11
71.0,139.0,16
71.0,141.0,46
71.0,143.0,9
71.0,145.0,7
71.0,147.0,11
71.0,149.0,20
71.0,151.0,4
71.0,153.0,-6
71.0,155.0,14
71.0,157.0,11
71.0,159.0,-4
71.0,161.0,-10
71.0,163.0,-15
71.0,165.0,-25
71.0,167.0,-22
71.0,169.0,-41
71.0,171.0,-28
71.0,173.0,-39
71.0,175.0,-38
71.0,177.0,-36
71.0,179.0,244
73.0,-179.0,-70
73.0,-177.0,-83
73.0,-175.0,-90
73.0,-173.0,-68
73.0,-171.0,-65
73.0,-169.0,-79
73.0,-167.0,-59
73.0,-165.0,-67
73.0,-163.0,-97
73.0,-161.0,-92
73.0,-159.0,-471
73.0,-157.0,-2324
73.0,-155.0,-3403
73.0,-153.0,-3854
73.0,-151.0,-3746
73.0,-149.0,-3694
73.0,-147.0,-3631
73.0,-145.0,-3507
73.0,-143.0,-3418
73.0,-141.0,-3300
73.0,-139.0,-3053
73.0,-137.0,-2902
73.0,-135.0,-2688
73.0,-133.0,-2442
73.0,-131.0,-2105
73.0,-129.0,-527
73.0,-127.0,-145
73.0,-125.0,-20
73.0,-123.0,152
73.0,-121.0,242
73.0,-119.0,131
73.0,-117.0,-73
73.0,-115.0,159
73.0,-113.0,1
73.0,-111.0,-128
73.0,-109.0,-242
73.0,-107.0,152
73.0,-105.0,-3
73.0,-103.0,-196
73.0,-101.0,-45
73.0,-99.0,105
73.0,-97.0,127
73.0,-95.0,145
73.0,-93.0,169
73.0,-91.0,-336
73.0,-89.0,147
73.0,-87.0,279
73.0,-85.0,208
73.0,-83.0,793
73.0,-81.0,197
73.0,-79.0,632
73.0,-77.0,895
73.0,-75.0,-858
73.0,-73.0,-890
73.0,-71.0,-1363
73.0,-69.0,-2056
73.0,-67.0,-2339
73.0,-65.0,-2287
73.0,-63.0,-1833
73.0,-61.0,-427
73.0,-59.0,-704
73.0,-57.0,-259
73.0,-55.0,-9
73.0,-53.0,1314
73.0,-51.0,1970
73.0,-49.0,2358
73.0,-47.0,2623
73.0,-45.0,2810
73.0,-43.0,2954
73.0,-41.0,3072
73.0,-39.0,3160
73.0,-37.0,3184
73.0,-35.0,3142
73.0,-33.0,3023
73.0,-31.0,2765
73.0,-29.0,1932
73.0,-27.0,1713
73.0,-25.0,-86
73.0,-23.0,241
73.0,-21.0,-168
73.0,-19.0,-301
73.0,-17.0,-304
73.0,-15.0,-2272
73.0,-13.0,-2600
73.0,-11.0,-2757
73.0,-9.0,-2599
73.0,-7.0,-2579
73.0,-5.0,-2792
73.0,-3.0,-2945
73.0,-1.0,-2930
73.0,1.0,-2867
73.0,3.0,-2475
73.0,5.0,-2858
73.0,7.0,-2281
73.0,9.0,-2325
73.0,11.0,-1981
73.0,13.0,-1438
73.0,15.0,-523
73.0,17.0,-432
73.0,19.0,-414
73.0,21.0,-439
73.0,23.0,-392
73.0,25.0,-417
73.0,27.0,-323
73.0,29.0,-289
73.0,31.0,-258
73.0,33.0,-232
73.0,35.0,-211
73.0,37.0,-225
73.0,39.0,-287
73.0,41.0,-359
73.0,43.0,-349
73.0,45.0,-335
73.0,47.0,-296
73.0,49.0,-234
73.0,51.0,-187
73.0,53.0,-18
73.0,55.0,644
73.0,57.0,-173
73.0,59.0,-375
73.0,61.0,-90
73.0,63.0,-82
73.0,65.0,-94
73.0,67.0,-50
73.0,69.0,-12
73.0,71.0,-7
73.0,73.0,-22
73.0,75.0,-4
73.0,77.0,-5
73.0,79.0,4
73.0,81.0,54
73.0,83.0,255
73.0,85.0,38
73.0,87.0,43
73.0,89.0,122
73.0,91.0,15
73.0,93.0,95
73.0,95.0,7
73.0,97.0,97
73.0,99.0,119
73.0,101.0,53
73.0,103.0,105
73.0,105.0,68
73.0,107.0,38
73.0,109.0,28
73.0,111.0,27
73.0,113.0,47
73.0,115.0,17
73.0,117.0,52
73.0,119.0,67
73.0,121.0,-8
73.0,123.0,-3
73.0,125.0,4
73.0,127.0,1
73.0,129.0,0
73.0,131.0,-23
73.0,133.0,-10
73.0,135.0,-15
73.0,137.0,-19
73.0,139.0,-15
73.0,141.0,-13
73.0,143.0,-10
73.0,145.0,-10
73.0,147.0,-9
73.0,149.0,-13
73.0,151.0,-15
73.0,153.0,-20
73.0,155.0,-30
73.0,157.0,-23
73.0,159.0,-24
73.0,161.0,-24
73.0,163.0,-27
73.0,165.0,-29
73.0,167.0,-30
73.0,169.0,-30
73.0,171.0,-35
73.0,173.0,-40
73.0,175.0,-43
73.0,177.0,-49
73.0,179.0,-53
75.0,-179.0,-203
75.0,-177.0,-278
75.0,-175.0,-272
75.0,-173.0,-344
75.0,-171.0,-377
75.0,-169.0,-214
75.0,-167.0,-370
75.0,-165.0,-538
75.0,-163.0,-1787
75.0,-161.0,-1772
75.0,-159.0,-888
75.0,-157.0,-2343
75.0,-155.0,-3807
75.0,-153.0,-3802
75.0,-151.0,-3794
75.0,-149.0,-3776
75.0,-147.0,-3751
75.0,-145.0,-3723
75.0,-143.0,-3692
75.0,-141.0,-3655
75.0,-139.0,-3571
75.0,-137.0,-3407
75.0,-135.0,-3396
75.0,-133.0,-3395
75.0,-131.0,-2289
75.0,-129.0,-395
75.0,-127.0,-397
75.0,-125.0,-479
75.0,-123.0,-510
75.0,-121.0,-446
75.0,-119.0,-411
75.0,-117.0,-410
75.0,-115.0,144
75.0,-113.0,-119
75.0,-111.0,14
75.0,-109.0,-4
75.0,-107.0,58
75.0,-105.0,-117
75.0,-103.0,-159
75.0,-101.0,-138
75.0,-99.0,10
75.0,-97.0,-243
75.0,-95.0,135
75.0,-93.0,-208
75.0,-91.0,304
75.0,-89.0,307
75.0,-87.0,416
75.0,-85.0,701
75.0,-83.0,942
75.0,-81.0,460
75.0,-79.0,-503
75.0,-77.0,-346
75.0,-75.0,-565
75.0,-73.0,-785
75.0,-71.0,-808
75.0,-69.0,-910
75.0,-67.0,-585
75.0,-65.0,-334
75.0,-63.0,-158
75.0,-61.0,-818
75.0,-59.0,-246
75.0,-57.0,353
75.0,-55.0,1275
75.0,-53.0,1853
75.0,-51.0,2224
75.0,-49.0,2482
75.0,-47.0,2661
75.0,-45.0,2814
75.0,-43.0,2912
75.0,-41.0,2916
75.0,-39.0,2854
75.0,-37.0,2801
75.0,-35.0,2796
75.0,-33.0,2733
75.0,-31.0,2642
75.0,-29.0,2508
75.0,-27.0,2196
75.0,-25.0,1840
75.0,-23.0,1802
75.0,-21.0,797
75.0,-19.0,-167
75.0,-17.0,-287
75.0,-15.0,-130
75.0,-13.0,-329
75.0,-11.0,-2710
75.0,-9.0,-3283
75.0,-7.0,-3424
75.0,-5.0,-3557
75.0,-3.0,-3643
75.0,-1.0,-3654
75.0,1.0,-3713
75.0,3.0,-2812
75.0,5.0,-3122
75.0,7.0,-2013
75.0,9.0,-2616
75.0,11.0,-2446
75.0,13.0,-2014
75.0,15.0,-994
75.0,17.0,-144
75.0,19.0,-59
75.0,21.0,-49
75.0,23.0,-97
75.0,25.0,-183
75.0,27.0,-277
75.0,29.0,-348
75.0,31.0,-356
75.0,33.0,-148
75.0,35.0,-191
75.0,37.0,-184
75.0,39.0,-195
75.0,41.0,-192
75.0,43.0,-266
75.0,45.0,-283
75.0,47.0,-230
75.0,49.0,-240
75.0,51.0,-145
75.0,53.0,-196
75.0,55.0,-165
75.0,57.0,368
75.0,59.0,562
75.0,61.0,-135
75.0,63.0,-341
75.0,65.0,-100
75.0,67.0,-124
75.0,69.0,-108
75.0,71.0,-29
75.0,73.0,-26
75.0,75.0,-32
75.0,77.0,-34
75.0,79.0,-18
75.0,81.0,-36
75.0,83.0,-45
75.0,85.0,-40
75.0,87.0,-20
75.0,89.0,89
75.0,91.0,164
75.0,93.0,177
75.0,95.0,152
75.0,97.0,127
75.0,99.0,206
75.0,101.0,249
75.0,103.0,285
75.0,105.0,168
75.0,107.0,93
75.0,109.0,177
75.0,111.0,261
75.0,113.0,-2
75.0,115.0,-32
75.0,117.0,-20
75.0,119.0,-22
75.0,121.0,-19
75.0,123.0,-32
75.0,125.0,-35
75.0,127.0,-36
75.0,129.0,-35
75.0,131.0,-27
75.0,133.0,-15
75.0,135.0,-28
75.0,137.0,-20
75.0,139.0,108
75.0,141.0,7
75.0,143.0,1
75.0,145.0,-10
75.0,147.0,-5
75.0,149.0,36
75.0,151.0,-5
75.0,153.0,-16
75.0,155.0,-20
75.0,157.0,-38
75.0,159.0,-41
75.0,161.0,-45
75.0,163.0,-50
75.0,165.0,-59
75.0,167.0,-61
75.0,169.0,-60
75.0,171.0,-72
75.0,173.0,-107
75.0,175.0,-136
75.0,177.0,-189
75.0,179.0,-184
77.0,-179.0,-1346
77.0,-177.0,-1401
77.0,-175.0,-1973
77.0,-173.0,-2200
77.0,-171.0,-2237
77.0,-169.0,-1992
77.0,-167.0,-611
77.0,-165.0,-600
77.0,-163.0,-2288
77.0,-161.0,-1272
77.0,-159.0,-1854
77.0,-157.0,-1453
77.0,-155.0,-982
77.0,-153.0,-3849
77.0,-151.0,-3790
77.0,-149.0,-3779
77.0,-147.0,-3770
77.0,-145.0,-3757
77.0,-143.0,-3727
77.0,-141.0,-3685
77.0,-139.0,-3655
77.0,-137.0,-3612
77.0,-135.0,-3494
77.0,-133.0,-3394
77.0,-131.0,-3209
77.0,-129.0,-2920
77.0,-127.0,-1865
77.0,-125.0,-501
77.0,-123.0,-253
77.0,-121.0,-134
77.0,-119.0,39
77.0,-117.0,65
77.0,-115.0,-364
77.0,-113.0,-333
77.0,-111.0,-397
77.0,-109.0,-314
77.0,-107.0,-195
77.0,-105.0,-190
77.0,-103.0,-274
77.0,-101.0,-388
77.0,-99.0,-328
77.0,-97.0,-81
77.0,-95.0,-2
77.0,-93.0,-90
77.0,-91.0,-197
77.0,-89.0,-76
77.0,-87.0,384
77.0,-85.0,982
77.0,-83.0,385
77.0,-81.0,634
77.0,-79.0,-67
77.0,-77.0,-337
77.0,-75.0,-447
77.0,-73.0,-302
77.0,-71.0,184
77.0,-69.0,638
77.0,-67.0,792
77.0,-65.0,1082
77.0,-63.0,1679
77.0,-61.0,1790
77.0,-59.0,1845
77.0,-57.0,1963
77.0,-55.0,2134
77.0,-53.0,2303
77.0,-51.0,2448
77.0,-49.0,2571
77.0,-47.0,2652
77.0,-45.0,2699
77.0,-43.0,2675
77.0,-41.0,2626
77.0,-39.0,2549
77.0,-37.0,2459
77.0,-35.0,2365
77.0,-33.0,2224
77.0,-31.0,2105
77.0,-29.0,1961
77.0,-27.0,1814
77.0,-25.0,1183
77.0,-23.0,143
77.0,-21.0,643
77.0,-19.0,225
77.0,-17.0,-171
77.0,-15.0,-183
77.0,-13.0,-244
77.0,-11.0,-360
77.0,-9.0,-262
77.0,-7.0,-228
77.0,-5.0,-1444
77.0,-3.0,-2189
77.0,-1.0,-3135
77.0,1.0,-3200
77.0,3.0,-3125
77.0,5.0,-2670
77.0,7.0,-2412
77.0,9.0,-2200
77.0,11.0,-1376
77.0,13.0,-287
77.0,15.0,-130
77.0,17.0,170
77.0,19.0,-111
77.0,21.0,-27
77.0,23.0,-96
77.0,25.0,-49
77.0,27.0,-122
77.0,29.0,-225
77.0,31.0,-218
77.0,33.0,-162
77.0,35.0,-116
77.0,37.0,-166
77.0,39.0,-193
77.0,41.0,-192
77.0,43.0,-223
77.0,45.0,-276
77.0,47.0,-244
77.0,49.0,-286
77.0,51.0,-339
77.0,53.0,-338
77.0,55.0,-222
77.0,57.0,-147
77.0,59.0,-192
77.0,61.0,-194
77.0,63.0,-132
77.0,65.0,-141
77.0,67.0,-162
77.0,69.0,-161
77.0,71.0,-401
77.0,73.0,-192
77.0,75.0,-164
77.0,77.0,-107
77.0,79.0,-78
77.0,81.0,-61
77.0,83.0,-54
77.0,85.0,-54
77.0,87.0,-64
77.0,89.0,-5
77.0,91.0,-37
77.0,93.0,-30
77.0,95.0,-65
77.0,97.0,-74
77.0,99.0,-53
77.0,101.0,-17
77.0,103.0,79
77.0,105.0,19
77.0,107.0,14
77.0,109.0,-30
77.0,111.0,-30
77.0,113.0,-46
77.0,115.0,-57
77.0,117.0,-50
77.0,119.0,-79
77.0,121.0,-84
77.0,123.0,-95
77.0,125.0,-99
77.0,127.0,-75
77.0,129.0,-69
77.0,131.0,-60
77.0,133.0,-39
77.0,135.0,-33
77.0,137.0,-26
77.0,139.0,-20
77.0,141.0,-20
77.0,143.0,-29
77.0,145.0,-35
77.0,147.0,-35
77.0,149.0,-44
77.0,151.0,-45
77.0,153.0,-48
77.0,155.0,-53
77.0,157.0,-5
77.0,159.0,-70
77.0,161.0,-91
77.0,163.0,-102
77.0,165.0,-153
77.0,167.0,-217
77.0,169.0,-265
77.0,171.0,-340
77.0,173.0,-562
77.0,175.0,-1088
77.0,177.0,-1200
77.0,179.0,-1123
79.0,-179.0,-1102
79.0,-177.0,-1627
79.0,-175.0,-2108
79.0,-173.0,-2066
79.0,-171.0,-2433
79.0,-169.0,-3019
79.0,-167.0,-2594
79.0,-165.0,-1973
79.0,-163.0,-1182
79.0,-161.0,-1797
79.0,-159.0,-2419
79.0,-157.0,-3693
79.0,-155.0,-3843
79.0,-153.0,-3844
79.0,-151.0,-3794
79.0,-149.0,-3776
79.0,-147.0,-3776
79.0,-145.0,-3764
79.0,-143.0,-3755
79.0,-141.0,-3706
79.0,-139.0,-3627
79.0,-137.0,-3619
79.0,-135.0,-3616
79.0,-133.0,-3610
79.0,-131.0,-3458
79.0,-129.0,-3356
79.0,-127.0,-3196
79.0,-125.0,-2972
79.0,-123.0,-2652
79.0,-121.0,-2334
79.0,-119.0,-1820
79.0,-117.0,-505
79.0,-115.0,-510
79.0,-113.0,-256
79.0,-111.0,-434
79.0,-109.0,-459
79.0,-107.0,-468
79.0,-105.0,-103
79.0,-103.0,171
79.0,-101.0,-68
79.0,-99.0,-372
79.0,-97.0,-374
79.0,-95.0,-417
79.0,-93.0,244
79.0,-91.0,916
79.0,-89.0,1491
79.0,-87.0,15
79.0,-85.0,-165
79.0,-83.0,187
79.0,-81.0,936
79.0,-79.0,573
79.0,-77.0,61
79.0,-75.0,-311
79.0,-73.0,-279
79.0,-71.0,-215
79.0,-69.0,-1
79.0,-67.0,220
79.0,-65.0,810
79.0,-63.0,1192
79.0,-61.0,1444
79.0,-59.0,1628
79.0,-57.0,1789
79.0,-55.0,1900
79.0,-53.0,2004
79.0,-51.0,2107
79.0,-49.0,2196
79.0,-47.0,2281
79.0,-45.0,2339
79.0,-43.0,2360
79.0,-41.0,2321
79.0,-39.0,2245
79.0,-37.0,2139
79.0,-35.0,2015
79.0,-33.0,1860
79.0,-31.0,1661
79.0,-29.0,1422
79.0,-27.0,1147
79.0,-25.0,904
79.0,-23.0,625
79.0,-21.0,163
79.0,-19.0,-18
79.0,-17.0,-213
79.0,-15.0,-50
79.0,-13.0,-130
79.0,-11.0,-217
79.0,-9.0,-282
79.0,-7.0,-248
79.0,-5.0,-1285
79.0,-3.0,-2396
79.0,-1.0,-2607
79.0,1.0,-2528
79.0,3.0,-2534
79.0,5.0,-2402
79.0,7.0,-1220
79.0,9.0,-202
79.0,11.0,-236
79.0,13.0,669
79.0,15.0,424
79.0,17.0,1160
79.0,19.0,353
79.0,21.0,-9
79.0,23.0,-104
79.0,25.0,-210
79.0,27.0,-122
79.0,29.0,-55
79.0,31.0,-184
79.0,33.0,-256
79.0,35.0,-275
79.0,37.0,-184
79.0,39.0,-201
79.0,41.0,-202
79.0,43.0,-275
79.0,45.0,-247
79.0,47.0,-194
79.0,49.0,-347
79.0,51.0,-344
79.0,53.0,-241
79.0,55.0,-202
79.0,57.0,-190
79.0,59.0,-203
79.0,61.0,-185
79.0,63.0,-241
79.0,65.0,-319
79.0,67.0,-395
79.0,69.0,-452
79.0,71.0,-495
79.0,73.0,-435
79.0,75.0,-280
79.0,77.0,-165
79.0,79.0,-127
79.0,81.0,-49
79.0,83.0,-121
79.0,85.0,-107
79.0,87.0,-200
79.0,89.0,-167
79.0,91.0,-110
79.0,93.0,-99
79.0,95.0,-27
79.0,97.0,24
79.0,99.0,786
79.0,101.0,-10
79.0,103.0,66
79.0,105.0,-57
79.0,107.0,-256
79.0,109.0,-376
79.0,111.0,-1177
79.0,113.0,-2071
79.0,115.0,-2202
79.0,117.0,-2509
79.0,119.0,-2782
79.0,121.0,-2994
79.0,123.0,-3022
79.0,125.0,-3185
79.0,127.0,-2999
79.0,129.0,-2958
79.0,131.0,-2821
79.0,133.0,-2929
79.0,135.0,-2565
79.0,137.0,-1720
79.0,139.0,-194
79.0,141.0,-103
79.0,143.0,-116
79.0,145.0,-88
79.0,147.0,-92
79.0,149.0,-95
79.0,151.0,-79
79.0,153.0,-100
79.0,155.0,-100
79.0,157.0,-142
79.0,159.0,-186
79.0,161.0,-255
79.0,163.0,-679
79.0,165.0,-1395
79.0,167.0,-1871
79.0,169.0,-2317
79.0,171.0,-2498
79.0,173.0,-2504
79.0,175.0,-2237
79.0,177.0,-1803
79.0,179.0,-1416
81.0,-179.0,-2226
81.0,-177.0,-1996
81.0,-175.0,-2755
81.0,-173.0,-3181
81.0,-171.0,-3313
81.0,-169.0,-3274
81.0,-167.0,-3246
81.0,-165.0,-3208
81.0,-163.0,-3042
81.0,-161.0,-3385
81.0,-159.0,-3404
81.0,-157.0,-3456
81.0,-155.0,-3802
81.0,-153.0,-3756
81.0,-151.0,-3739
81.0,-149.0,-3750
81.0,-147.0,-3756
81.0,-145.0,-3748
81.0,-143.0,-3736
81.0,-141.0,-3724
81.0,-139.0,-3714
81.0,-137.0,-3704
81.0,-135.0,-3680
81.0,-133.0,-3659
81.0,-131.0,-3618
81.0,-129.0,-3588
81.0,-127.0,-3501
81.0,-125.0,-3344
81.0,-123.0,-3222
81.0,-121.0,-3049
81.0,-119.0,-2803
81.0,-117.0,-2639
81.0,-115.0,-2438
81.0,-113.0,-2060
81.0,-111.0,-1729
81.0,-109.0,-1072
81.0,-107.0,-661
81.0,-105.0,-580
81.0,-103.0,-374
81.0,-101.0,-442
81.0,-99.0,-326
81.0,-97.0,-219
81.0,-95.0,46
81.0,-93.0,241
81.0,-91.0,-740
81.0,-89.0,-405
81.0,-87.0,-4
81.0,-85.0,373
81.0,-83.0,921
81.0,-81.0,1217
81.0,-79.0,-108
81.0,-77.0,282
81.0,-75.0,241
81.0,-73.0,1227
81.0,-71.0,1165
81.0,-69.0,946
81.0,-67.0,349
81.0,-65.0,-181
81.0,-63.0,1060
81.0,-61.0,23
81.0,-59.0,1305
81.0,-57.0,1353
81.0,-55.0,1218
81.0,-53.0,1183
81.0,-51.0,1131
81.0,-49.0,1016
81.0,-47.0,1406
81.0,-45.0,1594
81.0,-43.0,1710
81.0,-41.0,1913
81.0,-39.0,1862
81.0,-37.0,1729
81.0,-35.0,1548
81.0,-33.0,1316
81.0,-31.0,1250
81.0,-29.0,1058
81.0,-27.0,294
81.0,-25.0,617
81.0,-23.0,562
81.0,-21.0,719
81.0,-19.0,198
81.0,-17.0,805
81.0,-15.0,163
81.0,-13.0,-27
81.0,-11.0,-67
81.0,-9.0,-96
81.0,-7.0,-1484
81.0,-5.0,-2864
81.0,-3.0,-3613
81.0,-1.0,-3196
81.0,1.0,-2013
81.0,3.0,-888
81.0,5.0,-663
81.0,7.0,-866
81.0,9.0,-872
81.0,11.0,-1940
81.0,13.0,-2012
81.0,15.0,-1800
81.0,17.0,-800
81.0,19.0,-166
81.0,21.0,-105
81.0,23.0,-174
81.0,25.0,-154
81.0,27.0,-262
81.0,29.0,-401
81.0,31.0,-128
81.0,33.0,-183
81.0,35.0,-185
81.0,37.0,-90
81.0,39.0,-161
81.0,41.0,-492
81.0,43.0,-467
81.0,45.0,-159
81.0,47.0,-99
81.0,49.0,-161
81.0,51.0,-383
81.0,53.0,-118
81.0,55.0,139
81.0,57.0,89
81.0,59.0,-38
81.0,61.0,371
81.0,63.0,-30
81.0,65.0,169
81.0,67.0,-503
81.0,69.0,-557
81.0,71.0,-581
81.0,73.0,-500
81.0,75.0,-128
81.0,77.0,-21
81.0,79.0,-100
81.0,81.0,-115
81.0,83.0,-292
81.0,85.0,-341
81.0,87.0,-344
81.0,89.0,-138
81.0,91.0,-42
81.0,93.0,-44
81.0,95.0,40
81.0,97.0,-34
81.0,99.0,-132
81.0,101.0,-252
81.0,103.0,-1352
81.0,105.0,-2234
81.0,107.0,-3135
81.0,109.0,-3200
81.0,111.0,-3199
81.0,113.0,-3195
81.0,115.0,-3183
81.0,117.0,-3187
81.0,119.0,-3200
81.0,121.0,-3613
81.0,123.0,-3617
81.0,125.0,-3805
81.0,127.0,-3828
81.0,129.0,-3838
81.0,131.0,-3825
81.0,133.0,-3745
81.0,135.0,-3378
81.0,137.0,-2573
81.0,139.0,-1634
81.0,141.0,-1688
81.0,143.0,-1442
81.0,145.0,-2005
81.0,147.0,-2208
81.0,149.0,-2422
81.0,151.0,-2508
81.0,153.0,-2511
81.0,155.0,-2663
81.0,157.0,-2693
81.0,159.0,-2982
81.0,161.0,-2813
81.0,163.0,-2797
81.0,165.0,-2795
81.0,167.0,-2787
81.0,169.0,-2781
81.0,171.0,-2744
81.0,173.0,-2666
81.0,175.0,-2601
81.0,177.0,-2192
81.0,179.0,-1800
83.0,-179.0,-2628
83.0,-177.0,-2125
83.0,-175.0,-2608
83.0,-173.0,-3182
83.0,-171.0,-3029
83.0,-169.0,-3250
83.0,-167.0,-3167
83.0,-165.0,-3801
83.0,-163.0,-3574
83.0,-161.0,-3752
83.0,-159.0,-2971
83.0,-157.0,-3543
83.0,-155.0,-3282
83.0,-153.0,-3194
83.0,-151.0,-3195
83.0,-149.0,-2731
83.0,-147.0,-2664
83.0,-145.0,-2768
83.0,-143.0,-2825
83.0,-141.0,-2997
83.0,-139.0,-3081
83.0,-137.0,-3075
83.0,-135.0,-3223
83.0,-133.0,-3458
83.0,-131.0,-3479
83.0,-129.0,-3484
83.0,-127.0,-3425
83.0,-125.0,-2304
83.0,-123.0,-3310
83.0,-121.0,-3287
83.0,-119.0,-3238
83.0,-117.0,-3213
83.0,-115.0,-3209
83.0,-113.0,-3020
83.0,-111.0,-3031
83.0,-109.0,-2904
83.0,-107.0,-2791
83.0,-105.0,-2756
83.0,-103.0,-2544
83.0,-101.0,-2428
83.0,-99.0,-2024
83.0,-97.0,-1939
83.0,-95.0,-1667
83.0,-93.0,-1457
83.0,-91.0,-1364
83.0,-89.0,-718
83.0,-87.0,-318
83.0,-85.0,-308
83.0,-83.0,-329
83.0,-81.0,-178
83.0,-79.0,-194
83.0,-77.0,153
83.0,-75.0,33
83.0,-73.0,306
83.0,-71.0,284
83.0,-69.0,1
83.0,-67.0,-187
83.0,-65.0,-250
83.0,-63.0,-76
83.0,-61.0,-119
83.0,-59.0,-137
83.0,-57.0,-162
83.0,-55.0,-331
83.0,-53.0,-392
83.0,-51.0,-449
83.0,-49.0,-233
83.0,-47.0,70
83.0,-45.0,531
83.0,-43.0,369
83.0,-41.0,371
83.0,-39.0,136
83.0,-37.0,762
83.0,-35.0,525
83.0,-33.0,31
83.0,-31.0,1101
83.0,-29.0,762
83.0,-27.0,553
83.0,-25.0,482
83.0,-23.0,-100
83.0,-21.0,-175
83.0,-19.0,-150
83.0,-17.0,-226
83.0,-15.0,-2552
83.0,-13.0,-3205
83.0,-11.0,-3236
83.0,-9.0,-3302
83.0,-7.0,-3438
83.0,-5.0,-1730
83.0,-3.0,-4064
83.0,-1.0,-4332
83.0,1.0,-3712
83.0,3.0,-3864
83.0,5.0,-4002
83.0,7.0,-4000
83.0,9.0,-3998
83.0,11.0,-3723
83.0,13.0,-2771
83.0,15.0,-3240
83.0,17.0,-3303
83.0,19.0,-4000
83.0,21.0,-4000
83.0,23.0,-4000
83.0,25.0,-4000
83.0,27.0,-3983
83.0,29.0,-3875
83.0,31.0,-3813
83.0,33.0,-3641
83.0,35.0,-3511
83.0,37.0,-3406
83.0,39.0,-3398
83.0,41.0,-3316
83.0,43.0,-3340
83.0,45.0,-3132
83.0,47.0,-2835
83.0,49.0,-2656
83.0,51.0,-2791
83.0,53.0,-2232
83.0,55.0,-1769
83.0,57.0,-1209
83.0,59.0,-1295
83.0,61.0,-2017
83.0,63.0,-2691
83.0,65.0,-2440
83.0,67.0,-2179
83.0,69.0,-1959
83.0,71.0,-2028
83.0,73.0,-2229
83.0,75.0,-2417
83.0,77.0,-2382
83.0,79.0,-2635
83.0,81.0,-2787
83.0,83.0,-2800
83.0,85.0,-2804
83.0,87.0,-2796
83.0,89.0,-3027
83.0,91.0,-3188
83.0,93.0,-3217
83.0,95.0,-3200
83.0,97.0,-3200
83.0,99.0,-3200
83.0,101.0,-3202
83.0,103.0,-3306
83.0,105.0,-3541
83.0,107.0,-3600
83.0,109.0,-3600
83.0,111.0,-3551
83.0,113.0,-3563
83.0,115.0,-3608
83.0,117.0,-4220
83.0,119.0,-3695
83.0,121.0,-3821
83.0,123.0,-3924
83.0,125.0,-4198
83.0,127.0,-4123
83.0,129.0,-4149
83.0,131.0,-4106
83.0,133.0,-4061
83.0,135.0,-4013
83.0,137.0,-3894
83.0,139.0,-3431
83.0,141.0,-2152
83.0,143.0,-1513
83.0,145.0,-1983
83.0,147.0,-2219
83.0,149.0,-2409
83.0,151.0,-2626
83.0,153.0,-2632
83.0,155.0,-2647
83.0,157.0,-1786
83.0,159.0,-2284
83.0,161.0,-2654
83.0,163.0,-2777
83.0,165.0,-2861
83.0,167.0,-2872
83.0,169.0,-2767
83.0,171.0,-2637
83.0,173.0,-2924
83.0,175.0,-2375
83.0,177.0,-2287
83.0,179.0,-2698
85.0,-179.0,-2049
85.0,-177.0,-1766
85.0,-175.0,-1780
85.0,-173.0,-1757
85.0,-171.0,-1628
85.0,-169.0,-1617
85.0,-167.0,-1766
85.0,-165.0,-1863
85.0,-163.0,-2094
85.0,-161.0,-2131
85.0,-159.0,-2072
85.0,-157.0,-1711
85.0,-155.0,-1924
85.0,-153.0,-2255
85.0,-151.0,-2266
85.0,-149.0,-2169
85.0,-147.0,-2109
85.0,-145.0,-1967
85.0,-143.0,-2056
85.0,-141.0,-2123
85.0,-139.0,-1969
85.0,-137.0,-1926
85.0,-135.0,-1923
85.0,-133.0,-1815
85.0,-131.0,-1922
85.0,-129.0,-2321
85.0,-127.0,-1976
85.0,-125.0,-2011
85.0,-123.0,-1734
85.0,-121.0,-1797
85.0,-119.0,-1761
85.0,-117.0,-1577
85.0,-115.0,-1483
85.0,-113.0,-1468
85.0,-111.0,-1528
85.0,-109.0,-1342
85.0,-107.0,-1201
85.0,-105.0,-1393
85.0,-103.0,-1418
85.0,-101.0,-1888
85.0,-99.0,-1927
85.0,-97.0,-1681
85.0,-95.0,-2053
85.0,-93.0,-1800
85.0,-91.0,-1814
85.0,-89.0,-1913
85.0,-87.0,-2081
85.0,-85.0,-2070
85.0,-83.0,-1947
85.0,-81.0,-1674
85.0,-79.0,-1213
85.0,-77.0,-1204
85.0,-75.0,-1046
85.0,-73.0,-875
85.0,-71.0,-568
85.0,-69.0,-500
85.0,-67.0,-532
85.0,-65.0,-547
85.0,-63.0,-565
85.0,-61.0,-583
85.0,-59.0,-688
85.0,-57.0,-929
85.0,-55.0,-1157
85.0,-53.0,-1871
85.0,-51.0,-2810
85.0,-49.0,-2785
85.0,-47.0,-2725
85.0,-45.0,-2729
85.0,-43.0,-2648
85.0,-41.0,-2455
85.0,-39.0,-2354
85.0,-37.0,-2202
85.0,-35.0,-1730
85.0,-33.0,-1435
85.0,-31.0,-1401
85.0,-29.0,-1400
85.0,-27.0,-1200
85.0,-25.0,-1615
85.0,-23.0,-1607
85.0,-21.0,-1020
85.0,-19.0,-849
85.0,-17.0,-1303
85.0,-15.0,-3688
85.0,-13.0,-3935
85.0,-11.0,-3787
85.0,-9.0,-3895
85.0,-7.0,-3893
85.0,-5.0,-3945
85.0,-3.0,-3862
85.0,-1.0,-3472
85.0,1.0,-3396
85.0,3.0,-2974
85.0,5.0,-3600
85.0,7.0,-3425
85.0,9.0,-4475
85.0,11.0,-3632
85.0,13.0,-3076
85.0,15.0,-3030
85.0,17.0,-3833
85.0,19.0,-4047
85.0,21.0,-3915
85.0,23.0,-3946
85.0,25.0,-3586
85.0,27.0,-3724
85.0,29.0,-3934
85.0,31.0,-3801
85.0,33.0,-3609
85.0,35.0,-3864
85.0,37.0,-3810
85.0,39.0,-3881
85.0,41.0,-3945
85.0,43.0,-3964
85.0,45.0,-3903
85.0,47.0,-3902
85.0,49.0,-3893
85.0,51.0,-3872
85.0,53.0,-3883
85.0,55.0,-3854
85.0,57.0,-3837
85.0,59.0,-3822
85.0,61.0,-3812
85.0,63.0,-3805
85.0,65.0,-3803
85.0,67.0,-3801
85.0,69.0,-3764
85.0,71.0,-3738
85.0,73.0,-3716
85.0,75.0,-3709
85.0,77.0,-3710
85.0,79.0,-3709
85.0,81.0,-3703
85.0,83.0,-3705
85.0,85.0,-3686
85.0,87.0,-3629
85.0,89.0,-3601
85.0,91.0,-3674
85.0,93.0,-3777
85.0,95.0,-3928
85.0,97.0,-4113
85.0,99.0,-4071
85.0,101.0,-4000
85.0,103.0,-3757
85.0,105.0,-3770
85.0,107.0,-3753
85.0,109.0,-3632
85.0,111.0,-4150
85.0,113.0,-4164
85.0,115.0,-4336
85.0,117.0,-4119
85.0,119.0,-4351
85.0,121.0,-4285
85.0,123.0,-4282
85.0,125.0,-4275
85.0,127.0,-4259
85.0,129.0,-4248
85.0,131.0,-4230
85.0,133.0,-4214
85.0,135.0,-4180
85.0,137.0,-4049
85.0,139.0,-3864
85.0,141.0,-3413
85.0,143.0,-3192
85.0,145.0,-2583
85.0,147.0,-1364
85.0,149.0,-1361
85.0,151.0,-1012
85.0,153.0,-1121
85.0,155.0,-2407
85.0,157.0,-2342
85.0,159.0,-3473
85.0,161.0,-3532
85.0,163.0,-3509
85.0,165.0,-3459
85.0,167.0,-3399
85.0,169.0,-3269
85.0,171.0,-3190
85.0,173.0,-3007
85.0,175.0,-2816
85.0,177.0,-2387
85.0,179.0,-2212
87.0,-179.0,-3914
87.0,-177.0,-3896
87.0,-175.0,-3868
87.0,-173.0,-3806
87.0,-171.0,-3832
87.0,-169.0,-3885
87.0,-167.0,-3857
87.0,-165.0,-3870
87.0,-163.0,-3888
87.0,-161.0,-3881
87.0,-159.0,-3841
87.0,-157.0,-3571
87.0,-155.0,-3293
87.0,-153.0,-3209
87.0,-151.0,-3275
87.0,-149.0,-3282
87.0,-147.0,-3253
87.0,-145.0,-3252
87.0,-143.0,-3133
87.0,-141.0,-2338
87.0,-139.0,-2362
87.0,-137.0,-2496
87.0,-135.0,-2506
87.0,-133.0,-2509
87.0,-131.0,-2439
87.0,-129.0,-2441
87.0,-127.0,-2444
87.0,-125.0,-2438
87.0,-123.0,-2601
87.0,-121.0,-2627
87.0,-119.0,-2595
87.0,-117.0,-2449
87.0,-115.0,-2358
87.0,-113.0,-2255
87.0,-111.0,-2216
87.0,-109.0,-2514
87.0,-107.0,-2614
87.0,-105.0,-2654
87.0,-103.0,-2589
87.0,-101.0,-2330
87.0,-99.0,-2107
87.0,-97.0,-2207
87.0,-95.0,-2287
87.0,-93.0,-2467
87.0,-91.0,-2497
87.0,-89.0,-2574
87.0,-87.0,-2637
87.0,-85.0,-2678
87.0,-83.0,-2698
87.0,-81.0,-2659
87.0,-79.0,-2639
87.0,-77.0,-2785
87.0,-75.0,-2634
87.0,-73.0,-2383
87.0,-71.0,-2499
87.0,-69.0,-2417
87.0,-67.0,-2389
87.0,-65.0,-1873
87.0,-63.0,-1251
87.0,-61.0,-1197
87.0,-59.0,-1179
87.0,-57.0,-1199
87.0,-55.0,-1288
87.0,-53.0,-1262
87.0,-51.0,-1247
87.0,-49.0,-2184
87.0,-47.0,-2590
87.0,-45.0,-3403
87.0,-43.0,-3661
87.0,-41.0,-3655
87.0,-39.0,-3609
87.0,-37.0,-3638
87.0,-35.0,-3781
87.0,-33.0,-3883
87.0,-31.0,-4026
87.0,-29.0,-4082
87.0,-27.0,-4151
87.0,-25.0,-4186
87.0,-23.0,-4217
87.0,-21.0,-4221
87.0,-19.0,-4213
87.0,-17.0,-4224
87.0,-15.0,-4243
87.0,-13.0,-4258
87.0,-11.0,-4265
87.0,-9.0,-4263
87.0,-7.0,-4254
87.0,-5.0,-4239
87.0,-3.0,-4230
87.0,-1.0,-4217
87.0,1.0,-4200
87.0,3.0,-4227
87.0,5.0,-4224
87.0,7.0,-4261
87.0,9.0,-4309
87.0,11.0,-4322
87.0,13.0,-4301
87.0,15.0,-4324
87.0,17.0,-3909
87.0,19.0,-4250
87.0,21.0,-4279
87.0,23.0,-4290
87.0,25.0,-4202
87.0,27.0,-4200
87.0,29.0,-3990
87.0,31.0,-3877
87.0,33.0,-3843
87.0,35.0,-3981
87.0,37.0,-3716
87.0,39.0,-3695
87.0,41.0,-3514
87.0,43.0,-3022
87.0,45.0,-3398
87.0,47.0,-3598
87.0,49.0,-3746
87.0,51.0,-3761
87.0,53.0,-4099
87.0,55.0,-3863
87.0,57.0,-4557
87.0,59.0,-4683
87.0,61.0,-4172
87.0,63.0,-4118
87.0,65.0,-3798
87.0,67.0,-3637
87.0,69.0,-3477
87.0,71.0,-3838
87.0,73.0,-3687
87.0,75.0,-3379
87.0,77.0,-4365
87.0,79.0,-4230
87.0,81.0,-4309
87.0,83.0,-4355
87.0,85.0,-4315
87.0,87.0,-4356
87.0,89.0,-4349
87.0,91.0,-4316
87.0,93.0,-4293
87.0,95.0,-4296
87.0,97.0,-4300
87.0,99.0,-4320
87.0,101.0,-4313
87.0,103.0,-4309
87.0,105.0,-4305
87.0,107.0,-4310
87.0,109.0,-4318
87.0,111.0,-4319
87.0,113.0,-4312
87.0,115.0,-4305
87.0,117.0,-4303
87.0,119.0,-4295
87.0,121.0,-4279
87.0,123.0,-4269
87.0,125.0,-4216
87.0,127.0,-4206
87.0,129.0,-3840
87.0,131.0,-3314
87.0,133.0,-3067
87.0,135.0,-2389
87.0,137.0,-2437
87.0,139.0,-2388
87.0,141.0,-2245
87.0,143.0,-1986
87.0,145.0,-1064
87.0,147.0,-976
87.0,149.0,-1036
87.0,151.0,-1165
87.0,153.0,-1258
87.0,155.0,-2001
87.0,157.0,-3057
87.0,159.0,-3889
87.0,161.0,-3927
87.0,163.0,-3939
87.0,165.0,-3929
87.0,167.0,-3921
87.0,169.0,-3920
87.0,171.0,-3919
87.0,173.0,-3917
87.0,175.0,-3911
87.0,177.0,-3902
87.0,179.0,-3894
89.0,-179.0,-2159
89.0,-177.0,-1967
89.0,-175.0,-1916
89.0,-173.0,-1779
89.0,-171.0,-1488
89.0,-169.0,-1416
89.0,-167.0,-1454
89.0,-165.0,-1557
89.0,-163.0,-1399
89.0,-161.0,-1388
89.0,-159.0,-1373
89.0,-157.0,-1350
89.0,-155.0,-1384
89.0,-153.0,-1548
89.0,-151.0,-1522
89.0,-149.0,-1697
89.0,-147.0,-1567
89.0,-145.0,-1660
89.0,-143.0,-1608
89.0,-141.0,-1877
89.0,-139.0,-1948
89.0,-137.0,-2089
89.0,-135.0,-1843
89.0,-133.0,-1794
89.0,-131.0,-1746
89.0,-129.0,-1594
89.0,-127.0,-1959
89.0,-125.0,-2150
89.0,-123.0,-2232
89.0,-121.0,-1799
89.0,-119.0,-1548
89.0,-117.0,-1363
89.0,-115.0,-1213
89.0,-113.0,-1265
89.0,-111.0,-1286
89.0,-109.0,-1136
89.0,-107.0,-1150
89.0,-105.0,-1158
89.0,-103.0,-1204
89.0,-101.0,-1204
89.0,-99.0,-1186
89.0,-97.0,-1174
89.0,-95.0,-1174
89.0,-93.0,-1175
89.0,-91.0,-1203
89.0,-89.0,-1238
89.0,-87.0,-1253
89.0,-85.0,-1301
89.0,-83.0,-1358
89.0,-81.0,-1404
89.0,-79.0,-1423
89.0,-77.0,-1423
89.0,-75.0,-1409
89.0,-73.0,-1414
89.0,-71.0,-1899
89.0,-69.0,-2564
89.0,-67.0,-2695
89.0,-65.0,-2762
89.0,-63.0,-2910
89.0,-61.0,-3021
89.0,-59.0,-3048
89.0,-57.0,-3188
89.0,-55.0,-3301
89.0,-53.0,-3675
89.0,-51.0,-4124
89.0,-49.0,-4132
89.0,-47.0,-4030
89.0,-45.0,-3997
89.0,-43.0,-4014
89.0,-41.0,-4052
89.0,-39.0,-4067
89.0,-37.0,-4077
89.0,-35.0,-4105
89.0,-33.0,-4147
89.0,-31.0,-4167
89.0,-29.0,-4189
89.0,-27.0,-4200
89.0,-25.0,-4205
89.0,-23.0,-4210
89.0,-21.0,-4215
89.0,-19.0,-4220
89.0,-17.0,-4224
89.0,-15.0,-4228
89.0,-13.0,-4232
89.0,-11.0,-4236
89.0,-9.0,-4240
89.0,-7.0,-4243
89.0,-5.0,-4246
89.0,-3.0,-4248
89.0,-1.0,-4250
89.0,1.0,-4250
89.0,3.0,-4250
89.0,5.0,-4265
89.0,7.0,-4276
89.0,9.0,-4276
89.0,11.0,-4275
89.0,13.0,-4275
89.0,15.0,-4274
89.0,17.0,-4273
89.0,19.0,-4273
89.0,21.0,-4273
89.0,23.0,-4275
89.0,25.0,-4277
89.0,27.0,-4279
89.0,29.0,-4284
89.0,31.0,-4284
89.0,33.0,-4281
89.0,35.0,-4277
89.0,37.0,-4271
89.0,39.0,-4265
89.0,41.0,-4258
89.0,43.0,-4249
89.0,45.0,-4239
89.0,47.0,-4227
89.0,49.0,-4217
89.0,51.0,-4224
89.0,53.0,-4241
89.0,55.0,-4257
89.0,57.0,-4269
89.0,59.0,-4279
89.0,61.0,-4288
89.0,63.0,-4295
89.0,65.0,-4291
89.0,67.0,-4286
89.0,69.0,-4286
89.0,71.0,-4300
89.0,73.0,-4333
89.0,75.0,-4353
89.0,77.0,-4355
89.0,79.0,-4359
89.0,81.0,-4300
89.0,83.0,-4285
89.0,85.0,-4284
89.0,87.0,-4282
89.0,89.0,-4279
89.0,91.0,-4274
89.0,93.0,-4268
89.0,95.0,-4261
89.0,97.0,-4253
89.0,99.0,-4244
89.0,101.0,-4234
89.0,103.0,-4224
89.0,105.0,-4222
89.0,107.0,-4241
89.0,109.0,-4248
89.0,111.0,-4249
89.0,113.0,-4255
89.0,115.0,-4262
89.0,117.0,-4270
89.0,119.0,-4277
89.0,121.0,-4279
89.0,123.0,-4273
89.0,125.0,-4278
89.0,127.0,-4325
89.0,129.0,-4329
89.0,131.0,-4319
89.0,133.0,-4201
89.0,135.0,-3991
89.0,137.0,-3875
89.0,139.0,-3662
89.0,141.0,-3213
89.0,143.0,-2593
89.0,145.0,-2057
89.0,147.0,-1654
89.0,149.0,-1820
89.0,151.0,-1944
89.0,153.0,-1974
89.0,155.0,-2029
89.0,157.0,-1948
89.0,159.0,-1996
89.0,161.0,-2047
89.0,163.0,-2401
89.0,165.0,-2625
89.0,167.0,-2605
89.0,169.0,-2633
89.0,171.0,-2657
89.0,173.0,-2651
89.0,175.0,-2591
89.0,177.0,-2507
89.0,179.0,-2384
